rank	name	aps	jar_url
6	voidious.Diamond 1.8.22	90.25	http://robocode-archive.strangeautomata.com/robots/voidious.Diamond_1.8.22.jar
11	xander.cat.XanderCat 12.9	87.75	http://robocode-archive.strangeautomata.com/robots/xander.cat.XanderCat_12.9.jar
12	aw.Gilgalad 1.99.5c	87.69	http://robocode-archive.strangeautomata.com/robots/aw.Gilgalad_1.99.5c.jar
14	kc.serpent.WaveSerpent 2.11	86.77	http://robocode-archive.strangeautomata.com/robots/kc.serpent.WaveSerpent_2.11.jar
17	cs.Nene 1.0.5	86.66	http://robocode-archive.strangeautomata.com/robots/cs.Nene_1.0.5.jar
19	voidious.Dookious 1.573c	86.42	http://robocode-archive.strangeautomata.com/robots/voidious.Dookious_1.573c.jar
21	rsalesc.roborio.Roborio 1.2.4	85.44	http://robocode-archive.strangeautomata.com/robots/rsalesc.roborio.Roborio_1.2.4.jar
24	abc.Shadow 3.83c	84.76	http://robocode-archive.strangeautomata.com/robots/abc.Shadow_3.83c.jar
25	darkcanuck.Pris 0.92	84.72	http://robocode-archive.strangeautomata.com/robots/darkcanuck.Pris_0.92.jar
27	kc.serpent.Hydra 0.21	84.71	http://robocode-archive.strangeautomata.com/robots/kc.serpent.Hydra_0.21.jar
30	pulsar.PulsarMax 0.8.9	84.23	http://robocode-archive.strangeautomata.com/robots/pulsar.PulsarMax_0.8.9.jar
31	zyx.mega.YersiniaPestis 3.0	84.12	http://robocode-archive.strangeautomata.com/robots/zyx.mega.YersiniaPestis_3.0.jar
32	ags.Midboss 1q.fast	83.82	http://robocode-archive.strangeautomata.com/robots/ags.Midboss_1q.fast.jar
34	pez.rumble.CassiusClay 2rho.02no	83.64	http://robocode-archive.strangeautomata.com/robots/pez.rumble.CassiusClay_2rho.02no.jar
35	Krabb.sliNk.Garm 0.9u	83.61	http://robocode-archive.strangeautomata.com/robots/Krabb.sliNk.Garm_0.9u.jar
37	axeBots.SilverSurfer 2.53.33fix	83.33	http://robocode-archive.strangeautomata.com/robots/axeBots.SilverSurfer_2.53.33fix.jar
38	cs.s2.Seraphim 2.3.1	83.22	http://robocode-archive.strangeautomata.com/robots/cs.s2.Seraphim_2.3.1.jar
42	florent.test.Toad 0.14t	82.92	http://robocode-archive.strangeautomata.com/robots/florent.test.Toad_0.14t.jar
44	ar.horizon.Horizon 1.2.2	82.88	http://robocode-archive.strangeautomata.com/robots/ar.horizon.Horizon_1.2.2.jar
45	wcsv.PowerHouse.PowerHouse 1.7e3	82.79	http://robocode-archive.strangeautomata.com/robots/wcsv.PowerHouse.PowerHouse_1.7e3.jar
47	pez.rumble.Ali 0.4.9	82.54	http://robocode-archive.strangeautomata.com/robots/pez.rumble.Ali_0.4.9.jar
50	ags.rougedc.RougeDC willow	82.46	http://robocode-archive.strangeautomata.com/robots/ags.rougedc.RougeDC_willow.jar
1	kc.mega.BeepBoop 2.0	95.06	https://robocode-archive.strangeautomata.com/robots/kc.mega.BeepBoop_2.0.jar
2	jd.Nullstride 2.3.0	93.2	
3	jk.mega.DrussGT 3.1.16	92.62	https://robocode-archive.strangeautomata.com/robots/jk.mega.DrussGT_3.1.16.jar
4	oog.mega.saguaro.Saguaro 1.0	91.93	https://robocode-archive.strangeautomata.com/robots/oog.mega.saguaro.Saguaro_1.0.jar
5	aaa.r.ScalarR 0.005h.053-noshield	91.27	https://robocode-archive.strangeautomata.com/robots/aaa.r.ScalarR_0.005h.053-noshield.jar
7	cb.fire.Firestarter 2.0f	88.18	https://robocode-archive.strangeautomata.com/robots/cb.fire.Firestarter_2.0f.jar
8	lxx.Tomcat 3.68	87.8	https://robocode-archive.strangeautomata.com/robots/lxx.Tomcat_3.68.jar
9	rsalesc.mega.Knight 0.6.28	87.79	https://robocode-archive.strangeautomata.com/robots/rsalesc.mega.Knight_0.6.28.jar
10	dsekercioglu.mega.Raven 3.56j8	87.78	https://robocode-archive.strangeautomata.com/robots/dsekercioglu.mega.Raven_3.56j8.jar
13	pc.Wavelet 1.5	87.06	https://robocode-archive.strangeautomata.com/robots/pc.Wavelet_1.5.jar
15	gh.GresSuffurd 0.4.13	86.74	https://robocode-archive.strangeautomata.com/robots/gh.GresSuffurd_0.4.13.jar
16	dsekercioglu.mega.WhiteFang 2.8.1	86.74	https://robocode-archive.strangeautomata.com/robots/dsekercioglu.mega.WhiteFang_2.8.1.jar
18	jk.melee.Neuromancer 7.12	86.62	https://robocode-archive.strangeautomata.com/robots/jk.melee.Neuromancer_7.12.jar
20	davidalves.Phoenix 1.02	85.85	https://robocode-archive.strangeautomata.com/robots/davidalves.Phoenix_1.02.jar
22	cb.Domogled 1.2	85.18	https://robocode-archive.strangeautomata.com/robots/cb.Domogled_1.2.jar
23	mue.Ascendant 1.2.27	84.97	https://robocode-archive.strangeautomata.com/robots/mue.Ascendant_1.2.27.jar
26	fromHell.BlackBox 0.0.2	84.71	https://robocode-archive.strangeautomata.com/robots/fromHell.BlackBox_0.0.2.jar
28	jk.precise.Wintermute 0.8	84.6	https://robocode-archive.strangeautomata.com/robots/jk.precise.Wintermute_0.8.jar
29	davidalves.Firebird 0.25	84.3	https://robocode-archive.strangeautomata.com/robots/davidalves.Firebird_0.25.jar
33	zen.Mirage 0.9.5	83.76	https://robocode-archive.strangeautomata.com/robots/zen.Mirage_0.9.5.jar
36	mn.Combat 3.25.0	83.33	https://robocode-archive.strangeautomata.com/robots/mn.Combat_3.25.0.jar
39	fromHell.CHCl3 1.4.2	83.11	https://robocode-archive.strangeautomata.com/robots/fromHell.CHCl3_1.4.2.jar
40	jk.mini.CunobelinDC 1.2	83.07	https://robocode-archive.strangeautomata.com/robots/jk.mini.CunobelinDC_1.2.jar
41	sheldor.mini.Foilist 1.3.1	82.96	https://robocode-archive.strangeautomata.com/robots/sheldor.mini.Foilist_1.3.1.jar
43	cjm.chalk.Chalk 2.6.Be	82.89	https://robocode-archive.strangeautomata.com/robots/cjm.chalk.Chalk_2.6.Be.jar
46	sheldor.mini.FoilistMC 1.0	82.75	https://robocode-archive.strangeautomata.com/robots/sheldor.mini.FoilistMC_1.0.jar
48	dft.Cardigan 1.09	82.53	https://robocode-archive.strangeautomata.com/robots/dft.Cardigan_1.09.jar
49	florent.XSeries.X2 0.17	82.48	https://robocode-archive.strangeautomata.com/robots/florent.XSeries.X2_0.17.jar
