,Flag,Name,,APS,APS CI,NPP,Survival,KNNPBI,Battles,Latest Battle,Opponent APS,Opponent Survival
1,,AD.CodaFirst 1.1,compare,98.33,±7.84,98.33,97.14,0.06,1,2026-09-28 07:58:49,23.60,17.19
2,,AIR.iRobot 1.0,compare,77.71,±7.84,79.16,88.57,3.35,1,2026-09-28 07:40:05,65.32,66.59
3,,CharlieN.Omega.Omega 1.03,compare,69.80,±7.84,72.77,68.57,-7.73,1,2026-09-28 13:21:10,57.27,57.33
4,,DM.Chicken 4.0,compare,98.03,±7.84,98.17,97.14,0.85,1,2026-09-28 06:53:04,35.42,33.14
5,,DM.mega.Bezier 1.618fprrr,compare,97.99,±7.84,99.37,97.14,43.54,1,2026-09-28 10:29:46,78.27,86.68
6,,DM.mega.Regicide 2.0rrr,compare,71.25,±7.84,85.13,91.43,25.49,1,2026-09-28 04:33:12,80.53,88.48
7,,EH.mini.Panther 0.2,compare,84.52,±7.84,84.54,68.57,-9.55,1,2026-09-28 10:14:39,52.55,60.67
8,,EH.nano.NightBird M,compare,86.23,±7.84,86.50,80.00,-8.48,1,2026-09-28 10:17:16,38.03,31.96
9,,Ex.Survival 3.7,compare,97.18,±7.84,97.67,100.00,3.86,1,2026-09-28 05:53:31,43.77,38.71
10,,FatalFlaw.FatalFlaw 1.0.5,compare,83.31,±7.84,86.17,77.14,-10.23,1,2026-09-28 13:03:04,25.48,18.19
11,,Fenix.FenixTrack 1.0,compare,79.18,±7.84,79.40,65.71,-16.98,1,2026-09-28 13:03:39,32.87,20.09
12,,GarmBox.Oranges 1.0.1,compare,92.85,±7.84,93.93,100.00,5.27,1,2026-09-28 05:22:50,44.35,37.21
13,,Grystrion.RandomTrackerNOREV 1.0,compare,94.25,±7.84,97.16,97.14,2.61,1,2026-09-28 04:35:08,31.71,22.82
14,,Grystrion.TrackerWO 1.0,compare,89.75,±7.84,92.37,97.14,-2.91,1,2026-09-28 06:39:51,30.52,21.21
15,,ICS4U1.Patrick_White_Schrodinger 1.1,compare,79.36,±7.84,79.86,71.43,-13.92,1,2026-09-28 09:53:45,36.74,32.88
16,,KiraNL.Chupacabra 0.5,compare,75.84,±7.84,75.88,88.57,6.57,1,2026-09-28 07:00:37,64.41,67.83
17,,KiraNL.SpaceKees 0.1,compare,74.65,±7.84,80.54,65.71,-9.49,1,2026-09-28 13:50:25,48.06,47.91
18,,Krabb.sliNk.Garm 0.9u,compare,63.08,±7.84,77.21,80.00,19.56,1,2026-09-28 06:47:22,83.61,89.85
19,,Legend.BoulderZY 1.4.9,compare,82.03,±7.84,82.45,74.29,-11.08,1,2026-09-28 11:05:59,44.78,44.71
20,,Legend.Qetro 1.6,compare,95.60,±7.84,95.72,94.29,-1.21,1,2026-09-28 07:40:16,42.40,35.68
21,,Legend.X_FireFly 1.3,compare,92.93,±7.84,94.52,100.00,3.37,1,2026-09-28 04:03:06,51.08,51.74
22,,Lo_Ian.Gandalf_V4 4.0,compare,99.13,±7.84,99.27,100.00,1.94,1,2026-09-28 05:36:45,38.92,35.45
23,,NDH.GuessFactor 1.0,compare,87.89,±7.84,94.78,100.00,7.17,1,2026-09-28 04:45:16,42.00,29.76
24,,NG.LegatusLegionis 1.2,compare,81.84,±7.84,83.08,71.43,-12.86,1,2026-09-28 11:41:09,35.25,27.44
25,,Noran.RandomTargeting 0.02,compare,91.70,±7.84,91.71,82.86,-7.65,1,2026-09-28 09:05:32,28.58,34.17
26,,PSW.Relentless 0.1,compare,98.96,±7.84,99.07,100.00,3.78,1,2026-09-28 07:31:36,25.97,13.96
27,,Queens_teamrobot.UltraRazor 1.0,compare,95.03,±7.84,95.11,94.29,-3.74,1,2026-09-28 06:44:17,28.10,30.05
28,,RobotMarco.MarcoV 0.1,compare,84.23,±7.84,84.23,65.71,-15.44,1,2026-09-28 13:55:24,11.38,7.14
29,,TCMI.nano.Copper 0.2,compare,79.91,±7.84,80.24,68.57,-15.27,1,2026-09-28 10:01:24,32.55,21.14
30,,TJ.Exupery 1.39,compare,69.97,±7.84,77.91,68.57,-2.72,1,2026-09-28 10:18:49,64.65,70.08
31,,WdV.Lesserbee 0.01,compare,95.11,±7.84,97.05,94.29,0.36,1,2026-09-28 07:32:16,19.81,11.50
32,,aaa.r.ScalarR 0.005h.053-noshield,compare,27.36,±7.84,49.33,14.29,2.99,1,2026-09-28 08:22:53,91.27,97.78
33,,abud.ThirdRobo 1.0,compare,83.92,±7.84,84.09,68.57,-13.96,1,2026-09-28 09:03:09,23.60,17.97
34,,acid.Bl4ck 1.0,compare,89.40,±7.84,90.23,85.71,-5.30,1,2026-09-28 13:08:47,36.89,29.79
35,,acid.Null 1.0,compare,80.98,±7.84,82.77,68.57,-12.81,1,2026-09-28 13:49:56,36.71,30.11
36,,adt.Ar2 1.0,compare,88.00,±7.84,89.22,97.14,-4.70,1,2026-09-28 03:59:31,32.66,22.21
37,,agrach.RobotSlayer 1.0,compare,97.87,±7.84,97.88,97.14,1.66,1,2026-09-28 05:46:39,44.41,41.45
38,,ags.Midboss 1q.fast,compare,71.61,±7.84,83.97,85.71,25.54,1,2026-09-28 07:02:50,83.82,89.98
39,,ahf.Acero 1.0,compare,76.61,±7.84,76.72,71.43,-18.71,1,2026-09-28 10:52:09,48.25,45.36
40,,ahr.ice.Ice 1.0,compare,88.81,±7.84,91.38,94.29,4.96,1,2026-09-28 08:01:02,52.77,49.97
41,,ajs.Solveit 1.3,compare,90.70,±7.84,95.39,100.00,4.37,1,2026-09-28 04:15:27,53.29,59.91
42,,alex.Diabolo5 1.1,compare,77.69,±7.84,79.11,71.43,-12.54,1,2026-09-28 10:04:28,47.53,43.97
43,,alpha.RainingFire 1.0,compare,73.33,±7.84,88.76,82.86,8.85,1,2026-09-28 07:15:08,69.01,74.37
44,,am.Miedzix 3.0,compare,88.47,±7.84,91.64,100.00,3.68,1,2026-09-28 04:30:12,44.60,36.78
45,,amc.ROBv203 1.0,compare,91.85,±7.84,92.14,85.71,-4.12,1,2026-09-28 08:28:31,40.35,34.50
46,,amc.ROBv300 1.1,compare,98.01,±7.84,98.23,100.00,0.30,1,2026-09-28 05:35:28,32.88,27.59
47,,amc.ROBv400 1.0,compare,85.15,±7.84,85.32,80.00,-11.91,1,2026-09-28 10:00:51,33.87,28.06
48,,amk.Punbot.Punbot 0.01,compare,95.20,±7.84,95.37,88.57,-3.41,1,2026-09-28 08:52:51,9.99,5.53
49,,amk.ShizzleStiX.ShizzleStiX 0.6,compare,76.80,±7.84,77.76,77.14,-13.00,1,2026-09-28 10:04:02,34.21,22.99
50,,amk.jointstrike.JointStrike 0.2,compare,94.38,±7.84,95.80,100.00,2.35,1,2026-09-28 06:46:04,31.71,21.34
51,,apc.Colossus2 0.12,compare,94.10,±7.84,95.07,100.00,2.81,1,2026-09-28 05:50:57,37.11,30.17
52,,apc.LeeroyJenkins2 1.0,compare,74.34,±7.84,83.18,85.71,-2.45,1,2026-09-28 04:16:55,54.82,55.18
53,,apollokidd.ApolloKidd 0.9,compare,97.78,±7.84,98.57,97.14,3.64,1,2026-09-28 06:41:06,39.67,35.82
54,,apv.AspidReloaded 0.6,compare,67.01,±5.95,67.04,68.57,-10.61,2,2026-09-28 13:17:49,62.58,60.80
55,,apv.NanoLauLectrik 1.0,compare,80.67,±7.84,82.62,94.29,6.38,1,2026-09-28 07:45:22,58.90,53.67
56,,apv.test.Virus 0.6.1,compare,61.05,±7.84,61.14,77.14,8.03,1,2026-09-28 05:27:24,79.75,84.27
57,,ar.horizon.Horizon 1.2.2,compare,67.70,±7.84,73.73,80.00,20.31,1,2026-09-28 07:48:55,82.88,88.76
58,,arthord.KostyaTszyu Beta2,compare,84.26,±7.84,84.44,100.00,11.86,1,2026-09-28 03:58:30,64.17,63.66
59,,arthord.MannyPacquiao Delta2,compare,69.73,±7.84,79.48,68.57,-7.75,1,2026-09-28 11:57:21,46.35,35.31
60,,arthord.NanoSatan Mu,compare,77.77,±7.84,82.35,85.71,0.09,1,2026-09-28 08:49:58,57.76,50.18
61,,arthord.micro.Apoptygma 0.4,compare,81.76,±7.84,89.89,94.29,5.69,1,2026-09-28 04:43:30,56.55,48.24
62,,arthord.micro.Muffin 0.6.1,compare,75.37,±7.84,81.73,88.57,4.57,1,2026-09-28 05:19:06,64.27,62.17
63,,ary.Crisis 1.0,compare,86.25,±7.84,89.14,94.29,6.75,1,2026-09-28 04:38:11,61.18,65.40
64,,ary.SMG 1.01,compare,62.85,±7.84,64.48,65.71,7.40,1,2026-09-28 08:26:05,79.25,86.08
65,,ary.micro.Weak 1.2,compare,65.91,±7.84,75.12,68.57,0.58,1,2026-09-28 08:52:37,71.68,73.60
66,,ary.nano.ColorNanoP 1.1,compare,84.05,±7.84,85.45,91.43,2.07,1,2026-09-28 05:34:35,56.88,52.35
67,,asd.Cthulhu 1.2,compare,80.58,±7.84,81.60,68.57,-9.48,1,2026-09-28 12:09:18,39.12,31.68
68,,aw.Gilgalad 1.99.5c,compare,49.19,±7.84,63.63,48.57,15.83,1,2026-09-28 09:12:49,87.69,95.08
69,,axeBots.HataMoto 3.09,compare,85.26,±7.84,94.17,97.14,6.55,1,2026-09-28 05:27:52,56.49,55.84
70,,axeBots.Musashi 2.18,compare,59.72,±7.84,60.91,65.71,0.66,1,2026-09-28 08:14:33,71.30,77.28
71,,axeBots.Okami 1.04,compare,77.85,±7.84,94.13,88.57,21.15,1,2026-09-28 07:43:14,76.58,82.75
72,,ayk.WallHugger 1.0,compare,98.70,±7.84,98.94,100.00,1.89,1,2026-09-28 04:48:51,21.05,11.89
73,,az.Ololobot 0.2.4,compare,89.36,±7.84,93.95,94.29,3.84,1,2026-09-28 07:39:40,52.88,61.53
74,,baal.nano.N 1.42,compare,81.02,±4.87,81.04,70.00,-14.75,2,2026-09-28 13:57:10,36.15,26.73
75,,banshee.micro.Nexus6 0.3.0,compare,86.67,±7.84,87.07,88.57,-4.58,1,2026-09-28 08:02:48,48.13,41.05
76,,barontrozo.BaronTrozo 1.7.6,compare,70.81,±7.84,72.49,82.86,11.72,1,2026-09-28 04:35:50,70.05,76.33
77,,bayen.UbaMicro 1.4,compare,92.57,±7.84,93.12,97.14,-0.12,1,2026-09-28 04:17:04,47.01,42.57
78,,bayen.nut.Squirrel 1.621,compare,73.38,±7.84,76.28,85.71,7.68,1,2026-09-28 04:43:12,69.91,73.30
79,,benhorner.PureAggression 0.2.6,compare,74.63,±7.84,86.34,88.57,5.21,1,2026-09-28 12:17:27,52.17,42.20
80,,bh.PencilRain 0.01,compare,99.90,±7.84,99.92,100.00,0.31,1,2026-09-28 05:28:02,11.58,12.78
81,,bigpete.Stewie 1.0,compare,76.10,±7.84,76.31,62.86,-18.32,1,2026-09-28 13:25:20,48.16,47.91
82,,bing2.Melody 1.3.1,compare,81.79,±7.84,82.78,74.29,3.01,1,2026-09-28 13:17:26,68.73,73.46
83,,bjl.LoneDragon 0.5,compare,72.48,±7.84,75.30,62.86,-14.04,1,2026-09-28 11:53:19,60.23,63.67
84,,blir.mini.oops.Splooshlu 2.0,compare,84.65,±7.84,84.71,74.29,-12.19,1,2026-09-28 10:51:27,47.97,51.78
85,,blir.nano.Cabbage R1.0.1,compare,95.22,±7.84,95.41,94.29,0.57,1,2026-09-28 08:13:47,42.65,36.38
86,,bndl.LostLion 1.2,compare,92.47,±7.84,93.15,97.14,2.95,1,2026-09-28 05:21:58,42.63,38.16
87,,bons.NanoStalker 1.2,compare,78.00,±7.84,78.68,65.71,-18.38,1,2026-09-28 13:51:15,39.19,32.84
88,,bots.UnterBot 1.0,compare,85.90,±7.84,86.63,80.00,-4.60,1,2026-09-28 13:12:45,43.86,36.96
89,,brainfade.melee.Dusk 0.44,compare,86.96,±7.84,87.50,94.29,2.50,1,2026-09-28 05:25:06,51.78,57.07
90,,bts.mega.Gnarly 1.4,compare,77.01,±5.29,87.60,82.86,-2.17,2,2026-09-28 10:22:22,58.59,61.63
91,,bumblebee.Bumblebee 1.0,compare,92.03,±7.84,97.02,100.00,6.19,1,2026-09-28 04:23:09,42.85,31.05
92,,bvh.fnr.Fenrir 0.36l,compare,61.32,±7.84,65.64,57.14,-3.85,1,2026-09-28 12:10:57,62.82,67.33
93,,bvh.frg.Friga 0.112dev,compare,84.79,±7.84,84.83,91.43,2.60,1,2026-09-28 05:49:34,63.40,64.39
94,,bvh.mini.Fenrir 0.39,compare,68.08,±7.84,69.56,65.71,-7.64,1,2026-09-28 14:04:23,57.61,57.47
95,,bvh.mini.Freya 0.55,compare,63.15,±7.84,63.36,62.86,-12.74,1,2026-09-28 13:23:28,62.81,61.90
96,,bvh.mini.Mjolnir 0.3,compare,79.78,±7.84,92.45,91.43,5.79,1,2026-09-28 07:33:49,56.35,51.69
97,,bzdp.BoxCar 2.0,compare,86.42,±7.84,88.49,88.57,-2.18,1,2026-09-28 07:56:18,40.30,30.14
98,,bzdp.Pansy 2.1,compare,96.06,±7.84,96.33,91.43,-2.01,1,2026-09-28 08:29:54,20.64,11.37
99,,caimano.Furia_Ceca 0.22,compare,76.48,±4.87,76.62,68.57,-19.26,2,2026-09-28 12:33:52,44.12,37.75
100,,can.Pookie 1.1,compare,72.68,±7.84,74.47,71.43,-0.46,1,2026-09-28 10:53:05,64.28,63.10
101,,catcat20.Lambda 0.017,compare,65.04,±7.84,81.43,80.00,15.62,1,2026-09-28 05:09:04,82.46,88.61
102,,catcat20.shape.Theta 0.018,compare,70.39,±7.84,88.37,77.14,18.20,1,2026-09-28 07:31:12,79.23,86.37
103,,cb.Domogled 1.2,compare,58.15,±7.84,68.10,48.57,12.98,1,2026-09-28 14:03:45,85.18,93.75
104,,cb.fire.Firestarter 2.0f,compare,42.41,±7.84,52.51,31.43,11.03,1,2026-09-28 04:21:00,88.18,96.69
105,,cb.nano.Insomnia 1.0,compare,83.19,±7.84,83.78,80.00,-7.81,1,2026-09-28 08:57:23,25.02,15.27
106,,cf.OldMan.OldManXP 0.1,compare,73.20,±7.84,78.68,88.57,4.15,1,2026-09-28 07:09:14,57.69,54.99
107,,cf.proto.Shiva 2.2,compare,54.56,±7.84,58.60,57.14,-0.87,1,2026-09-28 09:55:54,80.22,86.00
108,,chase.pm.Pytko 1.0,compare,62.87,±7.84,63.92,65.71,3.60,1,2026-09-28 12:57:48,67.06,72.58
109,,cjk.Merkava 0.1.1,compare,86.29,±7.84,86.67,74.29,-10.79,1,2026-09-28 08:17:00,32.65,22.99
110,,com.arsenic.NewTest 1.0,compare,73.45,±7.84,74.95,68.57,-16.54,1,2026-09-28 11:24:03,44.23,38.86
111,,com.sociesc.T1000 1.0.0,compare,92.30,±7.84,92.30,80.00,-7.69,1,2026-09-28 11:01:13,2.56,3.28
112,,conscience.Bulldozer 1.0a,compare,87.06,±7.84,95.00,100.00,11.12,1,2026-09-28 06:49:02,46.20,33.72
113,,cs.Wren 1.0,compare,94.13,±7.84,94.19,91.43,-3.36,1,2026-09-28 07:46:49,39.76,33.36
114,,cs.s2.Seraphim 2.3.1,compare,50.17,±7.84,50.45,51.43,7.20,1,2026-09-28 13:05:22,83.22,88.78
115,,css.Delitioner 0.11,compare,78.38,±7.84,78.43,85.71,10.68,1,2026-09-28 08:09:00,61.43,64.88
116,,cuoq.Kakera 1.0,compare,57.20,±7.84,58.44,54.29,-1.91,1,2026-09-28 13:51:55,70.92,77.90
117,,cw.megas.Blade 0.8,compare,90.39,±7.84,100.00,100.00,17.21,1,2026-09-28 05:32:20,60.80,61.80
118,,cw.megas.Polar 3.2,compare,79.38,±7.84,91.87,94.29,7.40,1,2026-09-28 06:51:24,54.93,55.08
119,,cx.BlestPain 1.41,compare,63.99,±7.84,75.72,77.14,2.76,1,2026-09-28 06:46:31,74.00,78.89
120,,cx.CigaretBH 1.03,compare,79.22,±7.84,84.85,85.71,20.28,1,2026-09-28 05:42:00,68.85,72.58
121,,cx.Lacrimas 1.36,compare,68.55,±7.84,83.65,80.00,12.36,1,2026-09-28 05:10:08,75.11,80.67
122,,cx.Princess 1.0,compare,70.24,±7.84,76.69,82.86,11.01,1,2026-09-28 05:56:45,68.52,72.91
123,,cx.micro.Smoke 0.96,compare,70.14,±7.84,76.42,85.71,12.30,1,2026-09-28 05:50:33,66.78,67.29
124,,cx.micro.Spark 0.6,compare,84.46,±7.84,89.22,94.29,18.58,1,2026-09-28 04:12:26,64.78,65.60
125,,cx.mini.Cigaret 1.31,compare,66.76,±7.84,71.86,71.43,9.32,1,2026-09-28 08:16:19,69.58,71.92
126,,damij.mega.Boque aaah,compare,70.70,±7.84,81.40,80.00,21.98,1,2026-09-28 11:17:46,81.88,89.97
127,,dans.Cinnamon 1.2,compare,90.54,±7.84,93.18,91.43,-0.81,1,2026-09-28 07:58:15,36.79,28.38
128,,darkcanuck.Pris 0.92,compare,66.87,±7.84,87.62,80.00,30.35,1,2026-09-28 06:58:44,84.72,91.68
129,,davidalves.Phoenix 1.02,compare,52.97,±7.84,53.60,60.00,14.95,1,2026-09-28 08:43:06,85.85,91.85
130,,davidalves.net.DuelistMicro 1.22,compare,66.32,±7.84,69.06,62.86,-5.83,1,2026-09-28 13:48:43,65.02,64.18
131,,davidalves.net.DuelistMicroMkII 1.1,compare,61.92,±7.84,64.12,60.00,-6.89,1,2026-09-28 10:45:08,62.46,60.76
132,,davv.DOne b002,compare,97.97,±7.84,97.99,94.29,-1.81,1,2026-09-28 08:12:53,3.05,2.17
133,,dcs.Eater_of_Worlds 1.1.3-A,compare,95.09,±7.84,95.93,97.14,-1.32,1,2026-09-28 05:44:34,28.39,21.18
134,,dcs.PM.Eater_of_Worlds_PM 1.2,compare,71.73,±7.84,85.28,80.00,0.77,1,2026-09-28 03:59:52,57.60,58.26
135,,deo.virtual.RainbowBot 1.0,compare,87.77,±7.84,90.73,97.14,21.17,1,2026-09-28 07:41:30,63.16,66.52
136,,dft.Krazy 1.5,compare,91.51,±7.84,97.39,97.14,5.75,1,2026-09-28 05:17:52,42.77,43.26
137,,dft.Virgin 1.25,compare,76.57,±7.84,77.82,88.57,10.43,1,2026-09-28 06:53:55,65.19,67.50
138,,dggp.haiku.gpBot_0 1.1,compare,96.29,±7.84,98.46,100.00,2.80,1,2026-09-28 05:22:08,36.59,26.90
139,,disan.Chair 2.2.0,compare,96.80,±7.84,97.11,97.14,-0.37,1,2026-09-28 05:57:03,39.79,34.50
140,,dittman.BlindSquirl Retired,compare,81.15,±7.84,81.82,65.71,-14.45,1,2026-09-28 12:31:18,27.75,22.75
141,,divineomega.PatrollerBot 1.0,compare,85.93,±7.84,89.65,85.71,-1.54,1,2026-09-28 09:52:58,35.95,31.66
142,,divineomega.TrialBot 0.003,compare,88.02,±7.84,98.65,97.14,21.82,1,2026-09-28 04:56:03,57.78,63.53
143,,dmh.robocode.robot.YellowBird 0.12,compare,94.46,±7.84,94.76,97.14,1.78,1,2026-09-28 05:07:54,50.12,46.03
144,,dmp.nano.Eve 3.41,compare,88.77,±7.84,92.00,94.29,-1.37,1,2026-09-28 07:58:26,47.82,41.07
145,,doka.Shinigami 2.2,compare,82.05,±7.84,87.88,85.71,-0.15,1,2026-09-28 08:06:41,64.07,64.92
146,,donjezza.Jezza 1.0,compare,87.95,±7.84,87.96,77.14,-11.37,1,2026-09-28 12:35:48,13.49,10.88
147,,donjezza.Muncho 1.0,compare,96.32,±7.84,96.45,94.29,-2.88,1,2026-09-28 07:27:13,15.56,12.48
148,,drd.Dreadknoght 0.9,compare,96.88,±7.84,96.88,91.43,-2.91,1,2026-09-28 08:45:17,6.55,3.89
149,,ds.Versatile RB1.0.1,compare,80.72,±7.84,87.39,88.57,9.18,1,2026-09-28 07:17:52,69.38,78.08
150,,dsekercioglu.shield.ColdBreath 1.0,compare,81.66,±7.84,81.66,62.86,-0.83,1,2026-09-28 11:00:05,32.97,37.66
151,,dsx724.VSAB_EP3_ATR 1.1,compare,76.06,±7.84,76.17,65.71,-16.16,1,2026-09-28 10:57:41,53.87,60.34
152,,dy.LevelOne 2.0,compare,92.45,±7.84,92.67,94.29,-1.03,1,2026-09-28 05:36:35,51.20,52.26
153,,dz.Caedo 1.4,compare,66.92,±7.84,68.40,57.14,-3.66,1,2026-09-28 12:28:52,61.10,65.70
154,,dz.MostlyHarmlessNano 2.1,compare,89.93,±7.84,91.73,94.29,0.69,1,2026-09-28 05:09:35,51.61,49.25
155,,e32.Omni 0.06,compare,80.66,±7.84,82.59,74.29,-13.34,1,2026-09-28 09:15:34,37.80,33.09
156,,eat.HumblePieLite 1.0,compare,73.45,±7.84,78.97,77.14,-3.97,1,2026-09-28 08:50:44,56.21,54.14
157,,ebo.Tahoe 1.1.79,compare,71.49,±7.84,87.35,85.71,11.88,1,2026-09-28 05:50:11,72.99,79.04
158,,eem.EvBot v4.6.4,compare,70.24,±7.84,75.45,71.43,-4.92,1,2026-09-28 12:19:49,67.51,74.95
159,,eem.EvBotNG v12.8,compare,84.22,±7.84,100.00,94.29,32.76,1,2026-09-28 05:16:41,80.13,87.17
160,,eem.zapper v6.03,compare,61.24,±7.84,75.30,62.86,12.30,1,2026-09-28 13:01:01,81.32,88.07
161,,el.Attackr 0.1,compare,90.40,±7.84,90.90,82.86,-8.24,1,2026-09-28 08:30:13,9.34,5.54
162,,el33t.EL33tGangstarr2 2.0,compare,95.11,±7.84,97.86,100.00,2.11,1,2026-09-28 07:07:34,32.83,23.50
163,,element.Earth 1.1,compare,78.18,±7.84,81.06,74.29,12.39,1,2026-09-28 13:43:12,70.13,76.76
164,,elloco.Flower 0.1r1,compare,86.06,±7.84,86.57,82.86,-2.32,1,2026-09-28 13:31:30,48.06,43.10
165,,elloco.Kabuto 0.2r,compare,75.69,±7.84,80.76,68.57,-11.54,1,2026-09-28 12:45:18,35.87,32.84
166,,emp.Yngwie 1.11,compare,80.43,±7.84,86.50,91.43,9.71,1,2026-09-28 05:29:58,61.09,68.75
167,,ers.micro.speusippus.Speusippus 0.3,compare,72.10,±7.84,74.50,82.86,1.24,1,2026-09-28 04:07:18,70.02,74.85
168,,ers.nano.meroka.Meroka 1.8a,compare,69.41,±7.84,71.23,65.71,-7.51,1,2026-09-28 12:43:00,63.17,66.69
169,,et.Predator 1.8,compare,69.59,±7.84,70.10,65.71,-16.84,1,2026-09-28 13:52:40,52.82,51.23
170,,ethdsy.Malacka 2.4,compare,88.71,±7.84,91.74,82.86,0.32,1,2026-09-28 09:22:11,48.76,46.88
171,,evd.X1 0.01,compare,85.86,±7.84,86.00,74.29,-10.17,1,2026-09-28 12:05:59,35.45,25.31
172,,extra.LightSauce 0.01,compare,95.58,±7.84,95.58,94.29,-3.00,1,2026-09-28 08:28:21,40.46,32.04
173,,extra.Sauce .01,compare,86.78,±7.84,86.81,77.14,-11.82,1,2026-09-28 13:02:01,40.38,33.75
174,,fala.robocode.FalaRobot 1.0,compare,86.19,±7.84,87.10,80.00,-7.75,1,2026-09-28 13:24:01,35.39,30.25
175,,fcr.First 1.0,compare,99.26,±7.84,99.36,100.00,3.60,1,2026-09-28 04:45:40,47.73,45.67
176,,fire219.CatBot 1.0,compare,99.31,±7.84,99.53,100.00,2.27,1,2026-09-28 05:24:29,22.48,11.46
177,,florent.FloatingTadpole 1.2.6,compare,77.72,±7.84,89.76,82.86,11.50,1,2026-09-28 08:31:08,74.32,79.83
178,,florent.small.LittleAngel 1.8,compare,68.43,±7.84,69.58,77.14,6.07,1,2026-09-28 05:36:04,74.36,79.90
179,,fm.mammillarias 1.3,compare,100.00,±7.84,100.00,100.00,1.21,1,2026-09-28 07:08:36,41.11,35.43
180,,fnc.bandit2002.Bandit2002 4.0.2,compare,75.04,±7.84,76.16,74.29,-5.07,1,2026-09-28 13:55:49,48.79,46.31
181,,fromHell.BlackBox 0.0.2,compare,57.21,±7.84,69.82,60.00,12.38,1,2026-09-28 11:58:19,84.71,91.47
182,,fullsail.LaxativeTeaTwo 1.0,compare,80.38,±7.84,81.79,74.29,-10.59,1,2026-09-28 12:26:14,46.33,44.86
183,,fullsail.SweetTea 1.1,compare,98.59,±7.84,98.59,97.14,-0.53,1,2026-09-28 08:53:43,34.01,33.36
184,,fushi.PvP1.PvP1 2004-02-16,compare,84.23,±4.80,92.39,90.00,11.38,2,2026-09-28 05:07:44,55.17,64.87
185,,genprog.Gajeel 1.0,compare,90.57,±7.84,91.51,82.86,-4.86,1,2026-09-28 13:34:24,26.25,15.03
186,,genprog.Rinmorikazu 1.0,compare,87.57,±7.84,88.58,82.86,-7.89,1,2026-09-28 13:09:03,25.60,14.35
187,,genprog.Zafaran 1.0,compare,96.89,±7.84,97.90,100.00,1.65,1,2026-09-28 04:12:05,24.99,14.27
188,,gf.Centaur.Centaur 0.6.7,compare,74.78,±7.84,85.12,71.43,4.46,1,2026-09-28 13:59:25,69.21,76.40
189,,gg.Squaraus 0.6,compare,87.84,±7.84,88.93,77.14,-8.47,1,2026-09-28 11:10:13,29.08,23.47
190,,gg.Wolverine 2.0,compare,89.50,±7.84,89.83,100.00,2.47,1,2026-09-28 07:15:28,40.67,37.51
191,,gh.GresSuffurd 0.4.13,compare,60.67,±7.84,77.50,65.71,24.95,1,2026-09-28 12:10:29,86.74,93.48
192,,gh.micro.Grinnik 1.0,compare,76.93,±7.84,77.55,71.43,-7.58,1,2026-09-28 12:36:28,66.48,69.63
193,,gh.mini.Grimmig 0.3.6,compare,81.07,±7.84,87.27,85.71,1.13,1,2026-09-28 13:02:47,69.75,75.49
194,,gh.nano.Grofvuil 0.2,compare,96.41,±7.84,96.65,97.14,1.06,1,2026-09-28 07:38:27,49.48,50.00
195,,gio.RealGioBot 1.0,compare,86.11,±7.84,86.39,74.29,-11.20,1,2026-09-28 11:08:48,31.13,23.07
196,,gjr.Cephalosporin 0.2,compare,84.92,±7.84,86.75,77.14,-7.41,1,2026-09-28 13:36:59,29.41,22.95
197,,gre.svman4.Morfeas 1.4.3,compare,81.74,±7.84,97.48,94.29,18.98,1,2026-09-28 04:28:02,69.82,78.73
198,,gtf.robocode.Strafer 2.1.1,compare,80.97,±7.84,84.20,74.29,-10.90,1,2026-09-28 12:26:28,33.73,28.65
199,,gwah.GBotMarkIV 1.0,compare,89.64,±7.84,89.66,77.14,-8.15,1,2026-09-28 08:59:28,20.39,11.42
200,,ha2.T2 0.2,compare,86.43,±7.84,86.51,77.14,-9.28,1,2026-09-28 13:03:18,40.47,37.37
201,,ha2.T2b 0.2b,compare,92.70,±7.84,92.77,94.29,-1.00,1,2026-09-28 06:40:22,48.38,47.14
202,,hfgrobots.HFG 1.0,compare,89.96,±7.84,89.98,80.00,-9.74,1,2026-09-28 09:21:54,8.86,8.28
203,,hirataatsushi.Neo 1.6,compare,87.42,±7.84,87.90,74.29,-7.96,1,2026-09-28 11:47:18,34.96,31.50
204,,hirataatsushi.Trinity 0.003,compare,94.63,±7.84,95.65,91.43,1.64,1,2026-09-28 08:29:44,33.85,26.98
205,,hlavko.nano.Phoenix 1.0,compare,97.41,±7.84,97.53,100.00,0.55,1,2026-09-28 04:35:59,38.65,30.14
206,,hlavko.nano.Ringo 2.0,compare,78.18,±7.84,78.30,68.57,-18.87,1,2026-09-28 13:34:11,42.30,37.06
207,,hp.Athena 0.1,compare,74.21,±7.84,75.53,82.86,-5.12,1,2026-09-28 07:34:58,55.50,52.50
208,,hs.SimpleHBot 1.3,compare,91.07,±7.84,92.22,82.86,-5.66,1,2026-09-28 07:46:07,22.68,15.18
209,,infovk.s_schwarzm16.silverbird 1.0,compare,62.22,±7.84,70.13,60.00,-7.05,1,2026-09-28 12:46:36,66.96,71.45
210,,ins.MobyNano 0.8,compare,77.15,±7.84,79.47,85.71,0.52,1,2026-09-28 07:35:51,55.82,48.03
211,,intruder.PrairieWolf 2.61,compare,77.60,±7.84,80.49,88.57,15.43,1,2026-09-28 05:39:40,65.17,72.41
212,,jab.DiamondStealer 5,compare,79.78,±7.84,85.60,88.57,0.48,1,2026-09-28 06:49:54,54.34,51.18
213,,jab.micro.Sanguijuela 0.8,compare,71.22,±7.84,79.94,91.43,6.01,1,2026-09-28 07:16:19,55.50,47.73
214,,jaemcrb.nano.M1Abrams 1.0,compare,81.51,±7.84,82.56,77.14,-11.36,1,2026-09-28 08:56:07,42.66,38.05
215,,jam.mini.Raiko 0.43,compare,54.31,±7.84,54.33,60.00,-5.02,1,2026-09-28 11:45:05,74.42,80.49
216,,jasolo.Sonda 0.55,compare,89.21,±7.84,89.89,97.14,9.51,1,2026-09-28 05:17:09,56.94,57.52
217,,jaybot.bots.Oddball 4.0,compare,85.55,±7.84,85.73,68.57,-12.66,1,2026-09-28 10:18:12,25.16,26.96
218,,jbot.Rabbit2 1.1,compare,62.18,±7.84,62.40,62.86,-6.44,1,2026-09-28 13:29:23,64.09,68.02
219,,jcs.AutoBot 4.2.1,compare,81.11,±7.84,87.70,94.29,14.07,1,2026-09-28 05:43:51,64.81,68.60
220,,jcs.Seth 1.8,compare,89.01,±7.84,89.46,80.00,-4.34,1,2026-09-28 12:03:00,36.91,43.83
221,,jekl.Jekyl .70,compare,69.83,±7.84,70.52,71.43,3.09,1,2026-09-28 08:28:07,68.00,73.34
222,,jep.Terrible 0.4.1,compare,81.92,±7.84,82.50,74.29,-13.31,1,2026-09-28 13:48:20,44.65,40.26
223,,jep.nano.Hawkwing 0.4.1,compare,76.35,±7.84,76.51,71.43,-20.74,1,2026-09-28 12:08:25,37.97,28.36
224,,jeremyreeder.Bully 1,compare,93.96,±7.84,94.26,94.29,3.11,1,2026-09-28 08:32:50,36.22,22.04
225,,jf.Dodger 1.3,compare,99.74,±7.84,99.80,100.00,1.70,1,2026-09-28 07:08:49,33.99,26.55
226,,jgap.JGAP12584 1.0,compare,97.37,±7.84,97.73,97.14,-0.79,1,2026-09-28 08:25:27,6.63,1.68
227,,jgap.JGAP130166 1.0,compare,88.27,±7.84,88.33,74.29,-7.36,1,2026-09-28 14:07:24,24.73,14.45
228,,jje.BagPuss 1.2,compare,84.36,±7.84,84.87,77.14,-6.49,1,2026-09-28 13:49:20,45.59,43.96
229,,jk.precise.EnergyDome 1.8,compare,100.00,±7.84,100.00,100.00,44.16,1,2026-09-28 05:17:32,56.27,62.93
230,,jk.precise.Wintermute 0.8,compare,62.13,±7.84,73.04,77.14,17.64,1,2026-09-28 07:28:21,84.60,91.00
231,,jk.sheldor.nano.Yatagan 1.2.3,compare,82.86,±7.84,87.31,94.29,11.69,1,2026-09-28 07:06:09,65.64,63.56
232,,jsal.Jsalbot 1.0,compare,95.23,±7.84,96.41,94.29,-0.92,1,2026-09-28 05:09:22,25.84,20.53
233,,jwirde.Gort 2.0,compare,98.71,±7.84,99.04,100.00,2.79,1,2026-09-28 04:49:42,38.38,35.71
234,,kano.gamma.KanoGamma 1.8,compare,85.19,±7.84,87.72,88.57,0.05,1,2026-09-28 07:52:45,49.78,48.35
235,,kawigi.mini.Coriantumr 1.1,compare,69.43,±7.84,69.69,62.86,-13.46,1,2026-09-28 13:58:06,63.55,67.26
236,,kawigi.mini.Fhqwhgads 1.1,compare,79.77,±7.84,81.77,94.29,8.63,1,2026-09-28 06:06:05,64.90,67.17
237,,kawigi.sbf.Barracuda 1.0,compare,70.25,±7.84,70.41,60.00,-26.64,1,2026-09-28 13:47:49,47.35,45.99
238,,kawigi.sbf.FloodNano 1.2,compare,73.85,±7.84,77.21,68.57,-13.71,1,2026-09-28 11:40:04,45.23,36.76
239,,kb.PingPong 1.0,compare,96.87,±7.84,96.87,91.43,-2.60,1,2026-09-28 08:14:42,13.61,12.17
240,,kc.mega.BeepBoop 2.0,compare,26.28,±7.84,59.01,8.57,14.61,1,2026-09-28 13:47:19,95.06,99.24
241,,kc.micro.Thorn 1.252,compare,63.84,±7.84,64.71,71.43,4.97,1,2026-09-28 09:07:13,75.62,80.05
242,,kc.micro.WaveShark 0.5,compare,74.06,±7.84,82.28,85.71,11.25,1,2026-09-28 04:12:59,76.99,81.09
243,,kc.nano.Splinter 1.2,compare,77.88,±7.84,85.67,80.00,-1.89,1,2026-09-28 08:50:14,58.15,56.35
244,,kenran.Bakko v1.0.1,compare,85.50,±7.84,90.46,94.29,29.81,1,2026-09-28 04:53:45,76.42,82.90
245,,kinsen.nano.Charp 1.0,compare,62.37,±7.84,63.72,68.57,-7.65,1,2026-09-28 12:29:39,58.75,52.57
246,,kinsen.nano.Hoplomachy 1.6,compare,90.73,±7.84,91.80,88.57,-2.20,1,2026-09-28 07:05:13,49.74,44.88
247,,kinsen.nano.Senticous 1.0,compare,64.70,±7.84,74.11,57.14,-14.69,1,2026-09-28 10:55:51,47.65,38.79
248,,kjc.Karaykan 1.0,compare,83.51,±7.84,85.73,80.00,-10.83,1,2026-09-28 11:09:09,22.08,14.45
249,,klein.GottesKrieger 1.1,compare,89.87,±7.84,92.43,94.29,-2.10,1,2026-09-28 07:34:04,49.80,47.34
250,,knackibot.KnackOnOne 0.8.1,compare,82.72,±7.84,82.84,77.14,-12.59,1,2026-09-28 10:05:35,39.08,37.14
251,,kneels.ToNoone 0.2,compare,97.54,±7.84,98.48,97.14,2.04,1,2026-09-28 06:05:48,33.31,25.47
252,,kurios.DOSexe .9a,compare,84.73,±7.84,88.98,80.00,2.98,1,2026-09-28 13:16:48,44.54,30.58
253,,leb.ShootAnArrow 0.1,compare,95.36,±7.84,97.80,97.14,2.35,1,2026-09-28 04:45:02,31.24,20.12
254,,lessonz.robocode.Oz 0.5.0,compare,82.90,±7.84,83.43,77.14,-12.27,1,2026-09-28 11:53:51,48.27,49.24
255,,lion.Kresnanano 1.0,compare,76.20,±6.09,78.79,68.57,-14.31,2,2026-09-28 12:39:30,42.42,35.92
256,,logiblocs.SittingDroid 1.0,compare,95.33,±7.84,95.33,85.71,-4.66,1,2026-09-28 08:54:43,3.25,3.86
257,,lrem.Spectre 0.4.4,compare,67.42,±7.84,72.85,60.00,-16.42,1,2026-09-28 13:26:39,56.61,58.73
258,,lrem.micro.MoggFanatic 0.2,compare,91.82,±7.84,93.80,97.14,6.99,1,2026-09-28 06:59:37,51.02,46.75
259,,lrem.quickhack.QuickHack 1.0,compare,85.36,±7.84,85.44,91.43,0.88,1,2026-09-28 08:06:03,54.52,56.94
260,,lucasslf.Dodger 1.0,compare,78.15,±7.84,78.39,85.71,8.28,1,2026-09-28 12:57:22,61.96,67.63
261,,lucasslf.Wiggins 0.6,compare,71.78,±7.84,72.50,85.71,14.40,1,2026-09-28 07:16:05,77.14,83.63
262,,lundal.Mark8 2012.09.15,compare,96.64,±7.84,96.64,97.14,-0.42,1,2026-09-28 07:23:31,39.01,38.21
263,,lw.LuthersTest 0.1,compare,98.99,±7.84,99.01,97.14,-0.71,1,2026-09-28 06:49:32,8.09,5.29
264,,lxx.ConceptA 0.8,compare,87.60,±7.84,94.29,97.14,9.04,1,2026-09-28 05:22:26,70.16,69.35
265,,lxx.Emerald 0.6.5,compare,82.45,±4.86,83.13,77.14,-1.93,2,2026-09-28 10:06:26,69.03,76.28
266,,m3thos.Eva02 0.7.1,compare,93.19,±7.84,97.48,97.14,4.47,1,2026-09-28 05:12:51,51.48,53.30
267,,m3thos.mini.Eva01 0.5.5,compare,83.37,±7.84,83.97,74.29,-9.09,1,2026-09-28 12:15:02,38.94,35.52
268,,ma.is.fon.rs.RobotA 0.01,compare,99.70,±7.84,99.70,100.00,0.55,1,2026-09-28 05:38:11,17.85,9.44
269,,mahrgell.mahrram 1.3,compare,80.42,±7.84,87.82,85.71,7.27,1,2026-09-28 08:57:01,50.47,38.02
270,,maribo.FollowFire 1.11,compare,76.33,±7.84,85.13,82.86,6.88,1,2026-09-28 14:07:36,48.65,32.86
271,,maribo.IotaCT 1.0,compare,82.58,±7.84,82.86,80.00,-8.30,1,2026-09-28 08:29:31,42.19,37.04
272,,maribo.Omicron 1.0,compare,87.67,±7.84,87.82,88.57,-4.57,1,2026-09-28 08:34:34,52.52,48.61
273,,marksteam.Phoenix 1.0,compare,87.88,±7.84,89.27,100.00,-0.39,1,2026-09-28 04:35:23,46.44,42.15
274,,maye.SlashBot 1.0,compare,87.75,±7.84,87.76,71.43,-11.81,1,2026-09-28 13:20:51,9.72,5.71
275,,mc.Messapia 0.1.8,compare,88.99,±7.84,89.00,74.29,-10.59,1,2026-09-28 12:27:17,11.32,7.65
276,,md.November 1.0,compare,71.51,±7.84,75.67,65.71,-12.29,1,2026-09-28 13:58:31,43.49,36.87
277,,md.VelociRaptor 1.3,compare,84.16,±7.84,86.14,80.00,-9.83,1,2026-09-28 13:02:24,25.51,14.91
278,,mdouet.BotKicker 2.0,compare,88.02,±7.84,89.80,85.71,-4.66,1,2026-09-28 07:59:08,40.85,34.20
279,,microtestbotpack.MicroTestBot 1.0,compare,98.05,±7.84,98.23,97.14,1.01,1,2026-09-28 05:38:46,38.36,45.88
280,,mk.Alpha 0.2.1,compare,81.99,±7.84,82.10,80.00,-2.75,1,2026-09-28 11:43:48,64.00,67.08
281,,mladjo.AIR 0.7,compare,84.69,±7.84,86.89,100.00,10.91,1,2026-09-28 04:39:19,54.25,51.08
282,,mladjo.Startko 1.0,compare,85.82,±7.84,86.11,97.14,3.17,1,2026-09-28 04:50:48,53.06,51.67
283,,mld.DustBunny 3.8,compare,89.67,±7.84,89.98,85.71,-6.56,1,2026-09-28 07:51:28,41.68,31.77
284,,mld.jdc.nano.LittleBlackBook 1.0,compare,86.48,±7.84,89.19,85.71,-4.16,1,2026-09-28 07:35:11,52.86,51.18
285,,mme.NikeEnhanced 2.0,compare,88.08,±7.84,88.33,80.00,-8.92,1,2026-09-28 09:15:47,30.87,22.67
286,,mn.nano.SkippedTurns 1.1.0,compare,100.00,±7.84,100.00,100.00,0.00,1,2026-09-28 03:56:37,0.00,0.01
287,,mnt.AHEB 0.6a,compare,63.78,±7.84,66.45,65.71,-3.41,1,2026-09-28 09:06:37,62.20,67.42
288,,ms.Ares 0.19,compare,85.87,±7.84,87.35,80.00,-3.04,1,2026-09-28 13:07:25,58.98,64.46
289,,mue.Ascendant 1.2.27,compare,45.33,±7.84,59.92,48.57,4.15,1,2026-09-28 13:06:04,84.97,92.00
290,,mue.Hyperion 0.8,compare,55.91,±7.84,68.75,51.43,4.88,1,2026-09-28 13:27:40,75.78,86.38
291,,myl.micro.NekoNinja 1.30,compare,86.59,±7.84,87.65,97.14,6.02,1,2026-09-28 03:57:03,56.22,54.64
292,,mz.Adept 2.65,compare,77.68,±7.84,78.18,74.29,-8.91,1,2026-09-28 13:55:00,50.52,47.27
293,,mz.NanoGod 2.02,compare,93.10,±7.84,93.41,88.57,-1.77,1,2026-09-28 09:15:15,49.91,50.99
294,,nan.Ihivatar_Mk_1 1.0,compare,91.24,±7.84,91.34,100.00,4.04,1,2026-09-28 04:24:23,56.32,54.32
295,,nat.nano.OcnirpSNG 1.0b,compare,78.07,±7.84,78.55,91.43,5.30,1,2026-09-28 04:33:32,60.16,54.98
296,,ncj.MoxieBot 1.0,compare,86.56,±7.84,86.56,68.57,-7.80,1,2026-09-28 10:54:52,9.93,17.55
297,,ndn.DyslexicMonkey 1.1,compare,90.59,±7.84,91.92,91.43,-1.64,1,2026-09-28 07:01:59,46.34,40.72
298,,ne.Chimera 1.2,compare,94.47,±7.84,100.00,100.00,12.64,1,2026-09-28 04:14:58,52.41,51.21
299,,nexus.Prototype 1.0,compare,84.25,±7.84,86.15,80.00,-7.07,1,2026-09-28 12:07:12,33.98,18.53
300,,nexus.Two 0.2,compare,69.34,±7.84,70.11,60.00,-25.75,1,2026-09-28 12:01:56,37.94,25.93
301,,nic.Nicator 2.4,compare,92.54,±7.84,94.18,97.14,3.19,1,2026-09-28 06:56:25,50.96,51.17
302,,non.mega.NoName 0.0,compare,82.03,±7.84,93.15,91.43,3.99,1,2026-09-28 04:16:33,52.99,50.60
303,,nosteel.Welby 0.0.3,compare,89.41,±7.84,89.99,94.29,-0.51,1,2026-09-28 07:55:04,46.63,42.12
304,,ntc.Cannon 1.12test,compare,71.69,±7.84,75.30,82.86,5.25,1,2026-09-28 07:47:07,64.65,62.36
305,,ntc.Knowledge 1.1,compare,87.27,±7.84,89.30,97.14,-0.85,1,2026-09-28 06:41:52,49.17,40.72
306,,ntc.Lasers.Lasers 0.9,compare,88.52,±7.84,94.95,100.00,3.90,1,2026-09-28 04:15:09,47.20,41.05
307,,ntc.Plains 0.9,compare,98.12,±7.84,98.25,97.14,1.84,1,2026-09-28 05:57:18,41.96,34.65
308,,ntc.Swim 0.9,compare,88.51,±7.84,96.37,97.14,3.51,1,2026-09-28 05:07:01,42.40,40.63
309,,ntw.Sigsys 1.6,compare,80.45,±5.20,81.98,75.71,-14.08,2,2026-09-28 13:17:08,32.52,19.27
310,,nz.jdc.nano.AralR 1.1,compare,88.65,±7.84,94.28,97.14,3.14,1,2026-09-28 08:01:31,57.48,55.35
311,,nz.jdc.nano.AralT 1.1,compare,83.09,±7.84,86.94,88.57,-3.09,1,2026-09-28 13:22:58,57.12,52.76
312,,nz.jdc.nano.NeophytePRAL 1.4,compare,84.18,±7.84,86.45,85.71,1.75,1,2026-09-28 10:09:55,63.11,65.15
313,,nz.jdc.nano.NeophyteSRAL 1.3,compare,84.66,±7.84,85.95,74.29,-9.85,1,2026-09-28 12:55:09,59.19,60.14
314,,nz.jdc.nano.PatternAdept 1.0,compare,78.21,±7.84,80.74,91.43,0.67,1,2026-09-28 04:37:02,62.86,59.92
315,,nzeemin.Izh 0.5,compare,98.86,±7.84,99.05,100.00,2.52,1,2026-09-28 03:38:37,31.01,23.83
316,,oa.weak.BotherBot 0.1,compare,97.16,±7.84,98.18,97.14,1.82,1,2026-09-28 06:44:58,27.57,20.66
317,,oa.weak.FlyMk1 0.1,compare,85.85,±7.84,86.36,71.43,-10.88,1,2026-09-28 11:05:24,24.90,17.18
318,,omens.CannonfodderNano 1.4,compare,83.66,±7.84,84.24,71.43,-11.61,1,2026-09-28 11:18:11,26.85,17.88
319,,oog.micro.Claudius 1.11,compare,72.22,±7.84,75.61,82.86,9.61,1,2026-09-28 05:30:45,71.97,76.05
320,,oog.micro.Maui 1.2,compare,83.52,±7.84,89.35,97.14,11.92,1,2026-09-28 04:34:04,66.01,69.82
321,,oog.micro.SavantMicro 1.1,compare,75.27,±7.84,76.64,88.57,9.16,1,2026-09-28 05:46:07,68.63,71.57
322,,oog.nano.Caligula 1.15,compare,77.10,±7.84,85.47,88.57,8.29,1,2026-09-28 07:52:28,65.04,61.48
323,,oog.nano.SavantWS 0.1,compare,90.42,±7.84,91.20,91.43,-4.47,1,2026-09-28 12:43:24,35.46,24.64
324,,ouroboros.Dragon 0.0.3,compare,69.42,±7.84,70.46,80.00,10.17,1,2026-09-28 08:10:10,81.63,89.08
325,,pa.Improved 1.1,compare,85.66,±7.84,85.73,71.43,-12.77,1,2026-09-28 11:41:56,27.99,22.28
326,,pa3k.Manta 1.20,compare,70.90,±7.84,75.75,62.86,-15.73,1,2026-09-28 13:16:22,45.78,42.64
327,,pa3k.Quark 1.02,compare,89.56,±7.84,94.68,94.29,6.46,1,2026-09-28 04:02:16,53.19,58.39
328,,paket.MojRobot 1.0,compare,97.95,±7.84,97.95,94.29,-1.76,1,2026-09-28 07:11:48,9.04,7.14
329,,panzer.Panzer 0.2,compare,87.87,±7.84,88.92,88.57,-0.94,1,2026-09-28 07:42:00,41.20,28.73
330,,paulk.PaulV3 1.7,compare,73.75,±7.84,87.81,80.00,9.17,1,2026-09-28 11:07:59,70.07,78.14
331,,pc.Wavelet 1.5,compare,45.54,±7.84,61.31,31.43,9.70,1,2026-09-28 04:10:36,87.06,94.89
332,,pe.mini.SandboxMini 1.2,compare,66.26,±7.84,66.37,62.86,-6.17,1,2026-09-28 10:46:43,61.06,61.31
333,,pe.minimelee.SandboxMiniMelee 1.1,compare,76.48,±7.84,76.57,65.71,-14.58,1,2026-09-28 13:24:42,47.45,44.14
334,,penguin.Ivy 1.1r,compare,75.01,±7.84,83.41,65.71,1.93,1,2026-09-28 12:00:44,65.00,71.74
335,,penguin.MrFreeze 1.0a,compare,83.30,±7.84,91.57,94.29,11.98,1,2026-09-28 05:05:58,69.93,76.19
336,,pez.clean.Swiffer 0.2.9,compare,69.18,±7.84,71.13,71.43,1.25,1,2026-09-28 10:54:25,65.84,71.54
337,,pez.gloom.GloomyDark 0.9.2,compare,78.82,±7.84,79.13,94.29,11.93,1,2026-09-28 05:47:04,66.85,72.50
338,,pez.micro.Aristocles 0.3.9,compare,73.37,±7.84,76.07,80.00,9.99,1,2026-09-28 08:47:08,68.91,76.17
339,,pez.mini.Gouldingi 1.5,compare,78.13,±7.84,78.86,80.00,-7.95,1,2026-09-28 12:11:23,56.18,54.20
340,,pez.mini.Tityus 0.9.1,compare,54.51,±7.84,60.45,54.29,-7.79,1,2026-09-28 14:10:19,72.51,76.02
341,,pez.mini2.Pugilist 2.5.15,compare,52.02,±7.84,57.91,45.71,0.06,1,2026-09-28 13:40:41,80.36,88.62
342,,pez.nano.Icarus 0.3,compare,81.55,±7.84,82.02,77.14,-10.83,1,2026-09-28 08:08:38,46.05,41.02
343,,pez.nano.LittleEvilBrother 0.1,compare,85.96,±7.84,86.04,80.00,-9.75,1,2026-09-28 08:43:42,41.82,34.04
344,,pez.rumble.Ali 0.4.9,compare,56.48,±7.84,58.02,68.57,7.82,1,2026-09-28 08:34:21,82.54,88.36
345,,ph.micro.Pikeman 0.4.5,compare,70.93,±7.84,71.03,82.86,4.19,1,2026-09-28 08:30:40,66.48,69.60
346,,ph.mini.Archer 0.6.6,compare,57.87,±7.84,58.13,65.71,-0.86,1,2026-09-28 09:21:01,68.76,76.83
347,,ph.musketeer.Musketeer 0.6,compare,64.00,±7.84,64.31,74.29,6.00,1,2026-09-28 07:10:02,68.23,76.50
348,,pl.Drum 0.1,compare,88.60,±7.84,95.64,100.00,10.63,1,2026-09-28 04:10:47,60.50,64.03
349,,pl.robocode.Pacyfista 1.0,compare,98.38,±7.84,98.43,97.14,-0.07,1,2026-09-28 07:22:23,38.55,39.28
350,,populations.TrainStoopidbot 0.01,compare,89.43,±7.84,90.44,82.86,-5.17,1,2026-09-28 10:59:44,45.73,45.26
351,,pulsar.PulsarNano 0.2.4,compare,89.09,±7.84,89.24,82.86,-5.44,1,2026-09-28 08:49:20,50.49,46.38
352,,qohnil.blot.BlotBot 3.61,compare,78.96,±7.84,89.19,80.00,7.22,1,2026-09-28 13:41:22,62.40,69.40
353,,quietus.Invader 0.1,compare,89.64,±7.84,89.64,74.29,-10.28,1,2026-09-28 12:14:50,13.89,17.96
354,,quietus.NarrowRadar 0.1,compare,79.29,±7.84,79.37,62.86,-17.00,1,2026-09-28 11:48:37,22.42,13.31
355,,racso.Crono 1.0,compare,65.88,±7.84,66.62,60.00,-19.40,1,2026-09-28 13:52:18,45.65,41.94
356,,rampancy.Durandal 2.2d,compare,81.84,±7.84,87.19,94.29,19.30,1,2026-09-28 06:09:33,67.93,71.42
357,,rampancy.micro.Epiphron 1.0,compare,82.93,±7.84,83.03,65.71,-15.16,1,2026-09-28 12:37:40,33.19,32.66
358,,ratosh.Wesco 1.4,compare,96.80,±7.84,97.26,97.14,2.21,1,2026-09-28 05:40:31,46.62,43.02
359,,ratosh.nano.Debo 1.36,compare,82.73,±7.84,83.63,85.71,-2.64,1,2026-09-28 08:53:07,47.21,41.39
360,,rc.RCBot 2.0,compare,92.76,±7.84,92.79,97.14,0.29,1,2026-09-28 07:35:31,48.36,48.28
361,,rc.yoda.Yoda 1.0.6c.fix,compare,77.45,±7.84,79.23,88.57,12.43,1,2026-09-28 05:32:02,74.46,81.88
362,,rcb.Vanessa03 0,compare,77.93,±7.84,80.54,91.43,9.19,1,2026-09-28 07:57:04,63.62,65.28
363,,rcp.Kuramatron 1.0,compare,85.95,±7.84,92.26,100.00,9.16,1,2026-09-28 05:53:42,48.83,36.21
364,,rdt199.Warlord 0.73,compare,81.72,±7.84,82.40,91.43,3.79,1,2026-09-28 07:46:31,57.90,59.54
365,,reaper.Reaper 1.1,compare,85.98,±7.84,86.33,97.14,12.23,1,2026-09-28 05:28:39,64.55,70.33
366,,reeder.colin.WallGuy3 1.0,compare,97.99,±7.84,99.59,100.00,3.97,1,2026-09-28 05:07:11,32.67,22.26
367,,repositorio.NanoStep 1.0,compare,84.49,±7.84,84.75,71.43,-13.15,1,2026-09-28 10:56:30,36.98,33.79
368,,rh.Intra 2.1DomoKN,compare,70.23,±7.84,84.14,80.00,20.72,1,2026-09-28 05:53:15,80.57,88.19
369,,rijteam.SmartDodge 1.1,compare,93.78,±7.84,94.16,88.57,-3.69,1,2026-09-28 08:16:47,19.44,14.77
370,,robar.nano.Assertive 0.3,compare,83.60,±7.84,93.61,97.14,5.82,1,2026-09-28 07:18:15,56.52,55.94
371,,robar.nano.Mosquito 1.1,compare,88.65,±7.84,88.85,80.00,-5.81,1,2026-09-28 08:31:52,51.94,50.73
372,,robar.nano.MosquitoPM 1.0,compare,70.05,±7.84,70.39,74.29,-8.15,1,2026-09-28 09:07:52,57.92,54.67
373,,robar.nano.Prestige 1.0,compare,57.89,±7.84,58.92,60.00,-12.35,1,2026-09-28 13:38:10,57.17,54.31
374,,robin.ScalpBotC 1.0,compare,95.27,±7.84,96.55,97.14,0.27,1,2026-09-28 05:44:20,28.43,18.91
375,,robots.Lucky 1.2,compare,95.84,±7.84,97.16,97.14,0.62,1,2026-09-28 06:50:58,33.32,31.60
376,,romz.robot.Test 0.1.0,compare,81.29,±7.84,88.14,77.14,-3.61,1,2026-09-28 09:59:19,44.96,39.90
377,,romz.robot.circular.WildRabbit 0.9.6,compare,77.74,±4.85,79.02,72.86,-13.64,2,2026-09-28 13:13:51,46.46,43.75
378,,romz.robot.guessfactor.TeasingFox 0.2,compare,87.71,±7.84,91.68,88.57,3.74,1,2026-09-28 08:51:01,46.60,42.28
379,,rus.vv.Snezhok 1.1,compare,97.74,±7.84,99.02,100.00,2.30,1,2026-09-28 04:25:16,30.65,23.57
380,,ry.VirtualGunExperiment 1.2.0,compare,74.76,±7.84,75.92,85.71,3.37,1,2026-09-28 05:39:12,73.04,79.46
381,,ry.Worst 1.0,compare,96.47,±7.84,96.47,94.29,-3.44,1,2026-09-28 13:49:37,0.59,1.39
382,,rz.Artist 0.2,compare,70.36,±7.84,73.17,68.57,-3.39,1,2026-09-28 13:11:29,64.74,63.70
383,,sam.Samspin 1.0,compare,98.73,±7.84,99.11,100.00,1.35,1,2026-09-28 04:53:59,33.25,23.47
384,,sample.Corners 1.0,compare,87.27,±7.84,87.27,74.29,-12.05,1,2026-09-28 12:03:15,10.93,7.37
385,,sample.Crazy 1.0,compare,96.37,±7.84,96.44,91.43,-2.93,1,2026-09-28 07:06:35,9.66,4.99
386,,sample.MyFirstRobot 1.0,compare,94.56,±7.84,94.57,85.71,-5.16,1,2026-09-28 10:53:51,13.40,13.76
387,,sample.RamFire 1.0,compare,94.34,±7.84,94.34,97.14,-4.11,1,2026-09-28 05:46:23,14.00,7.20
388,,sample.SittingDuck 1.0,compare,88.24,±7.84,88.24,71.43,-11.76,1,2026-09-28 09:27:08,2.45,3.47
389,,sample.TrackFire 1.0,compare,93.13,±7.84,93.13,82.86,-6.33,1,2026-09-28 13:01:46,13.76,8.89
390,,sample.VelociRobot 1.0,compare,97.78,±7.84,98.11,97.14,-0.22,1,2026-09-28 05:51:10,15.14,8.61
391,,sch.Simone 0.3d,compare,83.54,±7.84,84.10,71.43,-11.71,1,2026-09-28 11:52:16,45.00,47.87
392,,serenity.moonlightBat 1.17,compare,84.40,±7.84,85.06,74.29,-6.02,1,2026-09-28 10:38:33,52.92,63.56
393,,serenity.serenityFire 1.29,compare,89.39,±7.84,90.78,97.14,4.75,1,2026-09-28 04:51:42,57.67,62.02
394,,sgp.JollyNinja 3.53,compare,82.24,±7.84,87.95,85.71,2.99,1,2026-09-28 07:55:28,51.52,55.61
395,,sgp.ShiningBeetle 1.1,compare,85.52,±7.84,86.10,88.57,-4.91,1,2026-09-28 07:36:52,40.52,29.60
396,,sgp.SleepingGoat 1.1,compare,73.13,±7.84,73.75,62.86,-17.30,1,2026-09-28 13:33:58,41.23,31.04
397,,sheldor.micro.EpeeistDC 3.0,compare,60.05,±7.84,63.49,65.71,5.75,1,2026-09-28 08:39:38,76.50,82.49
398,,sheldor.mini.Foilist 1.3.1,compare,59.38,±7.84,73.33,65.71,12.18,1,2026-09-28 08:32:42,82.96,89.00
399,,sheldor.nano.FoilistNano 3.2,compare,65.69,±7.84,67.95,65.71,-1.19,1,2026-09-28 11:20:57,64.00,69.90
400,,sheldor.nano.PointInLine 1.0,compare,78.16,±7.84,80.21,88.57,2.84,1,2026-09-28 06:54:37,50.59,40.51
401,,sheldor.nano.PointInLineRRAL 1.0.0,compare,81.31,±7.84,84.45,82.86,-3.17,1,2026-09-28 10:35:03,57.31,54.72
402,,sheldor.nano.Retreat 1.0,compare,100.00,±7.84,100.00,100.00,0.01,1,2026-09-28 14:02:15,0.44,0.61
403,,sheldor.nano.Sabreur 1.1.2,compare,74.96,±7.84,85.12,94.29,7.91,1,2026-09-28 07:38:13,66.06,60.92
404,,sheldor.nano.SabreuseNano 1.1,compare,79.05,±7.84,89.32,100.00,12.85,1,2026-09-28 04:14:19,63.39,60.49
405,,shrub.Silver v048,compare,97.20,±7.84,97.99,100.00,1.80,1,2026-09-28 06:55:38,39.66,37.43
406,,sigterm.Sigterm 1.0,compare,84.29,±7.84,88.21,77.14,-2.65,1,2026-09-28 13:11:07,43.66,41.60
407,,simonton.GFNano_D 3.1b,compare,77.26,±7.84,78.19,77.14,-8.96,1,2026-09-28 07:57:55,56.23,52.21
408,,simonton.beta.LifelongObsession 0.5.1,compare,59.22,±7.84,59.41,60.00,10.45,1,2026-09-28 13:26:09,81.10,87.34
409,,simonton.micro.WeeklongObsession 3.4.1,compare,55.88,±7.84,66.64,60.00,1.02,1,2026-09-28 12:20:50,73.40,78.93
410,,simonton.nano.WeekendObsession_S 1.7,compare,77.90,±7.84,79.44,82.86,-0.51,1,2026-09-28 08:10:56,58.97,52.76
411,,skm.Ryubot 1.0,compare,90.52,±7.84,90.52,77.14,-8.73,1,2026-09-28 13:37:41,15.58,11.26
412,,skm.butterfly 1.0,compare,100.00,±7.84,100.00,100.00,1.00,1,2026-09-28 03:58:44,20.49,16.61
413,,slugzilla.Basilisk 3.9,compare,70.88,±7.84,77.41,80.00,17.06,1,2026-09-28 07:26:58,78.13,83.96
414,,slugzilla.Basilite 0.13,compare,70.54,±7.84,70.54,68.57,14.68,1,2026-09-28 12:08:02,74.57,81.63
415,,slugzilla.OrbitGF 1.0,compare,84.93,±7.84,85.00,80.00,-5.87,1,2026-09-28 13:32:05,51.92,47.41
416,,slugzilla.OrbitLinear 1.1,compare,96.63,±7.84,96.63,97.14,-0.17,1,2026-09-28 05:42:38,41.21,35.10
417,,slugzilla.OscillatePattern 1.0,compare,81.33,±7.84,81.33,71.43,-9.98,1,2026-09-28 12:50:14,48.80,44.43
418,,slugzilla.Parallax 0.1,compare,81.07,±7.84,81.59,97.14,4.36,1,2026-09-28 05:54:23,55.71,56.74
419,,slugzilla.SNGLinear 1.0,compare,99.09,±7.84,99.12,100.00,1.46,1,2026-09-28 04:31:21,43.82,40.64
420,,snowman.Snowman 1.0,compare,92.29,±7.84,92.29,80.00,-7.29,1,2026-09-28 13:11:45,10.01,7.25
421,,sos.SOS 1.0,compare,92.23,±7.84,95.31,97.14,10.97,1,2026-09-28 07:33:04,65.26,72.09
422,,spin.Bugstard 0.012b,compare,92.07,±7.84,95.24,100.00,2.86,1,2026-09-28 04:30:31,38.28,30.29
423,,spinnercat.Robovirus 2.718,compare,70.12,±7.84,71.43,60.00,-7.00,1,2026-09-28 11:57:43,63.94,64.41
424,,squidM.SurfinUSA 1.0,compare,96.41,±7.84,96.43,100.00,3.28,1,2026-09-28 05:14:12,59.02,61.25
425,,staticline.whiskey.Whiskey 0.6,compare,76.51,±7.84,86.74,77.14,3.71,1,2026-09-28 09:10:48,63.11,65.42
426,,stelo.Chord 1.0,compare,80.03,±7.84,82.72,91.43,11.49,1,2026-09-28 04:27:13,73.99,79.74
427,,stelo.FretNano 1.1,compare,70.80,±7.84,72.72,65.71,-13.66,1,2026-09-28 13:53:04,45.44,37.06
428,,stelo.Lifestealer 1.0,compare,75.63,±7.84,81.31,71.43,-8.07,1,2026-09-28 11:09:28,33.31,19.04
429,,stelo.MatchupMini 1.1,compare,70.34,±7.84,79.57,74.29,11.69,1,2026-09-28 08:56:53,64.67,70.57
430,,stelo.PianistNano 1.3,compare,76.88,±7.84,79.70,82.86,-3.11,1,2026-09-28 08:00:06,49.23,40.39
431,,stelo.Spread 0.9,compare,57.04,±7.84,58.67,54.29,4.57,1,2026-09-28 13:32:53,76.16,84.30
432,,stelo.UnfoolableNano 1.0,compare,76.57,±7.84,77.75,85.71,-3.85,1,2026-09-28 07:45:47,46.91,38.41
433,,stelo.UntouchableNano 1.4,compare,82.16,±7.84,83.33,82.86,-2.22,1,2026-09-28 08:49:36,51.64,47.41
434,,stf.PanzerGeneral 0.1,compare,79.41,±7.84,85.33,82.86,-3.90,1,2026-09-28 12:04:34,52.32,47.75
435,,stranger.nano.TestBot 1.0,compare,93.84,±7.84,95.58,100.00,4.84,1,2026-09-28 07:54:24,42.16,32.42
436,,stuff.Vlad 0.1,compare,89.35,±7.84,95.25,97.14,3.41,1,2026-09-28 05:56:01,40.88,29.93
437,,suh.mega.WaveSurferGF 1.04,compare,79.35,±7.84,81.44,85.71,9.23,1,2026-09-28 12:13:27,68.00,75.50
438,,suh.micro.WallPM 1.00,compare,82.66,±7.84,90.71,88.57,3.93,1,2026-09-28 07:32:42,49.61,44.52
439,,suh.nano.AntiGravityL 1.01,compare,90.10,±7.84,90.12,80.00,-7.26,1,2026-09-28 13:04:28,43.47,41.47
440,,suh.nano.CrossH 1.00,compare,89.18,±4.93,89.18,77.14,-9.81,2,2026-09-28 13:20:23,27.25,21.56
441,,suh.nano.MirrorH 1.01,compare,99.84,±7.84,99.84,100.00,1.08,1,2026-09-28 06:42:06,37.17,36.16
442,,suh.nano.RammingC 1.00,compare,79.03,±7.84,85.14,100.00,6.18,1,2026-09-28 06:45:09,49.20,37.21
443,,suh.nano.TargetH 1.00,compare,99.42,±7.84,99.42,100.00,0.26,1,2026-09-28 06:43:48,18.99,11.64
444,,suh.nano.TargetL 1.00,compare,87.49,±7.84,87.50,77.14,-9.97,1,2026-09-28 10:21:27,19.85,11.52
445,,suh.nano.Worst 1.02,compare,100.00,±7.84,100.00,100.00,0.04,1,2026-09-28 07:14:28,0.41,0.83
446,,sul.Bicephal 1.2,compare,77.51,±7.84,89.66,100.00,10.70,1,2026-09-28 05:47:50,56.50,49.08
447,,sul.BlueBot 1.0,compare,84.38,±7.84,84.39,68.57,-14.65,1,2026-09-28 12:26:56,39.98,37.26
448,,sul.Pinkbot 1.1,compare,93.22,±7.84,93.34,94.29,-1.04,1,2026-09-28 07:41:46,45.20,38.46
449,,supersample.SuperBoxBot 1.0,compare,85.55,±7.84,85.55,74.29,-11.77,1,2026-09-28 13:08:33,38.81,31.83
450,,supersample.SuperMercutio 1.0,compare,81.79,±7.84,82.50,91.43,6.72,1,2026-09-28 08:15:30,57.74,53.76
451,,supersample.SuperSpinBot 1.0,compare,78.93,±7.84,80.69,71.43,-10.39,1,2026-09-28 13:03:53,42.71,35.63
452,,supersample.SuperTrackFire 1.0,compare,77.77,±7.84,79.71,68.57,-15.36,1,2026-09-28 13:56:33,34.71,21.17
453,,supersample.SuperWalls 1.0,compare,92.73,±7.84,93.42,100.00,-1.33,1,2026-09-28 04:45:32,37.98,29.70
454,,suzushin7.nano.Galaxy02 1.01,compare,93.75,±7.84,93.85,91.43,-2.26,1,2026-09-28 08:45:34,38.48,33.57
455,,synnalagma.NeuralPremier 0.51,compare,82.09,±7.84,91.08,91.43,7.02,1,2026-09-28 07:40:52,60.53,64.83
456,,synnalagma.test.MiniNeural 1.1,compare,83.25,±7.84,86.98,97.14,-3.04,1,2026-09-28 06:08:02,50.21,50.77
457,,takeBot.SpiralCrash 1.0,compare,93.37,±7.84,95.00,100.00,1.82,1,2026-09-28 05:06:05,36.94,29.82
458,,tcf.Drifter 29,compare,65.27,±7.84,65.29,80.00,5.30,1,2026-09-28 07:44:00,64.59,66.26
459,,test.Fuzzer 1.0.1,compare,86.52,±7.84,88.01,94.29,4.58,1,2026-09-28 05:23:46,56.29,56.62
460,,tex.Longbot 0.4,compare,88.42,±7.84,89.07,88.57,-3.99,1,2026-09-28 07:19:18,31.81,21.77
461,,theo.QuarkSoup 1.5fga,compare,59.82,±7.84,60.11,62.86,-1.25,1,2026-09-28 13:07:05,70.38,76.02
462,,theo.avenge.Pequod 1.0,compare,47.13,±7.84,47.85,45.71,-10.19,1,2026-09-28 11:42:44,72.01,76.26
463,,theo.simple.Lucid 1.0,compare,57.22,±7.84,59.15,57.14,3.27,1,2026-09-28 13:09:31,70.00,78.25
464,,throxbot.ThroxBot 0.1,compare,93.83,±7.84,94.88,100.00,2.66,1,2026-09-28 04:29:14,42.68,38.49
465,,timmit.TimmiT 0.22,compare,74.12,±7.84,74.36,74.29,-11.64,1,2026-09-28 10:46:11,53.30,51.17
466,,timmit.micro.TimXJ 0.22,compare,72.03,±7.84,78.89,77.14,-3.00,1,2026-09-28 10:37:23,58.66,55.81
467,,tjk.deBroglie rev0108,compare,62.27,±7.84,64.35,71.43,22.05,1,2026-09-28 05:25:49,82.41,90.47
468,,tlp.ThreeLeggedPig 1,compare,95.64,±7.84,96.74,100.00,2.06,1,2026-09-28 04:50:34,38.39,36.31
469,,tobe.Fusion 1.0,compare,70.02,±7.84,79.78,62.86,-5.50,1,2026-09-28 09:04:05,53.76,56.11
470,,tobe.Saturn lambda,compare,66.90,±7.84,73.07,71.43,-6.51,1,2026-09-28 11:08:28,56.40,55.18
471,,tobe.mini.Charon 0.9,compare,80.45,±7.84,80.56,71.43,-16.22,1,2026-09-28 09:01:56,39.32,30.59
472,,toz.Gnome 1.1,compare,77.76,±7.84,78.72,77.14,-11.74,1,2026-09-28 10:30:50,48.44,44.87
473,,trab.Crusader 0.1.7,compare,67.36,±7.84,67.43,77.14,10.76,1,2026-09-28 08:37:28,77.59,84.49
474,,trab.nano.AinippeNano 1.3,compare,69.88,±7.84,71.01,62.86,-11.68,1,2026-09-28 13:53:26,52.71,50.80
475,,traker.Eraser 1,compare,95.51,±7.84,95.53,94.29,0.05,1,2026-09-28 04:34:55,53.61,62.13
476,,tzu.TheArtOfWar 1.2,compare,90.68,±7.84,90.68,100.00,7.84,1,2026-09-28 05:51:26,58.62,60.75
477,,ua.kiiv.kosyak.robocode.tn1.Tn1 2.0,compare,93.76,±7.84,94.99,97.14,2.41,1,2026-09-28 05:29:03,35.78,24.14
478,,uccc.Dorito 1.12,compare,83.87,±7.84,84.17,71.43,-12.00,1,2026-09-28 12:45:39,35.48,35.91
479,,vft.Hrist 1.0,compare,94.06,±7.84,98.85,97.14,3.92,1,2026-09-28 04:47:13,34.66,22.86
480,,vishius.Orbiter 1.0,compare,98.95,±7.84,99.16,100.00,1.93,1,2026-09-28 04:54:31,38.57,35.95
481,,voidious.Dookious 1.573c,compare,56.43,±7.84,69.54,65.71,20.02,1,2026-09-28 07:25:58,86.42,93.07
482,,voidious.micro.Jen 1.11,compare,63.36,±7.84,64.94,65.71,-8.62,1,2026-09-28 11:06:27,68.77,70.75
483,,voidious.mini.Komarious 1.88,compare,64.06,±7.84,66.09,65.71,8.18,1,2026-09-28 11:19:07,81.52,87.46
484,,vuen.Fractal 0.55,compare,76.35,±7.84,76.94,88.57,-4.88,1,2026-09-28 06:05:16,48.64,46.91
485,,wcsv.Stampede 1.3.3,compare,73.74,±7.84,83.36,65.71,-6.48,1,2026-09-28 13:25:05,53.78,51.25
486,,wcsv.Stampede2.Stampede2 1.1.0,compare,72.84,±7.84,86.37,88.57,8.59,1,2026-09-28 07:42:39,74.75,80.34
487,,whind.Strength 0.6.4,compare,83.23,±7.84,84.87,97.14,8.97,1,2026-09-28 04:53:13,64.71,69.13
488,,whind.StrengthBee 0.6.4,compare,65.74,±7.84,80.67,77.14,9.19,1,2026-09-28 05:24:22,73.40,81.60
489,,whitesquare.robots.SkynetAdvanced 1.1,compare,95.35,±7.84,95.51,100.00,1.10,1,2026-09-28 06:41:36,36.43,30.08
490,,wiki.BasicBulletShielder 1.0,compare,92.27,±7.84,92.27,80.00,0.09,1,2026-09-28 10:01:49,18.60,27.02
491,,wiki.Wolverine 2.1,compare,88.18,±7.84,88.84,94.29,0.32,1,2026-09-28 06:54:12,40.28,35.94
492,,wiki.mini.BlackDestroyer 0.9.0,compare,82.41,±7.84,83.38,97.14,15.99,1,2026-09-28 04:14:42,66.42,71.75
493,,wiki.mini.GouldingiHT 1.0,compare,95.77,±7.84,95.91,100.00,-0.05,1,2026-09-28 04:14:12,50.57,49.36
494,,wiki.nano.Flick 1.0,compare,83.90,±7.84,84.04,65.71,3.30,1,2026-09-28 13:57:38,54.00,74.11
495,,wilson.Chameleon 0.91,compare,80.27,±7.84,81.27,91.43,13.20,1,2026-09-28 06:48:11,69.00,74.81
496,,winamp32.micro.MicroMacro 1.0,compare,91.17,±7.84,91.66,85.71,-3.83,1,2026-09-28 13:16:36,39.65,36.17
497,,wit.Deep7 2.0,compare,99.64,±7.84,99.73,100.00,0.81,1,2026-09-28 07:05:54,22.15,24.73
498,,xander.cat.Mikey 1.2,compare,89.32,±7.84,95.14,100.00,9.62,1,2026-09-28 04:25:35,66.97,70.88
499,,xander.cat.Spitfire 1.4,compare,100.00,±7.84,100.00,100.00,35.48,1,2026-09-28 06:52:51,46.66,54.81
500,,xander.cat.XanderCat 12.9,compare,44.57,±7.84,53.17,48.57,14.77,1,2026-09-28 06:43:00,87.75,93.96
501,,zen.Lindada 0.2,compare,75.89,±7.84,78.02,91.43,5.81,1,2026-09-28 05:49:02,59.85,59.83
502,,zeze2.OperatorZeze 1.05,compare,75.38,±7.84,78.56,77.14,-4.47,1,2026-09-28 07:50:15,46.61,46.64
503,,zh.UnderDog 0.0.2,compare,95.21,±7.84,95.25,88.57,-4.30,1,2026-09-28 07:58:37,16.97,18.65
504,,zyx.nano.EscherichiaColi 1.0,compare,90.05,±7.84,93.80,91.43,0.76,1,2026-09-28 07:38:40,33.65,18.04
505,,zzx.Gron 1.14,compare,73.95,±7.84,74.26,68.57,-22.02,1,2026-09-28 12:01:30,42.08,33.56
506,,zzx.Ignohis 8.0,compare,80.30,±7.84,80.51,71.43,-13.64,1,2026-09-28 12:21:25,44.30,39.39
507,,zzx.Serunyr 2.0.2,compare,85.60,±7.84,85.90,77.14,-10.32,1,2026-09-28 08:39:56,24.22,16.32
