field	seed	build	rank	robot	score	firsts	survival	bulletDamage
A	1	3.8.5	1	aaa.r.ScalarR 0.005g.047	16769	13	11650	3741
A	1	3.8.5	2	jk.melee.Neuromancer 7.12	14679	8	10200	3467
A	1	3.8.5	3	hadur2.Hadur 3.8.5	11452	1	9500	1745
A	1	3.8.5	4	justin.Mallais 14.0	10896	2	7900	2644
A	1	3.8.5	5	ags.Glacier 0.2.11	10403	1	7750	2450
A	1	3.8.5	6	rsalesc.melee.Medina 0.4.5	9717	5	6150	2889
A	1	3.8.5	7	positive.Portia 1.26e	9601	3	6450	2810
A	1	3.8.5	8	wompi.Wallaby 5.1	9229	1	7050	2048
A	1	3.8.5	9	catcat20.Matcha 0.006	8734	0	6600	2045
A	1	3.8.5	10	stelo.PastFuture 2.3.2	8273	1	5450	2605
A	1	3.7	1	aaa.r.ScalarR 0.005g.047	18245	13	12600	4170
A	1	3.7	2	jk.melee.Neuromancer 7.12	15052	11	10700	3183
A	1	3.7	3	justin.Mallais 14.0	12286	3	8950	2879
A	1	3.7	4	positive.Portia 1.26e	11704	4	8400	2849
A	1	3.7	5	ags.Glacier 0.2.11	11260	1	8250	2818
A	1	3.7	6	rsalesc.melee.Medina 0.4.5	9131	1	6000	2904
A	1	3.7	7	hadur2.Hadur 3.7	8909	0	7200	1631
A	1	3.7	8	catcat20.Matcha 0.006	8831	2	6400	2156
A	1	3.7	9	wompi.Wallaby 5.1	7594	0	5550	2001
A	1	3.7	10	stelo.PastFuture 2.3.2	6861	0	4650	2144
A	2	3.8.5	1	aaa.r.ScalarR 0.005g.047	15836	12	10650	3835
A	2	3.8.5	2	jk.melee.Neuromancer 7.12	14400	8	10250	3204
A	2	3.8.5	3	hadur2.Hadur 3.8.5	12113	2	9900	1944
A	2	3.8.5	4	justin.Mallais 14.0	10991	2	8150	2543
A	2	3.8.5	5	positive.Portia 1.26e	10685	3	7500	2802
A	2	3.8.5	6	ags.Glacier 0.2.11	10067	1	7400	2465
A	2	3.8.5	7	catcat20.Matcha 0.006	9784	2	7100	2412
A	2	3.8.5	8	stelo.PastFuture 2.3.2	9607	2	6650	2662
A	2	3.8.5	9	rsalesc.melee.Medina 0.4.5	9525	2	6400	2823
A	2	3.8.5	10	wompi.Wallaby 5.1	6693	1	4750	1778
A	2	3.7	1	aaa.r.ScalarR 0.005g.047	16453	14	11100	3912
A	2	3.7	2	jk.melee.Neuromancer 7.12	15628	10	10900	3645
A	2	3.7	3	hadur2.Hadur 3.7	11719	5	9250	1877
A	2	3.7	4	ags.Glacier 0.2.11	11597	0	8800	2707
A	2	3.7	5	positive.Portia 1.26e	10088	2	6900	2905
A	2	3.7	6	catcat20.Matcha 0.006	9962	2	7200	2515
A	2	3.7	7	wompi.Wallaby 5.1	9936	0	7700	2168
A	2	3.7	8	rsalesc.melee.Medina 0.4.5	9651	1	6500	2931
A	2	3.7	9	justin.Mallais 14.0	9376	1	6800	2356
A	2	3.7	10	stelo.PastFuture 2.3.2	5729	1	3450	2124
A	3	3.8.5	1	aaa.r.ScalarR 0.005g.047	16602	12	11500	3760
A	3	3.8.5	2	jk.melee.Neuromancer 7.12	12524	5	9100	2802
A	3	3.8.5	3	ags.Glacier 0.2.11	12028	3	8750	2855
A	3	3.8.5	4	justin.Mallais 14.0	11743	3	8650	2620
A	3	3.8.5	5	hadur2.Hadur 3.8.5	11000	0	9200	1694
A	3	3.8.5	6	rsalesc.melee.Medina 0.4.5	10951	3	7200	3308
A	3	3.8.5	7	positive.Portia 1.26e	10905	5	7450	2863
A	3	3.8.5	8	catcat20.Matcha 0.006	9104	2	6650	2209
A	3	3.8.5	9	wompi.Wallaby 5.1	8001	1	5850	2007
A	3	3.8.5	10	stelo.PastFuture 2.3.2	6753	1	4200	2383
A	3	3.7	1	aaa.r.ScalarR 0.005g.047	15965	12	10850	3768
A	3	3.7	2	jk.melee.Neuromancer 7.12	14816	10	10550	3131
A	3	3.7	3	justin.Mallais 14.0	11282	0	8600	2548
A	3	3.7	4	hadur2.Hadur 3.7	11249	2	9000	1943
A	3	3.7	5	catcat20.Matcha 0.006	10796	2	7750	2733
A	3	3.7	6	ags.Glacier 0.2.11	10353	0	7650	2611
A	3	3.7	7	positive.Portia 1.26e	10331	4	7100	2746
A	3	3.7	8	wompi.Wallaby 5.1	8551	3	6400	1830
A	3	3.7	9	rsalesc.melee.Medina 0.4.5	8253	1	5300	2768
A	3	3.7	10	stelo.PastFuture 2.3.2	8113	1	5500	2405
A	4	3.8.5	1	aaa.r.ScalarR 0.005g.047	17747	15	12000	4109
A	4	3.8.5	2	jk.melee.Neuromancer 7.12	15028	7	11000	3217
A	4	3.8.5	3	catcat20.Matcha 0.006	11014	3	8000	2637
A	4	3.8.5	4	justin.Mallais 14.0	10612	3	7650	2471
A	4	3.8.5	5	ags.Glacier 0.2.11	10298	1	7500	2597
A	4	3.8.5	6	hadur2.Hadur 3.8.5	10207	1	8350	1676
A	4	3.8.5	7	positive.Portia 1.26e	9424	1	6550	2715
A	4	3.8.5	8	wompi.Wallaby 5.1	9070	1	6850	2087
A	4	3.8.5	9	rsalesc.melee.Medina 0.4.5	8613	2	5600	2739
A	4	3.8.5	10	stelo.PastFuture 2.3.2	8038	1	5250	2571
A	4	3.7	1	aaa.r.ScalarR 0.005g.047	17217	12	11950	3962
A	4	3.7	2	jk.melee.Neuromancer 7.12	15943	12	11350	3258
A	4	3.7	3	hadur2.Hadur 3.7	12319	2	10200	1810
A	4	3.7	4	wompi.Wallaby 5.1	11006	1	8450	2349
A	4	3.7	5	ags.Glacier 0.2.11	10192	0	7350	2718
A	4	3.7	6	positive.Portia 1.26e	10089	4	6550	3028
A	4	3.7	7	catcat20.Matcha 0.006	9842	2	7150	2512
A	4	3.7	8	rsalesc.melee.Medina 0.4.5	9139	2	5850	2940
A	4	3.7	9	justin.Mallais 14.0	8498	1	6150	2206
A	4	3.7	10	stelo.PastFuture 2.3.2	5858	0	3650	2117
A	5	3.8.5	1	aaa.r.ScalarR 0.005g.047	17510	15	11900	3965
A	5	3.8.5	2	jk.melee.Neuromancer 7.12	15144	8	11100	3142
A	5	3.8.5	3	rsalesc.melee.Medina 0.4.5	11614	4	7600	3445
A	5	3.8.5	4	justin.Mallais 14.0	11045	2	7950	2776
A	5	3.8.5	5	catcat20.Matcha 0.006	11009	3	8150	2486
A	5	3.8.5	6	ags.Glacier 0.2.11	10758	1	7800	2742
A	5	3.8.5	7	positive.Portia 1.26e	10037	0	7300	2629
A	5	3.8.5	8	hadur2.Hadur 3.8.5	9593	1	7700	1705
A	5	3.8.5	9	wompi.Wallaby 5.1	6903	0	5150	1716
A	5	3.8.5	10	stelo.PastFuture 2.3.2	6531	1	4050	2338
A	5	3.7	1	jk.melee.Neuromancer 7.12	15925	13	11100	3423
A	5	3.7	2	aaa.r.ScalarR 0.005g.047	13758	8	9700	3119
A	5	3.7	3	ags.Glacier 0.2.11	13271	2	9750	3167
A	5	3.7	4	hadur2.Hadur 3.7	11351	2	8950	2082
A	5	3.7	5	justin.Mallais 14.0	11079	3	7950	2680
A	5	3.7	6	positive.Portia 1.26e	10527	3	7100	3071
A	5	3.7	7	catcat20.Matcha 0.006	9181	0	6700	2418
A	5	3.7	8	stelo.PastFuture 2.3.2	8809	2	6050	2473
A	5	3.7	9	rsalesc.melee.Medina 0.4.5	8541	2	5250	2992
A	5	3.7	10	wompi.Wallaby 5.1	7909	0	6050	1836
A	6	3.8.5	1	jk.melee.Neuromancer 7.12	15806	12	11350	3125
A	6	3.8.5	2	aaa.r.ScalarR 0.005g.047	14762	6	10550	3453
A	6	3.8.5	3	justin.Mallais 14.0	12708	3	9500	2752
A	6	3.8.5	4	rsalesc.melee.Medina 0.4.5	11298	4	7400	3331
A	6	3.8.5	5	ags.Glacier 0.2.11	11228	3	8100	2747
A	6	3.8.5	6	positive.Portia 1.26e	10827	3	7500	2918
A	6	3.8.5	7	catcat20.Matcha 0.006	10339	3	7400	2561
A	6	3.8.5	8	hadur2.Hadur 3.8.5	9275	1	7400	1691
A	6	3.8.5	9	wompi.Wallaby 5.1	7020	0	5050	1915
A	6	3.8.5	10	stelo.PastFuture 2.3.2	6747	0	4400	2270
A	6	3.7	1	jk.melee.Neuromancer 7.12	17546	15	12400	3465
A	6	3.7	2	aaa.r.ScalarR 0.005g.047	16200	9	11500	3661
A	6	3.7	3	ags.Glacier 0.2.11	11713	2	8550	2866
A	6	3.7	4	hadur2.Hadur 3.7	10477	2	8550	1652
A	6	3.7	5	positive.Portia 1.26e	10406	2	7300	2799
A	6	3.7	6	rsalesc.melee.Medina 0.4.5	10378	3	6650	3261
A	6	3.7	7	catcat20.Matcha 0.006	9057	2	6300	2500
A	6	3.7	8	wompi.Wallaby 5.1	8632	0	6600	1949
A	6	3.7	9	justin.Mallais 14.0	8560	0	6300	2167
A	6	3.7	10	stelo.PastFuture 2.3.2	6824	0	4500	2236
A	7	3.8.5	1	aaa.r.ScalarR 0.005g.047	17615	16	11550	4374
A	7	3.8.5	2	jk.melee.Neuromancer 7.12	14660	6	10650	3305
A	7	3.8.5	3	hadur2.Hadur 3.8.5	11710	1	9650	1872
A	7	3.8.5	4	rsalesc.melee.Medina 0.4.5	11636	4	7550	3532
A	7	3.8.5	5	justin.Mallais 14.0	10297	2	7700	2299
A	7	3.8.5	6	ags.Glacier 0.2.11	9892	1	7150	2511
A	7	3.8.5	7	catcat20.Matcha 0.006	9266	3	6600	2300
A	7	3.8.5	8	positive.Portia 1.26e	8977	0	6400	2469
A	7	3.8.5	9	stelo.PastFuture 2.3.2	8144	2	5300	2559
A	7	3.8.5	10	wompi.Wallaby 5.1	8080	0	6150	1868
A	7	3.7	1	aaa.r.ScalarR 0.005g.047	17479	11	12550	3684
A	7	3.7	2	jk.melee.Neuromancer 7.12	14885	5	11000	3175
A	7	3.7	3	catcat20.Matcha 0.006	13068	7	8950	3352
A	7	3.7	4	rsalesc.melee.Medina 0.4.5	11348	3	7500	3405
A	7	3.7	5	hadur2.Hadur 3.7	11253	1	9150	1891
A	7	3.7	6	positive.Portia 1.26e	9705	3	6600	2716
A	7	3.7	7	ags.Glacier 0.2.11	9040	1	6400	2448
A	7	3.7	8	justin.Mallais 14.0	9005	2	6450	2258
A	7	3.7	9	stelo.PastFuture 2.3.2	7243	2	4700	2274
A	7	3.7	10	wompi.Wallaby 5.1	7233	0	5450	1737
A	8	3.8.5	1	aaa.r.ScalarR 0.005g.047	16212	13	10800	3970
A	8	3.8.5	2	jk.melee.Neuromancer 7.12	15078	12	10350	3379
A	8	3.8.5	3	ags.Glacier 0.2.11	11703	3	8450	2826
A	8	3.8.5	4	hadur2.Hadur 3.8.5	11471	1	9450	1803
A	8	3.8.5	5	justin.Mallais 14.0	10833	2	8050	2474
A	8	3.8.5	6	catcat20.Matcha 0.006	10828	2	7950	2608
A	8	3.8.5	7	positive.Portia 1.26e	10709	1	7600	2910
A	8	3.8.5	8	stelo.PastFuture 2.3.2	8390	0	5550	2692
A	8	3.8.5	9	wompi.Wallaby 5.1	8262	0	6200	2023
A	8	3.8.5	10	rsalesc.melee.Medina 0.4.5	7183	1	4350	2611
A	8	3.7	1	aaa.r.ScalarR 0.005g.047	16760	11	11650	3881
A	8	3.7	2	jk.melee.Neuromancer 7.12	15518	10	11200	3255
A	8	3.7	3	ags.Glacier 0.2.11	13195	3	9700	3060
A	8	3.7	4	positive.Portia 1.26e	12055	3	8300	3297
A	8	3.7	5	hadur2.Hadur 3.7	11316	0	9250	1941
A	8	3.7	6	wompi.Wallaby 5.1	9842	4	7450	1960
A	8	3.7	7	catcat20.Matcha 0.006	8669	3	6250	2061
A	8	3.7	8	rsalesc.melee.Medina 0.4.5	8283	1	5450	2753
A	8	3.7	9	justin.Mallais 14.0	7100	0	5150	1865
A	8	3.7	10	stelo.PastFuture 2.3.2	6720	1	4250	2294
A	9	3.8.5	1	aaa.r.ScalarR 0.005g.047	16357	13	11250	3655
A	9	3.8.5	2	jk.melee.Neuromancer 7.12	15082	8	10800	3334
A	9	3.8.5	3	ags.Glacier 0.2.11	12376	3	8700	3172
A	9	3.8.5	4	catcat20.Matcha 0.006	11461	2	8650	2509
A	9	3.8.5	5	hadur2.Hadur 3.8.5	10694	3	8800	1626
A	9	3.8.5	6	rsalesc.melee.Medina 0.4.5	10150	3	6600	3151
A	9	3.8.5	7	justin.Mallais 14.0	9399	0	7100	2183
A	9	3.8.5	8	positive.Portia 1.26e	9074	3	6050	2635
A	9	3.8.5	9	wompi.Wallaby 5.1	8521	1	6350	2147
A	9	3.8.5	10	stelo.PastFuture 2.3.2	6432	0	4250	2009
A	9	3.7	1	aaa.r.ScalarR 0.005g.047	18763	17	12700	4211
A	9	3.7	2	jk.melee.Neuromancer 7.12	13680	7	9750	3059
A	9	3.7	3	justin.Mallais 14.0	11585	2	8950	2345
A	9	3.7	4	hadur2.Hadur 3.7	11218	1	9250	1784
A	9	3.7	5	ags.Glacier 0.2.11	11058	0	8150	2772
A	9	3.7	6	positive.Portia 1.26e	10996	2	7650	2963
A	9	3.7	7	rsalesc.melee.Medina 0.4.5	9546	4	6300	2755
A	9	3.7	8	catcat20.Matcha 0.006	8813	1	6350	2307
A	9	3.7	9	wompi.Wallaby 5.1	7843	1	5800	1919
A	9	3.7	10	stelo.PastFuture 2.3.2	5974	0	3700	2206
A	10	3.8.5	1	aaa.r.ScalarR 0.005g.047	14918	9	10350	3539
A	10	3.8.5	2	jk.melee.Neuromancer 7.12	14268	9	9950	3261
A	10	3.8.5	3	positive.Portia 1.26e	12933	8	8700	3353
A	10	3.8.5	4	hadur2.Hadur 3.8.5	11425	1	9350	1869
A	10	3.8.5	5	ags.Glacier 0.2.11	11328	3	8050	2870
A	10	3.8.5	6	justin.Mallais 14.0	11293	3	8300	2589
A	10	3.8.5	7	catcat20.Matcha 0.006	10129	1	7600	2335
A	10	3.8.5	8	rsalesc.melee.Medina 0.4.5	8837	0	5900	2823
A	10	3.8.5	9	wompi.Wallaby 5.1	8671	0	6450	2154
A	10	3.8.5	10	stelo.PastFuture 2.3.2	6477	1	3850	2457
A	10	3.7	1	aaa.r.ScalarR 0.005g.047	17863	12	11900	4524
A	10	3.7	2	jk.melee.Neuromancer 7.12	15273	10	10450	3647
A	10	3.7	3	hadur2.Hadur 3.7	12438	3	10250	1810
A	10	3.7	4	justin.Mallais 14.0	11407	3	8550	2512
A	10	3.7	5	ags.Glacier 0.2.11	11291	1	8600	2499
A	10	3.7	6	positive.Portia 1.26e	10747	2	7800	2620
A	10	3.7	7	rsalesc.melee.Medina 0.4.5	9845	2	6350	3153
A	10	3.7	8	catcat20.Matcha 0.006	8977	2	6400	2310
A	10	3.7	9	wompi.Wallaby 5.1	6862	0	5050	1750
A	10	3.7	10	stelo.PastFuture 2.3.2	5539	0	3350	2104
B	1	3.8.5	1	jk.melee.Neuromancer 7.12	14754	8	10450	3349
B	1	3.8.5	2	justin.DemonicRage 3.4	14468	9	9750	3633
B	1	3.8.5	3	kc.mini.Mirage 0.2	13644	5	10150	2862
B	1	3.8.5	4	abc.Shadow 3.84i	12746	5	9050	3090
B	1	3.8.5	5	rz.Aleph 0.34	11358	1	8400	2735
B	1	3.8.5	6	hadur2.Hadur 3.8.5	10769	1	8550	2004
B	1	3.8.5	7	wompi.Wallaby 5.1	10186	1	7600	2426
B	1	3.8.5	8	stelo.Spread 0.9	8059	2	5250	2550
B	1	3.8.5	9	stelo.PastFuture 2.3.2	7965	2	5200	2491
B	1	3.8.5	10	kc.micro.Figment 1.0	7077	1	4350	2492
B	1	3.7	1	jk.melee.Neuromancer 7.12	16883	15	11000	4151
B	1	3.7	2	kc.mini.Mirage 0.2	14217	6	10400	3082
B	1	3.7	3	justin.DemonicRage 3.4	13444	4	9900	3031
B	1	3.7	4	rz.Aleph 0.34	12234	4	9100	2593
B	1	3.7	5	abc.Shadow 3.84i	11875	1	8850	2826
B	1	3.7	6	hadur2.Hadur 3.7	11281	3	8950	1932
B	1	3.7	7	wompi.Wallaby 5.1	8667	1	6150	2342
B	1	3.7	8	stelo.PastFuture 2.3.2	8297	1	5500	2599
B	1	3.7	9	stelo.Spread 0.9	7621	0	4650	2812
B	1	3.7	10	kc.micro.Figment 1.0	7061	0	4250	2645
B	2	3.8.5	1	kc.mini.Mirage 0.2	15442	10	10700	3515
B	2	3.8.5	2	justin.DemonicRage 3.4	14204	5	10100	3460
B	2	3.8.5	3	jk.melee.Neuromancer 7.12	14155	8	9800	3395
B	2	3.8.5	4	abc.Shadow 3.84i	11279	2	8200	2763
B	2	3.8.5	5	hadur2.Hadur 3.8.5	11108	1	8950	1943
B	2	3.8.5	6	rz.Aleph 0.34	10504	3	7650	2479
B	2	3.8.5	7	stelo.Spread 0.9	10160	3	7000	2794
B	2	3.8.5	8	wompi.Wallaby 5.1	9513	1	6900	2431
B	2	3.8.5	9	stelo.PastFuture 2.3.2	7756	1	5250	2331
B	2	3.8.5	10	kc.micro.Figment 1.0	6522	1	4200	2155
B	2	3.7	1	jk.melee.Neuromancer 7.12	16936	12	11850	3726
B	2	3.7	2	kc.mini.Mirage 0.2	13676	7	9600	3190
B	2	3.7	3	abc.Shadow 3.84i	13338	6	9600	3008
B	2	3.7	4	justin.DemonicRage 3.4	13331	5	9400	3279
B	2	3.7	5	rz.Aleph 0.34	10699	1	8400	2099
B	2	3.7	6	hadur2.Hadur 3.7	9985	0	8100	1782
B	2	3.7	7	stelo.PastFuture 2.3.2	9101	1	6100	2800
B	2	3.7	8	wompi.Wallaby 5.1	8555	1	6200	2200
B	2	3.7	9	kc.micro.Figment 1.0	8261	2	5300	2630
B	2	3.7	10	stelo.Spread 0.9	6954	0	4150	2699
B	3	3.8.5	1	jk.melee.Neuromancer 7.12	14703	9	10100	3562
B	3	3.8.5	2	rz.Aleph 0.34	13409	5	9500	3207
B	3	3.8.5	3	abc.Shadow 3.84i	13258	3	9750	3078
B	3	3.8.5	4	justin.DemonicRage 3.4	12968	4	9150	3244
B	3	3.8.5	5	kc.mini.Mirage 0.2	12734	7	9150	2836
B	3	3.8.5	6	hadur2.Hadur 3.8.5	11044	2	8650	2079
B	3	3.8.5	7	stelo.PastFuture 2.3.2	8938	1	5900	2875
B	3	3.8.5	8	wompi.Wallaby 5.1	8698	2	6250	2212
B	3	3.8.5	9	stelo.Spread 0.9	8430	1	5500	2648
B	3	3.8.5	10	kc.micro.Figment 1.0	7462	1	4800	2452
B	3	3.7	1	jk.melee.Neuromancer 7.12	18199	14	12350	4209
B	3	3.7	2	justin.DemonicRage 3.4	14489	5	10500	3324
B	3	3.7	3	kc.mini.Mirage 0.2	12413	3	9000	2914
B	3	3.7	4	abc.Shadow 3.84i	12077	6	8700	2668
B	3	3.7	5	rz.Aleph 0.34	11632	2	8400	2897
B	3	3.7	6	hadur2.Hadur 3.7	10941	1	8650	2040
B	3	3.7	7	wompi.Wallaby 5.1	10202	2	7700	2218
B	3	3.7	8	stelo.Spread 0.9	7413	2	4650	2478
B	3	3.7	9	kc.micro.Figment 1.0	7021	0	4500	2350
B	3	3.7	10	stelo.PastFuture 2.3.2	6548	0	4300	2150
B	4	3.8.5	1	jk.melee.Neuromancer 7.12	15493	9	10650	3738
B	4	3.8.5	2	rz.Aleph 0.34	14435	5	10650	3160
B	4	3.8.5	3	justin.DemonicRage 3.4	12920	3	8950	3473
B	4	3.8.5	4	abc.Shadow 3.84i	12200	6	8900	2621
B	4	3.8.5	5	kc.mini.Mirage 0.2	11499	6	8300	2549
B	4	3.8.5	6	hadur2.Hadur 3.8.5	11296	2	8900	2100
B	4	3.8.5	7	wompi.Wallaby 5.1	10013	1	7550	2289
B	4	3.8.5	8	kc.micro.Figment 1.0	8105	0	5150	2772
B	4	3.8.5	9	stelo.Spread 0.9	7415	3	4700	2314
B	4	3.8.5	10	stelo.PastFuture 2.3.2	7384	0	4800	2508
B	4	3.7	1	jk.melee.Neuromancer 7.12	14614	8	10050	3614
B	4	3.7	2	rz.Aleph 0.34	14434	6	10150	3499
B	4	3.7	3	kc.mini.Mirage 0.2	14269	4	10300	3375
B	4	3.7	4	abc.Shadow 3.84i	13413	7	9650	2979
B	4	3.7	5	justin.DemonicRage 3.4	11231	4	8000	2741
B	4	3.7	6	wompi.Wallaby 5.1	10509	1	8050	2299
B	4	3.7	7	hadur2.Hadur 3.7	9914	2	7700	1910
B	4	3.7	8	stelo.PastFuture 2.3.2	8048	0	5650	2237
B	4	3.7	9	kc.micro.Figment 1.0	7595	3	4750	2372
B	4	3.7	10	stelo.Spread 0.9	7063	0	4450	2460
B	5	3.8.5	1	jk.melee.Neuromancer 7.12	16402	13	11250	3738
B	5	3.8.5	2	abc.Shadow 3.84i	14576	5	10500	3449
B	5	3.8.5	3	justin.DemonicRage 3.4	12856	5	9050	3145
B	5	3.8.5	4	rz.Aleph 0.34	12335	2	8950	2958
B	5	3.8.5	5	kc.mini.Mirage 0.2	11101	4	8100	2528
B	5	3.8.5	6	hadur2.Hadur 3.8.5	10858	2	8800	1767
B	5	3.8.5	7	wompi.Wallaby 5.1	10765	1	8050	2526
B	5	3.8.5	8	stelo.Spread 0.9	8432	2	5500	2636
B	5	3.8.5	9	stelo.PastFuture 2.3.2	6832	1	4300	2334
B	5	3.8.5	10	kc.micro.Figment 1.0	6751	0	4250	2335
B	5	3.7	1	jk.melee.Neuromancer 7.12	15966	13	10650	3861
B	5	3.7	2	justin.DemonicRage 3.4	14932	9	10050	3756
B	5	3.7	3	rz.Aleph 0.34	13619	2	10000	3171
B	5	3.7	4	abc.Shadow 3.84i	12008	0	9100	2773
B	5	3.7	5	kc.mini.Mirage 0.2	11845	2	8350	3125
B	5	3.7	6	hadur2.Hadur 3.7	9963	2	7950	1729
B	5	3.7	7	stelo.Spread 0.9	9207	6	6100	2456
B	5	3.7	8	wompi.Wallaby 5.1	9053	1	6900	2011
B	5	3.7	9	stelo.PastFuture 2.3.2	7653	0	4750	2727
B	5	3.7	10	kc.micro.Figment 1.0	7483	0	4850	2407
B	6	3.8.5	1	jk.melee.Neuromancer 7.12	16070	11	10850	3890
B	6	3.8.5	2	justin.DemonicRage 3.4	13938	5	9900	3361
B	6	3.8.5	3	rz.Aleph 0.34	12926	4	9550	2852
B	6	3.8.5	4	kc.mini.Mirage 0.2	11688	4	8250	2938
B	6	3.8.5	5	abc.Shadow 3.84i	11642	3	8600	2645
B	6	3.8.5	6	hadur2.Hadur 3.8.5	11620	5	8950	2083
B	6	3.8.5	7	wompi.Wallaby 5.1	9259	0	6950	2238
B	6	3.8.5	8	stelo.PastFuture 2.3.2	8399	2	5500	2583
B	6	3.8.5	9	stelo.Spread 0.9	8127	0	5400	2617
B	6	3.8.5	10	kc.micro.Figment 1.0	7849	1	4800	2805
B	6	3.7	1	jk.melee.Neuromancer 7.12	16484	15	11400	3478
B	6	3.7	2	kc.mini.Mirage 0.2	14906	7	10650	3377
B	6	3.7	3	justin.DemonicRage 3.4	14129	3	10300	3368
B	6	3.7	4	rz.Aleph 0.34	12321	1	9100	2954
B	6	3.7	5	hadur2.Hadur 3.7	9949	0	8150	1716
B	6	3.7	6	abc.Shadow 3.84i	9859	4	7100	2283
B	6	3.7	7	stelo.PastFuture 2.3.2	9229	3	5950	2858
B	6	3.7	8	wompi.Wallaby 5.1	9026	0	6750	2160
B	6	3.7	9	kc.micro.Figment 1.0	8473	1	5200	2806
B	6	3.7	10	stelo.Spread 0.9	6949	1	4050	2624
B	7	3.8.5	1	jk.melee.Neuromancer 7.12	15875	13	10900	3542
B	7	3.8.5	2	justin.DemonicRage 3.4	14349	7	10300	3203
B	7	3.8.5	3	rz.Aleph 0.34	13254	5	9350	3240
B	7	3.8.5	4	kc.mini.Mirage 0.2	12365	4	8900	2906
B	7	3.8.5	5	abc.Shadow 3.84i	11560	2	8700	2557
B	7	3.8.5	6	hadur2.Hadur 3.8.5	11176	0	8850	2211
B	7	3.8.5	7	stelo.Spread 0.9	9090	1	5950	2939
B	7	3.8.5	8	wompi.Wallaby 5.1	8600	1	6250	2182
B	7	3.8.5	9	kc.micro.Figment 1.0	7652	1	4850	2500
B	7	3.8.5	10	stelo.PastFuture 2.3.2	7615	1	4700	2618
B	7	3.7	1	justin.DemonicRage 3.4	16024	12	11200	3468
B	7	3.7	2	jk.melee.Neuromancer 7.12	15035	8	10350	3715
B	7	3.7	3	abc.Shadow 3.84i	13455	3	10000	3020
B	7	3.7	4	rz.Aleph 0.34	11397	2	8650	2431
B	7	3.7	5	kc.mini.Mirage 0.2	10942	2	7750	2859
B	7	3.7	6	stelo.Spread 0.9	9599	5	6150	2839
B	7	3.7	7	kc.micro.Figment 1.0	9562	0	6400	2960
B	7	3.7	8	hadur2.Hadur 3.7	9451	2	7600	1585
B	7	3.7	9	wompi.Wallaby 5.1	8656	1	6300	2209
B	7	3.7	10	stelo.PastFuture 2.3.2	7247	0	4350	2691
B	8	3.8.5	1	jk.melee.Neuromancer 7.12	16892	13	11450	3967
B	8	3.8.5	2	abc.Shadow 3.84i	14070	5	10400	3036
B	8	3.8.5	3	kc.mini.Mirage 0.2	12906	4	9500	2873
B	8	3.8.5	4	rz.Aleph 0.34	11769	1	8650	2799
B	8	3.8.5	5	justin.DemonicRage 3.4	10617	5	7150	2783
B	8	3.8.5	6	hadur2.Hadur 3.8.5	10504	2	8350	1839
B	8	3.8.5	7	stelo.Spread 0.9	10293	2	6850	3086
B	8	3.8.5	8	wompi.Wallaby 5.1	9698	2	7100	2342
B	8	3.8.5	9	stelo.PastFuture 2.3.2	8026	0	5500	2451
B	8	3.8.5	10	kc.micro.Figment 1.0	6284	1	3800	2167
B	8	3.7	1	jk.melee.Neuromancer 7.12	16683	14	11150	3934
B	8	3.7	2	justin.DemonicRage 3.4	14891	7	10650	3421
B	8	3.7	3	kc.mini.Mirage 0.2	13338	4	9850	2936
B	8	3.7	4	rz.Aleph 0.34	12371	3	9000	2920
B	8	3.7	5	abc.Shadow 3.84i	11256	0	8550	2603
B	8	3.7	6	hadur2.Hadur 3.7	10391	1	8250	1895
B	8	3.7	7	wompi.Wallaby 5.1	9183	2	6700	2207
B	8	3.7	8	kc.micro.Figment 1.0	7841	0	4800	2696
B	8	3.7	9	stelo.Spread 0.9	7549	2	4950	2308
B	8	3.7	10	stelo.PastFuture 2.3.2	7402	2	4750	2327
B	9	3.8.5	1	jk.melee.Neuromancer 7.12	17606	16	11500	4305
B	9	3.8.5	2	justin.DemonicRage 3.4	15123	10	10600	3399
B	9	3.8.5	3	abc.Shadow 3.84i	13248	4	9800	2939
B	9	3.8.5	4	rz.Aleph 0.34	10984	1	8150	2527
B	9	3.8.5	5	hadur2.Hadur 3.8.5	10977	1	8850	1914
B	9	3.8.5	6	kc.mini.Mirage 0.2	10272	2	7350	2648
B	9	3.8.5	7	stelo.Spread 0.9	9151	1	6300	2602
B	9	3.8.5	8	wompi.Wallaby 5.1	8374	0	6200	2107
B	9	3.8.5	9	stelo.PastFuture 2.3.2	8245	0	5400	2716
B	9	3.8.5	10	kc.micro.Figment 1.0	7053	0	4500	2409
B	9	3.7	1	jk.melee.Neuromancer 7.12	15352	6	10750	3841
B	9	3.7	2	justin.DemonicRage 3.4	14682	7	10450	3379
B	9	3.7	3	abc.Shadow 3.84i	13588	8	10050	2658
B	9	3.7	4	rz.Aleph 0.34	13139	4	9900	2719
B	9	3.7	5	kc.mini.Mirage 0.2	12491	6	8700	3084
B	9	3.7	6	hadur2.Hadur 3.7	10867	3	8350	2133
B	9	3.7	7	wompi.Wallaby 5.1	10031	0	7650	2302
B	9	3.7	8	stelo.PastFuture 2.3.2	7548	0	4800	2604
B	9	3.7	9	stelo.Spread 0.9	6828	1	4350	2298
B	9	3.7	10	kc.micro.Figment 1.0	6365	0	3700	2506
B	10	3.8.5	1	abc.Shadow 3.84i	14540	7	10400	3290
B	10	3.8.5	2	kc.mini.Mirage 0.2	13582	5	9950	3019
B	10	3.8.5	3	jk.melee.Neuromancer 7.12	13095	10	8450	3475
B	10	3.8.5	4	rz.Aleph 0.34	12803	3	9650	2734
B	10	3.8.5	5	justin.DemonicRage 3.4	12512	4	8900	3068
B	10	3.8.5	6	hadur2.Hadur 3.8.5	11638	3	9150	2074
B	10	3.8.5	7	wompi.Wallaby 5.1	9680	1	7050	2428
B	10	3.8.5	8	stelo.Spread 0.9	9511	2	6450	2741
B	10	3.8.5	9	stelo.PastFuture 2.3.2	7644	0	4950	2607
B	10	3.8.5	10	kc.micro.Figment 1.0	6186	0	3650	2341
B	10	3.7	1	jk.melee.Neuromancer 7.12	15100	11	10050	3793
B	10	3.7	2	abc.Shadow 3.84i	14302	7	10550	2909
B	10	3.7	3	rz.Aleph 0.34	12931	5	9200	3033
B	10	3.7	4	kc.mini.Mirage 0.2	11566	3	8250	2885
B	10	3.7	5	justin.DemonicRage 3.4	11559	3	8200	2952
B	10	3.7	6	hadur2.Hadur 3.7	11372	2	9250	1858
B	10	3.7	7	stelo.PastFuture 2.3.2	9493	2	6350	2846
B	10	3.7	8	stelo.Spread 0.9	8881	1	6000	2631
B	10	3.7	9	wompi.Wallaby 5.1	8650	1	6450	2028
B	10	3.7	10	kc.micro.Figment 1.0	6628	0	4350	2161
C	1	3.8.5	1	cb.fire.Firestarter 2.0f	16617	12	11050	4116
C	1	3.8.5	2	voidious.Diamond 1.8.28	15057	7	10200	3980
C	1	3.8.5	3	abc.Shadow 3.84i	12885	4	9750	2674
C	1	3.8.5	4	hadur2.Hadur 3.8.5	11610	4	8950	2145
C	1	3.8.5	5	wompi.Numbat 2.1	10253	2	7850	2147
C	1	3.8.5	6	ags.Glacier 0.2.11	10157	1	7200	2746
C	1	3.8.5	7	justin.Mallais 14.0	9798	2	6850	2639
C	1	3.8.5	8	wompi.Wallaby 5.1	9738	1	7200	2354
C	1	3.8.5	9	catcat20.Lambda 0.024	7460	2	5100	2090
C	1	3.8.5	10	kc.micro.Figment 1.0	6994	0	4450	2396
C	1	3.7	1	catcat20.Lambda 0.024	1696	1	1100	490
C	1	3.7	2	wompi.Numbat 2.1	1608	2	1100	299
C	1	3.7	3	voidious.Diamond 1.8.28	1489	0	1100	356
C	1	3.7	4	hadur2.Hadur 3.7	1346	0	1100	231
C	1	3.7	5	cb.fire.Firestarter 2.0f	1324	0	900	410
C	1	3.7	6	ags.Glacier 0.2.11	1255	0	950	287
C	1	3.7	7	wompi.Wallaby 5.1	1165	0	900	259
C	1	3.7	8	justin.Mallais 14.0	956	0	750	188
C	1	3.7	9	kc.micro.Figment 1.0	840	1	500	236
C	1	3.7	10	abc.Shadow 3.84i	747	0	600	143
C	2	3.8.5	1	voidious.Diamond 1.8.28	15567	9	10150	4258
C	2	3.8.5	2	cb.fire.Firestarter 2.0f	15086	10	10100	3796
C	2	3.8.5	3	abc.Shadow 3.84i	12240	4	8900	2778
C	2	3.8.5	4	hadur2.Hadur 3.8.5	11547	1	9700	1673
C	2	3.8.5	5	justin.Mallais 14.0	11232	5	7650	2840
C	2	3.8.5	6	ags.Glacier 0.2.11	10857	2	7950	2606
C	2	3.8.5	7	wompi.Numbat 2.1	9709	2	7150	2279
C	2	3.8.5	8	wompi.Wallaby 5.1	9371	1	6750	2440
C	2	3.8.5	9	catcat20.Lambda 0.024	8493	0	6100	2298
C	2	3.8.5	10	kc.micro.Figment 1.0	6931	1	4150	2429
C	2	3.7	1	voidious.Diamond 1.8.28	17468	11	11800	4362
C	2	3.7	2	cb.fire.Firestarter 2.0f	13771	7	9400	3455
C	2	3.7	3	ags.Glacier 0.2.11	11992	3	8800	2828
C	2	3.7	4	abc.Shadow 3.84i	11987	3	9000	2610
C	2	3.7	5	wompi.Numbat 2.1	10946	3	8100	2437
C	2	3.7	6	justin.Mallais 14.0	10221	3	7100	2694
C	2	3.7	7	hadur2.Hadur 3.7	9986	1	8150	1675
C	2	3.7	8	wompi.Wallaby 5.1	9660	0	7250	2331
C	2	3.7	9	catcat20.Lambda 0.024	8861	4	6250	2161
C	2	3.7	10	kc.micro.Figment 1.0	5300	0	2800	2401
C	3	3.8.5	1	cb.fire.Firestarter 2.0f	15495	10	10450	3846
C	3	3.8.5	2	voidious.Diamond 1.8.28	15024	9	10250	3750
C	3	3.8.5	3	hadur2.Hadur 3.8.5	11524	1	9200	2107
C	3	3.8.5	4	ags.Glacier 0.2.11	11348	2	8100	2918
C	3	3.8.5	5	abc.Shadow 3.84i	10998	4	8000	2502
C	3	3.8.5	6	wompi.Numbat 2.1	10827	2	8050	2481
C	3	3.8.5	7	justin.Mallais 14.0	10261	4	7100	2629
C	3	3.8.5	8	catcat20.Lambda 0.024	8994	3	6350	2140
C	3	3.8.5	9	kc.micro.Figment 1.0	8623	0	5650	2759
C	3	3.8.5	10	wompi.Wallaby 5.1	7693	0	5450	2204
C	3	3.7	1	voidious.Diamond 1.8.28	14910	7	9800	4273
C	3	3.7	2	abc.Shadow 3.84i	11978	6	8450	2818
C	3	3.7	3	cb.fire.Firestarter 2.0f	11645	4	7950	3134
C	3	3.7	4	ags.Glacier 0.2.11	11585	2	8400	2803
C	3	3.7	5	wompi.Numbat 2.1	11332	3	8700	2276
C	3	3.7	6	catcat20.Lambda 0.024	11047	2	8300	2399
C	3	3.7	7	justin.Mallais 14.0	10315	5	6950	2798
C	3	3.7	8	wompi.Wallaby 5.1	10291	5	7250	2477
C	3	3.7	9	hadur2.Hadur 3.7	10186	1	8300	1703
C	3	3.7	10	kc.micro.Figment 1.0	7187	0	4500	2548
C	4	3.8.5	1	voidious.Diamond 1.8.28	14757	6	9550	4346
C	4	3.8.5	2	cb.fire.Firestarter 2.0f	13044	8	8700	3466
C	4	3.8.5	3	hadur2.Hadur 3.8.5	12745	6	9850	2140
C	4	3.8.5	4	abc.Shadow 3.84i	12435	4	9300	2618
C	4	3.8.5	5	ags.Glacier 0.2.11	11491	1	8300	2954
C	4	3.8.5	6	wompi.Numbat 2.1	11408	2	8750	2349
C	4	3.8.5	7	wompi.Wallaby 5.1	10393	3	7950	2117
C	4	3.8.5	8	catcat20.Lambda 0.024	9539	2	6700	2530
C	4	3.8.5	9	justin.Mallais 14.0	8092	1	5450	2439
C	4	3.8.5	10	kc.micro.Figment 1.0	6821	2	4200	2309
C	4	3.7	1	cb.fire.Firestarter 2.0f	14536	12	9200	4055
C	4	3.7	2	voidious.Diamond 1.8.28	13999	6	9450	3744
C	4	3.7	3	abc.Shadow 3.84i	12922	6	9350	2874
C	4	3.7	4	hadur2.Hadur 3.7	12493	2	10150	2035
C	4	3.7	5	wompi.Wallaby 5.1	12157	2	9150	2647
C	4	3.7	6	wompi.Numbat 2.1	10557	3	7750	2428
C	4	3.7	7	justin.Mallais 14.0	10519	2	7500	2692
C	4	3.7	8	ags.Glacier 0.2.11	8904	0	6700	2165
C	4	3.7	9	catcat20.Lambda 0.024	8194	2	5550	2342
C	4	3.7	10	kc.micro.Figment 1.0	6608	0	3900	2539
C	5	3.8.5	1	voidious.Diamond 1.8.28	16332	14	10450	4247
C	5	3.8.5	2	cb.fire.Firestarter 2.0f	13081	5	8750	3640
C	5	3.8.5	3	justin.Mallais 14.0	11113	2	8000	2746
C	5	3.8.5	4	wompi.Numbat 2.1	11087	3	8450	2204
C	5	3.8.5	5	abc.Shadow 3.84i	10370	2	7950	2141
C	5	3.8.5	6	hadur2.Hadur 3.8.5	10273	1	8400	1681
C	5	3.8.5	7	ags.Glacier 0.2.11	9965	1	7250	2526
C	5	3.8.5	8	wompi.Wallaby 5.1	8152	2	6000	1912
C	5	3.8.5	9	catcat20.Lambda 0.024	8031	3	5700	1880
C	5	3.8.5	10	kc.micro.Figment 1.0	5648	0	3100	2278
C	5	3.7	1	voidious.Diamond 1.8.28	14256	8	9600	3713
C	5	3.7	2	abc.Shadow 3.84i	13075	6	9550	2816
C	5	3.7	3	ags.Glacier 0.2.11	12859	3	9300	3136
C	5	3.7	4	cb.fire.Firestarter 2.0f	11163	7	7350	3017
C	5	3.7	5	justin.Mallais 14.0	11150	2	7900	2872
C	5	3.7	6	hadur2.Hadur 3.7	11085	3	8700	1981
C	5	3.7	7	wompi.Numbat 2.1	10823	1	8350	2318
C	5	3.7	8	wompi.Wallaby 5.1	10499	2	7850	2364
C	5	3.7	9	catcat20.Lambda 0.024	8624	2	6150	2220
C	5	3.7	10	kc.micro.Figment 1.0	6547	1	3950	2407
C	6	3.8.5	1	cb.fire.Firestarter 2.0f	14138	7	9450	3800
C	6	3.8.5	2	voidious.Diamond 1.8.28	13508	5	9200	3625
C	6	3.8.5	3	abc.Shadow 3.84i	13112	7	9400	2903
C	6	3.8.5	4	ags.Glacier 0.2.11	12954	4	9200	3193
C	6	3.8.5	5	wompi.Numbat 2.1	11513	4	8350	2615
C	6	3.8.5	6	justin.Mallais 14.0	10659	2	7400	2821
C	6	3.8.5	7	hadur2.Hadur 3.8.5	10589	0	8700	1804
C	6	3.8.5	8	wompi.Wallaby 5.1	9958	2	7300	2374
C	6	3.8.5	9	kc.micro.Figment 1.0	8196	2	5000	2742
C	6	3.8.5	10	catcat20.Lambda 0.024	6756	2	4650	1794
C	6	3.7	1	abc.Shadow 3.84i	14534	5	11000	2951
C	6	3.7	2	voidious.Diamond 1.8.28	14022	6	9250	3988
C	6	3.7	3	cb.fire.Firestarter 2.0f	13459	11	8700	3543
C	6	3.7	4	ags.Glacier 0.2.11	12669	4	9050	3075
C	6	3.7	5	wompi.Numbat 2.1	11769	5	8650	2491
C	6	3.7	6	justin.Mallais 14.0	10507	1	7500	2763
C	6	3.7	7	hadur2.Hadur 3.7	10101	0	8200	1817
C	6	3.7	8	wompi.Wallaby 5.1	9780	2	7300	2189
C	6	3.7	9	kc.micro.Figment 1.0	7554	0	4600	2789
C	6	3.7	10	catcat20.Lambda 0.024	6410	1	4350	1876
C	7	3.8.5	1	cb.fire.Firestarter 2.0f	16073	11	10850	3909
C	7	3.8.5	2	abc.Shadow 3.84i	14040	7	10400	2793
C	7	3.8.5	3	voidious.Diamond 1.8.28	13941	8	9400	3604
C	7	3.8.5	4	ags.Glacier 0.2.11	13464	1	9750	3482
C	7	3.8.5	5	justin.Mallais 14.0	10386	1	7300	2846
C	7	3.8.5	6	hadur2.Hadur 3.8.5	9901	0	8050	1777
C	7	3.8.5	7	wompi.Numbat 2.1	9760	2	7400	2106
C	7	3.8.5	8	catcat20.Lambda 0.024	9272	5	6150	2520
C	7	3.8.5	9	wompi.Wallaby 5.1	8276	0	5950	2250
C	7	3.8.5	10	kc.micro.Figment 1.0	5684	0	3350	2250
C	7	3.7	1	voidious.Diamond 1.8.28	14839	7	10200	3742
C	7	3.7	2	cb.fire.Firestarter 2.0f	14186	12	9200	3641
C	7	3.7	3	wompi.Numbat 2.1	12839	3	9850	2581
C	7	3.7	4	abc.Shadow 3.84i	12047	6	8550	2782
C	7	3.7	5	hadur2.Hadur 3.7	12043	2	9650	2070
C	7	3.7	6	ags.Glacier 0.2.11	11248	2	7950	2937
C	7	3.7	7	justin.Mallais 14.0	10009	1	6900	2804
C	7	3.7	8	wompi.Wallaby 5.1	9851	1	7150	2544
C	7	3.7	9	kc.micro.Figment 1.0	8223	0	5100	2841
C	7	3.7	10	catcat20.Lambda 0.024	6248	1	4200	1922
C	8	3.8.5	1	voidious.Diamond 1.8.28	15723	11	10500	3952
C	8	3.8.5	2	cb.fire.Firestarter 2.0f	13905	8	9200	3735
C	8	3.8.5	3	abc.Shadow 3.84i	13669	5	10050	2977
C	8	3.8.5	4	ags.Glacier 0.2.11	12946	3	9250	3223
C	8	3.8.5	5	hadur2.Hadur 3.8.5	11049	1	9100	1766
C	8	3.8.5	6	wompi.Numbat 2.1	10044	2	7550	2219
C	8	3.8.5	7	wompi.Wallaby 5.1	9875	2	7200	2384
C	8	3.8.5	8	justin.Mallais 14.0	9035	0	6400	2487
C	8	3.8.5	9	catcat20.Lambda 0.024	8134	3	5300	2432
C	8	3.8.5	10	kc.micro.Figment 1.0	6864	0	4150	2552
C	8	3.7	1	cb.fire.Firestarter 2.0f	17861	13	12250	4164
C	8	3.7	2	voidious.Diamond 1.8.28	14837	7	9800	4150
C	8	3.7	3	abc.Shadow 3.84i	12001	6	8450	2865
C	8	3.7	4	hadur2.Hadur 3.7	11137	1	9150	1767
C	8	3.7	5	ags.Glacier 0.2.11	11006	2	8100	2626
C	8	3.7	6	wompi.Numbat 2.1	10640	2	7950	2425
C	8	3.7	7	justin.Mallais 14.0	10341	3	7350	2527
C	8	3.7	8	wompi.Wallaby 5.1	9124	1	6500	2451
C	8	3.7	9	catcat20.Lambda 0.024	7826	0	5650	2108
C	8	3.7	10	kc.micro.Figment 1.0	6121	0	3550	2396
C	9	3.8.5	1	voidious.Diamond 1.8.28	15131	10	10000	3915
C	9	3.8.5	2	abc.Shadow 3.84i	14022	4	10350	3144
C	9	3.8.5	3	cb.fire.Firestarter 2.0f	13500	8	9000	3522
C	9	3.8.5	4	wompi.Numbat 2.1	12065	3	9350	2305
C	9	3.8.5	5	hadur2.Hadur 3.8.5	11754	4	9350	1869
C	9	3.8.5	6	ags.Glacier 0.2.11	11015	1	7850	2955
C	9	3.8.5	7	wompi.Wallaby 5.1	10667	3	7900	2396
C	9	3.8.5	8	justin.Mallais 14.0	9235	1	6300	2727
C	9	3.8.5	9	catcat20.Lambda 0.024	7172	1	4950	2023
C	9	3.8.5	10	kc.micro.Figment 1.0	5985	0	3700	2119
C	9	3.7	1	abc.Shadow 3.84i	15212	8	11150	3228
C	9	3.7	2	voidious.Diamond 1.8.28	14710	3	9900	4237
C	9	3.7	3	hadur2.Hadur 3.7	12929	6	10050	2140
C	9	3.7	4	justin.Mallais 14.0	11908	5	8400	2886
C	9	3.7	5	cb.fire.Firestarter 2.0f	11307	5	7250	3447
C	9	3.7	6	wompi.Numbat 2.1	10488	3	7900	2190
C	9	3.7	7	ags.Glacier 0.2.11	9797	1	7150	2560
C	9	3.7	8	wompi.Wallaby 5.1	9341	2	6900	2191
C	9	3.7	9	catcat20.Lambda 0.024	8575	2	6100	2152
C	9	3.7	10	kc.micro.Figment 1.0	6891	1	3850	2643
C	10	3.8.5	1	voidious.Diamond 1.8.28	16001	9	10750	4191
C	10	3.8.5	2	cb.fire.Firestarter 2.0f	13489	7	9100	3476
C	10	3.8.5	3	abc.Shadow 3.84i	12320	6	8700	2859
C	10	3.8.5	4	ags.Glacier 0.2.11	11653	2	8350	2985
C	10	3.8.5	5	hadur2.Hadur 3.8.5	10682	2	8550	1856
C	10	3.8.5	6	justin.Mallais 14.0	10558	3	7300	2823
C	10	3.8.5	7	wompi.Numbat 2.1	10421	4	7650	2301
C	10	3.8.5	8	wompi.Wallaby 5.1	8929	0	6500	2336
C	10	3.8.5	9	catcat20.Lambda 0.024	8668	1	6100	2380
C	10	3.8.5	10	kc.micro.Figment 1.0	8198	1	5600	2421
C	10	3.7	1	voidious.Diamond 1.8.28	17324	13	11650	4196
C	10	3.7	2	cb.fire.Firestarter 2.0f	15476	9	10650	3786
C	10	3.7	3	abc.Shadow 3.84i	12178	5	8850	2744
C	10	3.7	4	wompi.Numbat 2.1	11046	0	8200	2731
C	10	3.7	5	justin.Mallais 14.0	10147	2	7350	2503
C	10	3.7	6	ags.Glacier 0.2.11	9672	0	7050	2502
C	10	3.7	7	catcat20.Lambda 0.024	9584	4	6750	2327
C	10	3.7	8	hadur2.Hadur 3.7	8620	0	6900	1631
C	10	3.7	9	wompi.Wallaby 5.1	8270	1	5950	2164
C	10	3.7	10	kc.micro.Figment 1.0	8034	1	5350	2430
D	1	3.8.5	1	aaa.r.ScalarR 0.005g.047	15348	7	11050	3445
D	1	3.8.5	2	cb.fire.Firestarter 2.0f	13145	12	8850	3063
D	1	3.8.5	3	kc.mini.Mirage 0.2	12575	7	9150	2763
D	1	3.8.5	4	catcat20.Matcha 0.006	12062	3	8900	2837
D	1	3.8.5	5	hadur2.Hadur 3.8.5	11468	0	9700	1655
D	1	3.8.5	6	mn.Combat 3.25.0	11205	3	8050	2808
D	1	3.8.5	7	positive.Portia 1.26e	9905	3	6950	2555
D	1	3.8.5	8	catcat20.Lambda 0.024	9010	1	6650	2210
D	1	3.8.5	9	stelo.Spread 0.9	8507	1	5600	2676
D	1	3.8.5	10	kc.micro.Figment 1.0	6456	0	3750	2516
D	1	3.7	1	aaa.r.ScalarR 0.005g.047	17157	12	11650	4079
D	1	3.7	2	kc.mini.Mirage 0.2	13952	7	10450	2670
D	1	3.7	3	positive.Portia 1.26e	11997	6	8450	2856
D	1	3.7	4	hadur2.Hadur 3.7	11519	0	9700	1706
D	1	3.7	5	cb.fire.Firestarter 2.0f	11233	4	8000	2746
D	1	3.7	6	mn.Combat 3.25.0	10178	2	7100	2787
D	1	3.7	7	catcat20.Matcha 0.006	10096	3	7250	2496
D	1	3.7	8	catcat20.Lambda 0.024	8906	1	6300	2369
D	1	3.7	9	stelo.Spread 0.9	8555	0	5750	2651
D	1	3.7	10	kc.micro.Figment 1.0	6672	0	4000	2466
D	2	3.8.5	1	aaa.r.ScalarR 0.005g.047	17105	10	11900	4001
D	2	3.8.5	2	mn.Combat 3.25.0	13749	7	9800	3090
D	2	3.8.5	3	cb.fire.Firestarter 2.0f	12639	8	8350	3364
D	2	3.8.5	4	positive.Portia 1.26e	11534	2	8350	2889
D	2	3.8.5	5	kc.mini.Mirage 0.2	11078	1	8450	2434
D	2	3.8.5	6	hadur2.Hadur 3.8.5	11056	4	8850	1717
D	2	3.8.5	7	catcat20.Matcha 0.006	9459	1	6850	2388
D	2	3.8.5	8	catcat20.Lambda 0.024	8969	2	6650	2012
D	2	3.8.5	9	stelo.Spread 0.9	7848	0	5350	2365
D	2	3.8.5	10	kc.micro.Figment 1.0	6769	0	4150	2467
D	2	3.7	1	aaa.r.ScalarR 0.005g.047	16868	17	11350	3706
D	2	3.7	2	cb.fire.Firestarter 2.0f	12427	4	8550	3311
D	2	3.7	3	kc.mini.Mirage 0.2	11548	2	8750	2500
D	2	3.7	4	positive.Portia 1.26e	11049	5	7550	2855
D	2	3.7	5	mn.Combat 3.25.0	11044	2	8200	2518
D	2	3.7	6	catcat20.Matcha 0.006	10807	0	8150	2573
D	2	3.7	7	hadur2.Hadur 3.7	10570	1	8750	1614
D	2	3.7	8	catcat20.Lambda 0.024	9263	4	6650	2080
D	2	3.7	9	stelo.Spread 0.9	8803	0	5950	2707
D	2	3.7	10	kc.micro.Figment 1.0	7726	0	4800	2745
D	3	3.8.5	1	kc.mini.Mirage 0.2	14882	7	10600	3377
D	3	3.8.5	2	cb.fire.Firestarter 2.0f	14713	9	9850	3783
D	3	3.8.5	3	aaa.r.ScalarR 0.005g.047	13232	5	9600	2978
D	3	3.8.5	4	hadur2.Hadur 3.8.5	11409	1	9450	1763
D	3	3.8.5	5	catcat20.Matcha 0.006	11303	6	8400	2258
D	3	3.8.5	6	positive.Portia 1.26e	11244	1	7800	3281
D	3	3.8.5	7	mn.Combat 3.25.0	11212	3	7950	2819
D	3	3.8.5	8	catcat20.Lambda 0.024	10053	2	7550	2257
D	3	3.8.5	9	stelo.Spread 0.9	6953	0	4350	2479
D	3	3.8.5	10	kc.micro.Figment 1.0	5461	1	3150	2006
D	3	3.7	1	aaa.r.ScalarR 0.005g.047	16762	12	11900	3526
D	3	3.7	2	cb.fire.Firestarter 2.0f	14017	9	9650	3330
D	3	3.7	3	mn.Combat 3.25.0	12228	5	8850	2777
D	3	3.7	4	kc.mini.Mirage 0.2	10986	2	7950	2698
D	3	3.7	5	hadur2.Hadur 3.7	10640	1	8700	1745
D	3	3.7	6	positive.Portia 1.26e	10184	2	7350	2508
D	3	3.7	7	catcat20.Matcha 0.006	9917	0	7300	2502
D	3	3.7	8	stelo.Spread 0.9	9164	1	6400	2525
D	3	3.7	9	catcat20.Lambda 0.024	8611	2	6050	2273
D	3	3.7	10	kc.micro.Figment 1.0	7324	1	4500	2569
D	4	3.8.5	1	aaa.r.ScalarR 0.005g.047	15362	8	10750	3661
D	4	3.8.5	2	kc.mini.Mirage 0.2	13977	6	10200	2989
D	4	3.8.5	3	cb.fire.Firestarter 2.0f	12599	10	8400	3045
D	4	3.8.5	4	positive.Portia 1.26e	11186	1	8000	2939
D	4	3.8.5	5	mn.Combat 3.25.0	11054	3	7850	2780
D	4	3.8.5	6	hadur2.Hadur 3.8.5	10954	3	8850	1718
D	4	3.8.5	7	catcat20.Matcha 0.006	10041	2	7350	2434
D	4	3.8.5	8	catcat20.Lambda 0.024	8749	1	6650	1979
D	4	3.8.5	9	stelo.Spread 0.9	8341	0	5700	2504
D	4	3.8.5	10	kc.micro.Figment 1.0	7759	1	5000	2493
D	4	3.7	1	aaa.r.ScalarR 0.005g.047	16920	14	11600	3749
D	4	3.7	2	kc.mini.Mirage 0.2	13201	4	9800	2871
D	4	3.7	3	positive.Portia 1.26e	12511	3	8950	3111
D	4	3.7	4	cb.fire.Firestarter 2.0f	11725	6	7750	3282
D	4	3.7	5	hadur2.Hadur 3.7	10888	1	9200	1506
D	4	3.7	6	mn.Combat 3.25.0	10758	4	7650	2593
D	4	3.7	7	stelo.Spread 0.9	9650	2	6600	2721
D	4	3.7	8	catcat20.Matcha 0.006	9568	0	6800	2677
D	4	3.7	9	catcat20.Lambda 0.024	8189	0	6050	2089
D	4	3.7	10	kc.micro.Figment 1.0	6777	1	4300	2244
D	5	3.8.5	1	aaa.r.ScalarR 0.005g.047	16039	11	11150	3659
D	5	3.8.5	2	cb.fire.Firestarter 2.0f	13083	9	8900	3100
D	5	3.8.5	3	kc.mini.Mirage 0.2	12698	5	9300	2787
D	5	3.8.5	4	hadur2.Hadur 3.8.5	11936	1	9700	1996
D	5	3.8.5	5	catcat20.Matcha 0.006	10917	2	8250	2341
D	5	3.8.5	6	mn.Combat 3.25.0	10791	2	7850	2656
D	5	3.8.5	7	stelo.Spread 0.9	9356	1	6350	2715
D	5	3.8.5	8	positive.Portia 1.26e	9196	1	6600	2440
D	5	3.8.5	9	catcat20.Lambda 0.024	8704	2	6450	1962
D	5	3.8.5	10	kc.micro.Figment 1.0	7012	1	4150	2482
D	5	3.7	1	aaa.r.ScalarR 0.005g.047	15190	10	10550	3526
D	5	3.7	2	positive.Portia 1.26e	13941	3	10150	3361
D	5	3.7	3	kc.mini.Mirage 0.2	13232	4	9750	2963
D	5	3.7	4	cb.fire.Firestarter 2.0f	13101	8	8850	3346
D	5	3.7	5	hadur2.Hadur 3.7	11181	0	9350	1736
D	5	3.7	6	mn.Combat 3.25.0	10690	5	7550	2560
D	5	3.7	7	stelo.Spread 0.9	9578	2	6650	2631
D	5	3.7	8	catcat20.Matcha 0.006	9481	2	6850	2298
D	5	3.7	9	catcat20.Lambda 0.024	8494	1	6150	2180
D	5	3.7	10	kc.micro.Figment 1.0	5176	0	2800	2228
D	6	3.8.5	1	aaa.r.ScalarR 0.005g.047	15813	10	10850	3746
D	6	3.8.5	2	kc.mini.Mirage 0.2	14710	4	10950	3177
D	6	3.8.5	3	cb.fire.Firestarter 2.0f	14476	7	9700	3848
D	6	3.8.5	4	hadur2.Hadur 3.8.5	12468	5	10000	1838
D	6	3.8.5	5	positive.Portia 1.26e	11454	0	8550	2832
D	6	3.8.5	6	mn.Combat 3.25.0	10004	2	7300	2401
D	6	3.8.5	7	catcat20.Matcha 0.006	9865	4	7000	2355
D	6	3.8.5	8	stelo.Spread 0.9	8117	1	5100	2772
D	6	3.8.5	9	catcat20.Lambda 0.024	7985	2	5650	2010
D	6	3.8.5	10	kc.micro.Figment 1.0	5884	0	3600	2112
D	6	3.7	1	cb.fire.Firestarter 2.0f	16423	11	11300	3926
D	6	3.7	2	aaa.r.ScalarR 0.005g.047	14995	9	10050	3839
D	6	3.7	3	positive.Portia 1.26e	12342	1	8900	3260
D	6	3.7	4	mn.Combat 3.25.0	12088	5	8550	2916
D	6	3.7	5	kc.mini.Mirage 0.2	11746	2	8850	2587
D	6	3.7	6	hadur2.Hadur 3.7	10466	2	8600	1593
D	6	3.7	7	catcat20.Matcha 0.006	10182	1	7500	2401
D	6	3.7	8	catcat20.Lambda 0.024	8900	1	6600	2121
D	6	3.7	9	stelo.Spread 0.9	8226	2	5450	2454
D	6	3.7	10	kc.micro.Figment 1.0	5465	1	2900	2329
D	7	3.8.5	1	aaa.r.ScalarR 0.005g.047	17397	14	12050	3845
D	7	3.8.5	2	cb.fire.Firestarter 2.0f	15888	9	10850	3967
D	7	3.8.5	3	mn.Combat 3.25.0	12144	3	8950	2743
D	7	3.8.5	4	hadur2.Hadur 3.8.5	11238	1	9300	1704
D	7	3.8.5	5	positive.Portia 1.26e	10681	1	7750	2755
D	7	3.8.5	6	kc.mini.Mirage 0.2	9953	2	7100	2552
D	7	3.8.5	7	catcat20.Matcha 0.006	9741	2	7300	2140
D	7	3.8.5	8	catcat20.Lambda 0.024	9340	2	6750	2289
D	7	3.8.5	9	kc.micro.Figment 1.0	8063	1	5150	2659
D	7	3.8.5	10	stelo.Spread 0.9	5738	0	3500	2129
D	7	3.7	1	aaa.r.ScalarR 0.005g.047	14895	10	10500	3237
D	7	3.7	2	cb.fire.Firestarter 2.0f	12763	7	8450	3422
D	7	3.7	3	kc.mini.Mirage 0.2	12530	4	9300	2731
D	7	3.7	4	positive.Portia 1.26e	11565	2	8600	2696
D	7	3.7	5	catcat20.Matcha 0.006	11549	4	8250	2805
D	7	3.7	6	hadur2.Hadur 3.7	11191	1	9300	1704
D	7	3.7	7	mn.Combat 3.25.0	11069	3	7850	2827
D	7	3.7	8	stelo.Spread 0.9	9380	1	6200	2916
D	7	3.7	9	catcat20.Lambda 0.024	9081	1	6650	2250
D	7	3.7	10	kc.micro.Figment 1.0	6424	2	3650	2360
D	8	3.8.5	1	aaa.r.ScalarR 0.005g.047	15674	8	10850	3798
D	8	3.8.5	2	cb.fire.Firestarter 2.0f	15155	11	10500	3401
D	8	3.8.5	3	kc.mini.Mirage 0.2	13164	3	9750	3004
D	8	3.8.5	4	positive.Portia 1.26e	11671	3	8150	3104
D	8	3.8.5	5	catcat20.Matcha 0.006	11327	3	8300	2616
D	8	3.8.5	6	hadur2.Hadur 3.8.5	10885	2	9000	1598
D	8	3.8.5	7	mn.Combat 3.25.0	10813	3	7550	2853
D	8	3.8.5	8	stelo.Spread 0.9	8910	2	6150	2511
D	8	3.8.5	9	catcat20.Lambda 0.024	8259	0	6300	1875
D	8	3.8.5	10	kc.micro.Figment 1.0	4203	0	2150	1941
D	8	3.7	1	cb.fire.Firestarter 2.0f	16000	12	10700	3922
D	8	3.7	2	aaa.r.ScalarR 0.005g.047	15155	8	10750	3456
D	8	3.7	3	positive.Portia 1.26e	13802	3	10000	3330
D	8	3.7	4	mn.Combat 3.25.0	12820	4	9150	3114
D	8	3.7	5	kc.mini.Mirage 0.2	11628	5	8350	2668
D	8	3.7	6	hadur2.Hadur 3.7	11613	0	9650	1859
D	8	3.7	7	catcat20.Matcha 0.006	8254	0	6150	2059
D	8	3.7	8	stelo.Spread 0.9	8193	1	5300	2656
D	8	3.7	9	catcat20.Lambda 0.024	8114	2	6000	1839
D	8	3.7	10	kc.micro.Figment 1.0	5090	0	2600	2321
D	9	3.8.5	1	cb.fire.Firestarter 2.0f	15568	10	10550	3825
D	9	3.8.5	2	aaa.r.ScalarR 0.005g.047	14876	10	10200	3538
D	9	3.8.5	3	hadur2.Hadur 3.8.5	12856	3	10450	1995
D	9	3.8.5	4	mn.Combat 3.25.0	11178	3	8050	2690
D	9	3.8.5	5	positive.Portia 1.26e	11038	4	7850	2735
D	9	3.8.5	6	kc.mini.Mirage 0.2	10920	1	8350	2386
D	9	3.8.5	7	catcat20.Matcha 0.006	10635	2	7750	2600
D	9	3.8.5	8	stelo.Spread 0.9	9092	1	5850	2921
D	9	3.8.5	9	catcat20.Lambda 0.024	7773	1	5650	1984
D	9	3.8.5	10	kc.micro.Figment 1.0	6402	0	3950	2301
D	9	3.7	1	aaa.r.ScalarR 0.005g.047	15823	12	10800	3803
D	9	3.7	2	kc.mini.Mirage 0.2	15290	10	11050	3091
D	9	3.7	3	cb.fire.Firestarter 2.0f	13733	6	9900	3273
D	9	3.7	4	hadur2.Hadur 3.7	11707	0	9550	2019
D	9	3.7	5	mn.Combat 3.25.0	11365	5	8100	2738
D	9	3.7	6	positive.Portia 1.26e	9929	1	7150	2584
D	9	3.7	7	stelo.Spread 0.9	8730	1	5900	2608
D	9	3.7	8	catcat20.Matcha 0.006	8532	0	6400	2071
D	9	3.7	9	catcat20.Lambda 0.024	7904	1	5750	2005
D	9	3.7	10	kc.micro.Figment 1.0	6627	1	4000	2283
D	10	3.8.5	1	cb.fire.Firestarter 2.0f	14434	9	9850	3495
D	10	3.8.5	2	aaa.r.ScalarR 0.005g.047	14183	10	9800	3336
D	10	3.8.5	3	kc.mini.Mirage 0.2	13852	5	10200	3033
D	10	3.8.5	4	mn.Combat 3.25.0	12014	4	8650	2868
D	10	3.8.5	5	hadur2.Hadur 3.8.5	11848	2	9700	1844
D	10	3.8.5	6	catcat20.Matcha 0.006	10967	2	8050	2610
D	10	3.8.5	7	positive.Portia 1.26e	10533	1	7450	2883
D	10	3.8.5	8	catcat20.Lambda 0.024	8807	2	6400	2192
D	10	3.8.5	9	kc.micro.Figment 1.0	7308	0	4600	2417
D	10	3.8.5	10	stelo.Spread 0.9	6562	1	3950	2383
D	10	3.7	1	aaa.r.ScalarR 0.005g.047	15776	11	10900	3651
D	10	3.7	2	cb.fire.Firestarter 2.0f	13818	10	9250	3409
D	10	3.7	3	catcat20.Matcha 0.006	11790	4	8700	2609
D	10	3.7	4	positive.Portia 1.26e	11484	4	8250	2732
D	10	3.7	5	mn.Combat 3.25.0	11130	3	8250	2473
D	10	3.7	6	kc.mini.Mirage 0.2	10992	2	7950	2707
D	10	3.7	7	hadur2.Hadur 3.7	10623	0	8800	1713
D	10	3.7	8	catcat20.Lambda 0.024	9152	1	6600	2286
D	10	3.7	9	stelo.Spread 0.9	9075	0	6150	2803
D	10	3.7	10	kc.micro.Figment 1.0	6525	0	3850	2434
E	1	3.8.5	1	aaa.r.ScalarR 0.005g.047	16110	11	11150	3849
E	1	3.8.5	2	jk.melee.Neuromancer 7.12	14192	8	10300	2995
E	1	3.8.5	3	justin.DemonicRage 3.4	12041	2	8950	2739
E	1	3.8.5	4	mn.Combat 3.25.0	11261	6	7800	2854
E	1	3.8.5	5	voidious.Diamond 1.8.28	11120	4	7500	3089
E	1	3.8.5	6	hadur2.Hadur 3.8.5	10876	1	8900	1753
E	1	3.8.5	7	rz.Aleph 0.34	10440	3	7500	2547
E	1	3.8.5	8	catcat20.Lambda 0.024	8615	0	6450	2076
E	1	3.8.5	9	wompi.Numbat 2.1	7727	0	5950	1716
E	1	3.8.5	10	rsalesc.melee.Medina 0.4.5	6474	1	4100	2195
E	1	3.7	1	aaa.r.ScalarR 0.005g.047	9792	5	6800	2383
E	1	3.7	2	hadur2.Hadur 3.7	9371	3	7400	1583
E	1	3.7	3	jk.melee.Neuromancer 7.12	9263	5	6600	2057
E	1	3.7	4	mn.Combat 3.25.0	9138	5	6500	2053
E	1	3.7	5	voidious.Diamond 1.8.28	8561	3	5950	2239
E	1	3.7	6	justin.DemonicRage 3.4	7941	1	5850	1930
E	1	3.7	7	wompi.Numbat 2.1	6835	1	5300	1425
E	1	3.7	8	rz.Aleph 0.34	6827	0	5300	1468
E	1	3.7	9	rsalesc.melee.Medina 0.4.5	5555	1	3400	1992
E	1	3.7	10	catcat20.Lambda 0.024	4785	1	3150	1472
E	2	3.8.5	1	jk.melee.Neuromancer 7.12	8860	7	6100	1979
E	2	3.8.5	2	aaa.r.ScalarR 0.005g.047	6682	3	4650	1678
E	2	3.8.5	3	hadur2.Hadur 3.8.5	6210	3	4900	964
E	2	3.8.5	4	voidious.Diamond 1.8.28	5475	2	3700	1523
E	2	3.8.5	5	mn.Combat 3.25.0	5097	1	3900	1070
E	2	3.8.5	6	wompi.Numbat 2.1	4799	0	3750	1010
E	2	3.8.5	7	justin.DemonicRage 3.4	4200	0	3100	1051
E	2	3.8.5	8	rsalesc.melee.Medina 0.4.5	3864	0	2600	1197
E	2	3.8.5	9	rz.Aleph 0.34	3778	0	2950	791
E	2	3.8.5	10	catcat20.Lambda 0.024	3690	1	2550	1012
E	2	3.7	1	aaa.r.ScalarR 0.005g.047	16284	12	11350	3680
E	2	3.7	2	justin.DemonicRage 3.4	12171	6	8750	2695
E	2	3.7	3	mn.Combat 3.25.0	12094	4	8700	2872
E	2	3.7	4	voidious.Diamond 1.8.28	11780	4	8100	3214
E	2	3.7	5	jk.melee.Neuromancer 7.12	11646	6	8200	2715
E	2	3.7	6	rz.Aleph 0.34	10836	2	7800	2697
E	2	3.7	7	hadur2.Hadur 3.7	10597	0	8850	1666
E	2	3.7	8	catcat20.Lambda 0.024	8927	1	6400	2363
E	2	3.7	9	wompi.Numbat 2.1	8391	1	6550	1697
E	2	3.7	10	rsalesc.melee.Medina 0.4.5	6343	0	4000	2299
E	3	3.8.5	1	jk.melee.Neuromancer 7.12	14693	7	10900	2981
E	3	3.8.5	2	aaa.r.ScalarR 0.005g.047	14621	9	10150	3441
E	3	3.8.5	3	voidious.Diamond 1.8.28	11303	5	7750	2965
E	3	3.8.5	4	justin.DemonicRage 3.4	10891	4	7850	2580
E	3	3.8.5	5	mn.Combat 3.25.0	10620	4	7400	2743
E	3	3.8.5	6	rz.Aleph 0.34	10610	1	7950	2444
E	3	3.8.5	7	hadur2.Hadur 3.8.5	10364	2	8300	1762
E	3	3.8.5	8	catcat20.Lambda 0.024	8992	2	6650	2099
E	3	3.8.5	9	wompi.Numbat 2.1	8322	0	6350	1920
E	3	3.8.5	10	rsalesc.melee.Medina 0.4.5	8193	1	5300	2666
E	3	3.7	1	aaa.r.ScalarR 0.005g.047	8471	4	5950	2032
E	3	3.7	2	jk.melee.Neuromancer 7.12	7421	5	5250	1615
E	3	3.7	3	justin.DemonicRage 3.4	6864	3	4850	1631
E	3	3.7	4	wompi.Numbat 2.1	6045	3	4650	1082
E	3	3.7	5	voidious.Diamond 1.8.28	5928	2	4200	1486
E	3	3.7	6	rz.Aleph 0.34	5763	0	4250	1459
E	3	3.7	7	mn.Combat 3.25.0	5448	0	3900	1494
E	3	3.7	8	hadur2.Hadur 3.7	5037	1	4100	806
E	3	3.7	9	rsalesc.melee.Medina 0.4.5	4742	0	2950	1709
E	3	3.7	10	catcat20.Lambda 0.024	3711	1	2650	941
E	4	3.8.5	1	aaa.r.ScalarR 0.005g.047	10047	6	7100	2354
E	4	3.8.5	2	jk.melee.Neuromancer 7.12	9983	8	7050	2065
E	4	3.8.5	3	justin.DemonicRage 3.4	7782	2	5650	1856
E	4	3.8.5	4	voidious.Diamond 1.8.28	7575	1	5450	2043
E	4	3.8.5	5	hadur2.Hadur 3.8.5	6599	2	5300	1032
E	4	3.8.5	6	mn.Combat 3.25.0	6499	1	4500	1880
E	4	3.8.5	7	rz.Aleph 0.34	6343	0	4850	1435
E	4	3.8.5	8	catcat20.Lambda 0.024	6206	2	4550	1381
E	4	3.8.5	9	wompi.Numbat 2.1	5892	2	4450	1216
E	4	3.8.5	10	rsalesc.melee.Medina 0.4.5	4293	0	2800	1469
E	4	3.7	1	aaa.r.ScalarR 0.005g.047	16082	10	11500	3518
E	4	3.7	2	voidious.Diamond 1.8.28	13338	4	9100	3681
E	4	3.7	3	mn.Combat 3.25.0	12018	5	8600	2844
E	4	3.7	4	jk.melee.Neuromancer 7.12	11878	7	8550	2650
E	4	3.7	5	justin.DemonicRage 3.4	10383	1	7650	2541
E	4	3.7	6	hadur2.Hadur 3.7	10348	3	8450	1712
E	4	3.7	7	rz.Aleph 0.34	9978	2	7250	2439
E	4	3.7	8	wompi.Numbat 2.1	9798	3	7350	2103
E	4	3.7	9	catcat20.Lambda 0.024	7688	0	5500	2146
E	4	3.7	10	rsalesc.melee.Medina 0.4.5	7208	2	4600	2351
E	5	3.8.5	1	aaa.r.ScalarR 0.005g.047	16409	14	11300	3604
E	5	3.8.5	2	jk.melee.Neuromancer 7.12	14894	9	10550	3344
E	5	3.8.5	3	justin.DemonicRage 3.4	13507	3	9750	3297
E	5	3.8.5	4	mn.Combat 3.25.0	10812	2	7550	2923
E	5	3.8.5	5	hadur2.Hadur 3.8.5	9889	1	8100	1638
E	5	3.8.5	6	wompi.Numbat 2.1	9748	0	7700	1983
E	5	3.8.5	7	voidious.Diamond 1.8.28	9332	2	6000	3028
E	5	3.8.5	8	rz.Aleph 0.34	9207	1	7150	1854
E	5	3.8.5	9	catcat20.Lambda 0.024	8711	1	6650	1872
E	5	3.8.5	10	rsalesc.melee.Medina 0.4.5	6468	2	3900	2306
E	5	3.7	1	aaa.r.ScalarR 0.005g.047	15345	10	10900	3351
E	5	3.7	2	jk.melee.Neuromancer 7.12	14096	7	10350	2931
E	5	3.7	3	voidious.Diamond 1.8.28	12730	5	8650	3434
E	5	3.7	4	justin.DemonicRage 3.4	11944	6	8300	2988
E	5	3.7	5	rz.Aleph 0.34	11252	1	8350	2652
E	5	3.7	6	hadur2.Hadur 3.7	11032	1	9100	1766
E	5	3.7	7	mn.Combat 3.25.0	9742	3	6550	2766
E	5	3.7	8	catcat20.Lambda 0.024	8759	1	6400	2145
E	5	3.7	9	wompi.Numbat 2.1	8469	1	6550	1797
E	5	3.7	10	rsalesc.melee.Medina 0.4.5	6133	0	3500	2569
E	6	3.8.5	1	aaa.r.ScalarR 0.005g.047	15112	14	10350	3367
E	6	3.8.5	2	jk.melee.Neuromancer 7.12	13054	5	9500	2946
E	6	3.8.5	3	justin.DemonicRage 3.4	12136	3	8900	2847
E	6	3.8.5	4	rz.Aleph 0.34	11171	1	8600	2345
E	6	3.8.5	5	hadur2.Hadur 3.8.5	11147	2	9300	1576
E	6	3.8.5	6	voidious.Diamond 1.8.28	11086	3	7500	3135
E	6	3.8.5	7	mn.Combat 3.25.0	10211	3	7350	2562
E	6	3.8.5	8	catcat20.Lambda 0.024	9920	5	6900	2435
E	6	3.8.5	9	wompi.Numbat 2.1	8654	0	6450	2093
E	6	3.8.5	10	rsalesc.melee.Medina 0.4.5	6168	0	3850	2256
E	6	3.7	1	mn.Combat 3.25.0	15458	10	11100	3342
E	6	3.7	2	aaa.r.ScalarR 0.005g.047	14918	10	10350	3563
E	6	3.7	3	jk.melee.Neuromancer 7.12	12929	6	9200	3022
E	6	3.7	4	voidious.Diamond 1.8.28	11394	4	7750	3104
E	6	3.7	5	justin.DemonicRage 3.4	10647	2	7800	2595
E	6	3.7	6	hadur2.Hadur 3.7	10428	1	8650	1598
E	6	3.7	7	wompi.Numbat 2.1	9614	3	7150	2074
E	6	3.7	8	rz.Aleph 0.34	8601	0	6250	2251
E	6	3.7	9	catcat20.Lambda 0.024	8582	0	6450	2039
E	6	3.7	10	rsalesc.melee.Medina 0.4.5	6245	0	3900	2293
E	7	3.8.5	1	aaa.r.ScalarR 0.005g.047	16375	13	11350	3765
E	7	3.8.5	2	jk.melee.Neuromancer 7.12	12926	6	9250	2967
E	7	3.8.5	3	justin.DemonicRage 3.4	11743	4	8550	2776
E	7	3.8.5	4	voidious.Diamond 1.8.28	11707	6	7950	3047
E	7	3.8.5	5	rz.Aleph 0.34	10489	0	8150	2227
E	7	3.8.5	6	hadur2.Hadur 3.8.5	10234	1	8450	1617
E	7	3.8.5	7	mn.Combat 3.25.0	9684	4	6550	2634
E	7	3.8.5	8	catcat20.Lambda 0.024	9365	2	6900	2250
E	7	3.8.5	9	wompi.Numbat 2.1	8673	0	6450	2114
E	7	3.8.5	10	rsalesc.melee.Medina 0.4.5	7763	1	4950	2617
E	7	3.7	1	aaa.r.ScalarR 0.005g.047	16796	12	11800	3660
E	7	3.7	2	jk.melee.Neuromancer 7.12	13568	8	9850	2833
E	7	3.7	3	voidious.Diamond 1.8.28	12209	5	8150	3388
E	7	3.7	4	justin.DemonicRage 3.4	11004	1	8200	2594
E	7	3.7	5	rz.Aleph 0.34	10894	2	7750	2801
E	7	3.7	6	mn.Combat 3.25.0	9775	2	6800	2695
E	7	3.7	7	catcat20.Lambda 0.024	9632	3	7050	2196
E	7	3.7	8	hadur2.Hadur 3.7	9046	0	7400	1590
E	7	3.7	9	rsalesc.melee.Medina 0.4.5	8678	2	5650	2726
E	7	3.7	10	wompi.Numbat 2.1	8030	0	6050	1907
E	8	3.8.5	1	aaa.r.ScalarR 0.005g.047	3786	2	2800	776
E	8	3.8.5	2	jk.melee.Neuromancer 7.12	3426	2	2450	734
E	8	3.8.5	3	voidious.Diamond 1.8.28	3221	1	2250	840
E	8	3.8.5	4	justin.DemonicRage 3.4	2837	2	1750	846
E	8	3.8.5	5	catcat20.Lambda 0.024	2812	0	2200	591
E	8	3.8.5	6	wompi.Numbat 2.1	2760	1	2100	545
E	8	3.8.5	7	rz.Aleph 0.34	2613	0	2100	500
E	8	3.8.5	8	rsalesc.melee.Medina 0.4.5	2320	1	1500	714
E	8	3.8.5	9	hadur2.Hadur 3.8.5	2256	0	1850	378
E	8	3.8.5	10	mn.Combat 3.25.0	1799	0	1250	532
E	8	3.7	1	aaa.r.ScalarR 0.005g.047	14832	11	10000	3598
E	8	3.7	2	justin.DemonicRage 3.4	14213	5	10200	3328
E	8	3.7	3	voidious.Diamond 1.8.28	12920	7	8950	3159
E	8	3.7	4	jk.melee.Neuromancer 7.12	11981	3	8900	2678
E	8	3.7	5	rsalesc.melee.Medina 0.4.5	10443	4	6950	3042
E	8	3.7	6	hadur2.Hadur 3.7	9787	1	8150	1467
E	8	3.7	7	rz.Aleph 0.34	9498	2	6750	2454
E	8	3.7	8	mn.Combat 3.25.0	8825	0	6100	2597
E	8	3.7	9	catcat20.Lambda 0.024	8474	0	6450	1932
E	8	3.7	10	wompi.Numbat 2.1	8375	2	6250	1879
E	9	3.8.5	1	aaa.r.ScalarR 0.005g.047	15229	7	10650	3678
E	9	3.8.5	2	jk.melee.Neuromancer 7.12	13320	7	9800	2723
E	9	3.8.5	3	mn.Combat 3.25.0	12852	5	9050	3138
E	9	3.8.5	4	justin.DemonicRage 3.4	12540	4	9150	2870
E	9	3.8.5	5	voidious.Diamond 1.8.28	11992	6	7800	3512
E	9	3.8.5	6	hadur2.Hadur 3.8.5	10752	1	8550	1997
E	9	3.8.5	7	wompi.Numbat 2.1	10135	3	7750	2047
E	9	3.8.5	8	rz.Aleph 0.34	9331	1	6950	2230
E	9	3.8.5	9	catcat20.Lambda 0.024	7646	1	5350	2120
E	9	3.8.5	10	rsalesc.melee.Medina 0.4.5	6037	0	3650	2339
E	9	3.7	1	aaa.r.ScalarR 0.005g.047	15861	13	10900	3692
E	9	3.7	2	voidious.Diamond 1.8.28	12912	3	9050	3371
E	9	3.7	3	hadur2.Hadur 3.7	11888	1	9750	1944
E	9	3.7	4	justin.DemonicRage 3.4	11377	2	8250	2780
E	9	3.7	5	mn.Combat 3.25.0	11205	6	7750	2807
E	9	3.7	6	jk.melee.Neuromancer 7.12	10383	4	7700	2333
E	9	3.7	7	rz.Aleph 0.34	10077	2	7350	2422
E	9	3.7	8	wompi.Numbat 2.1	9189	3	6850	1940
E	9	3.7	9	catcat20.Lambda 0.024	8468	1	6150	2168
E	9	3.7	10	rsalesc.melee.Medina 0.4.5	7721	1	4950	2568
E	10	3.8.5	1	aaa.r.ScalarR 0.005g.047	14343	9	10100	3219
E	10	3.8.5	2	jk.melee.Neuromancer 7.12	13837	5	10100	3104
E	10	3.8.5	3	mn.Combat 3.25.0	12966	4	9000	3386
E	10	3.8.5	4	voidious.Diamond 1.8.28	11898	4	8150	3201
E	10	3.8.5	5	justin.DemonicRage 3.4	11320	4	8200	2647
E	10	3.8.5	6	hadur2.Hadur 3.8.5	10843	2	9000	1565
E	10	3.8.5	7	rsalesc.melee.Medina 0.4.5	8798	4	5700	2623
E	10	3.8.5	8	rz.Aleph 0.34	8456	1	6150	2133
E	10	3.8.5	9	catcat20.Lambda 0.024	8393	2	6050	2065
E	10	3.8.5	10	wompi.Numbat 2.1	8101	0	6250	1786
E	10	3.7	1	aaa.r.ScalarR 0.005g.047	15692	9	11050	3603
E	10	3.7	2	jk.melee.Neuromancer 7.12	12727	7	9100	2834
E	10	3.7	3	mn.Combat 3.25.0	12536	5	8850	3067
E	10	3.7	4	voidious.Diamond 1.8.28	11034	3	7700	2910
E	10	3.7	5	justin.DemonicRage 3.4	10748	3	7700	2624
E	10	3.7	6	rz.Aleph 0.34	10164	2	7600	2270
E	10	3.7	7	hadur2.Hadur 3.7	9362	0	7700	1589
E	10	3.7	8	rsalesc.melee.Medina 0.4.5	9268	2	6000	2916
E	10	3.7	9	catcat20.Lambda 0.024	8884	3	6250	2276
E	10	3.7	10	wompi.Numbat 2.1	8714	1	6650	1941
