step	build	opponent	seed	duressTicksAfterRound0	rounds
tail	hadur2.Hadur 3.10	NDH.GuessFactor 1.0	1	298	1
tail	hadur2.Hadur 3.10	PkKillers.PkAssassin 1.0	2	298	1
tail	hadur2.Hadur 3.10	PkKillers.PkAssassin 1.0	4	298	1
tail	hadur2.Hadur 3.10	buba.Archivist 0.1	1	593	1
tail	hadur2.Hadur 3.10	bvh.mini.Mjolnir 0.3	4	298	1
tail	hadur2.Hadur 3.10	cb.nano.Insomnia 1.0	3	298	1
tail	hadur2.Hadur 3.10	cw.megas.Gridd 0.4	1	298	1
tail	hadur2.Hadur 3.10	dz.OthoMicro 0.12	3	521	1
tail	hadur2.Hadur 3.10	eat.HumblePieLite 1.0	2	298	1
tail	hadur2.Hadur 3.10	eskimo.micro.Echo 0.1	2	596	1
tail	hadur2.Hadur 3.10	jaara.LambdaBot 1.1	2	298	1
tail	hadur2.Hadur 3.10	jaybot.bots.Oddball 4.0	4	596	1
tail	hadur2.Hadur 3.10	jwst.DAD.DarkAndDarker 1.1	4	298	1
tail	hadur2.Hadur 3.10	logiblocs.Fire 1.0	2	236	1
tail	hadur2.Hadur 3.10	logiblocs.Fire 1.0	4	233	1
tail	hadur2.Hadur 3.10	mladjo.Startko 1.0	1	298	1
tail	hadur2.Hadur 3.10	mmb.Roskilde 0.5	4	298	1
tail	hadur2.Hadur 3.10	ntc.Plains 0.9	4	350	1
tail	hadur2.Hadur 3.10	nz.A7Ibwenape A7Ibwen1.0	1	298	1
tail	hadur2.Hadur 3.10	nz.A7Ibwenape A7Ibwen1.0	3	417	1
tail	hadur2.Hadur 3.10	povik.nano.Smilee 0.2.1	3	298	26
tail	hadur2.Hadur 3.10	robin.SCALPBot 1.0	1	298	1
tail	hadur2.Hadur 3.10	slugzilla.SquirmyToad 3.9	2	298	1
tail	hadur2.Hadur 3.10	suh.nano.TargetL 1.00	4	298	1
tail	hadur2.Hadur 3.10	takeBot.SpinSpiral 1.2	1	596	1
tail	hadur2.Hadur 3.10	taqho.taqbot 1.0	3	298	1
tail	hadur2.Hadur 3.10	tobe.Saturn lambda	2	507	1
tail	hadur2.Hadur 3.10	toz.Gnome 1.1	4	298	1
top	hadur2.Hadur 3.10	aaa.r.ScalarR 0.005h.053-noshield	1	480	5 8
top	hadur2.Hadur 3.10	aaa.r.ScalarR 0.005h.053-noshield	2	298	11
top	hadur2.Hadur 3.10	aaa.r.ScalarR 0.005h.053-noshield	4	298	11
top	hadur2.Hadur 3.10	axeBots.SilverSurfer 2.53.33fix	1	298	27
top	hadur2.Hadur 3.10	cuoq.Kakera 1.0	4	298	1
top	hadur2.Hadur 3.10	damij.mega.Boque aaah	4	298	1
top	hadur2.Hadur 3.10	davidalves.PhoenixOS 1.1	1	298	1
top	hadur2.Hadur 3.10	dsekercioglu.mini.Partial 0.1.3	4	298	1
top	hadur2.Hadur 3.10	florent.XSeries.X2 0.17	2	298	1
top	hadur2.Hadur 3.10	kc.serpent.Hydra 0.21	2	298	1
top	hadur2.Hadur 3.10	sheldor.micro.Epeeist 3.7	2	298	1
