build	tick	hadur_mean	drussgt_mean	rounds_running	rounds
released	0	100.00	100.00	350	350
released	200	72.77	72.66	350	350
released	400	48.46	52.53	350	350
released	600	35.21	43.77	350	350
released	800	28.63	39.26	348	350
released	1000	24.95	36.26	340	350
released	1200	22.10	33.64	337	350
released	1400	19.59	31.27	335	350
released	1600	17.18	28.98	330	350
released	1800	14.81	26.71	324	350
released	2000	12.52	24.48	315	350
released	2200	10.25	22.36	306	350
released	2400	8.17	20.28	299	350
released	2600	6.17	18.40	279	350
released	2800	4.43	16.79	251	350
released	3000	3.26	15.54	200	350
released	3200	2.59	14.77	131	350
released	3400	2.38	14.52	57	350
released	3600	2.34	14.49	12	350
released	3800	2.34	14.49	0	350
released	4000	2.34	14.49	0	350
lead-aware	0	100.00	100.00	350	350
lead-aware	200	73.74	72.11	350	350
lead-aware	400	54.05	54.57	350	350
lead-aware	600	44.72	47.29	348	350
lead-aware	800	41.08	43.99	342	350
lead-aware	1000	38.16	41.14	335	350
lead-aware	1200	35.66	38.60	328	350
lead-aware	1400	33.47	36.52	297	350
lead-aware	1600	31.62	34.77	251	350
lead-aware	1800	29.98	33.09	232	350
lead-aware	2000	28.08	31.52	220	350
lead-aware	2200	26.30	29.91	215	350
lead-aware	2400	24.84	28.30	214	350
lead-aware	2600	23.30	26.78	212	350
lead-aware	2800	21.68	25.39	206	350
lead-aware	3000	20.26	23.92	200	350
lead-aware	3200	18.82	22.59	195	350
lead-aware	3400	17.41	21.31	190	350
lead-aware	3600	16.17	19.91	183	350
lead-aware	3800	14.95	18.72	169	350
lead-aware	4000	13.77	17.62	162	350
lead-aware-sampled	0	100.00	100.00	350	350
lead-aware-sampled	200	73.29	73.12	350	350
lead-aware-sampled	400	52.64	54.57	350	350
lead-aware-sampled	600	43.39	46.41	346	350
lead-aware-sampled	800	39.71	43.02	341	350
lead-aware-sampled	1000	37.22	40.42	335	350
lead-aware-sampled	1200	34.91	37.86	323	350
lead-aware-sampled	1400	32.76	35.63	297	350
lead-aware-sampled	1600	31.01	33.77	254	350
lead-aware-sampled	1800	29.35	32.15	227	350
lead-aware-sampled	2000	27.62	30.47	221	350
lead-aware-sampled	2200	26.04	28.81	217	350
lead-aware-sampled	2400	24.49	27.32	213	350
lead-aware-sampled	2600	22.99	25.81	209	350
lead-aware-sampled	2800	21.53	24.33	201	350
lead-aware-sampled	3000	20.03	22.88	196	350
lead-aware-sampled	3200	18.50	21.54	193	350
lead-aware-sampled	3400	17.21	20.21	185	350
lead-aware-sampled	3600	15.91	18.92	176	350
lead-aware-sampled	3800	14.80	17.71	169	350
lead-aware-sampled	4000	13.70	16.61	153	350
random-gun	0	100.00	100.00	175	175
random-gun	200	71.60	73.36	175	175
random-gun	400	47.63	53.98	175	175
random-gun	600	34.88	46.38	175	175
random-gun	800	28.76	42.15	175	175
random-gun	1000	25.04	39.15	169	175
random-gun	1200	22.28	36.63	166	175
random-gun	1400	19.74	34.23	165	175
random-gun	1600	17.25	31.83	165	175
random-gun	1800	14.72	29.39	164	175
random-gun	2000	12.25	27.09	163	175
random-gun	2200	9.87	24.83	159	175
random-gun	2400	7.59	22.67	154	175
random-gun	2600	5.57	20.48	148	175
random-gun	2800	3.96	18.77	128	175
random-gun	3000	2.82	17.63	94	175
random-gun	3200	2.22	16.88	62	175
random-gun	3400	1.97	16.64	31	175
random-gun	3600	1.93	16.59	6	175
random-gun	3800	1.93	16.58	2	175
random-gun	4000	1.93	16.58	1	175
all-chaff	0	100.00	100.00	105	105
all-chaff	200	97.56	95.89	105	105
all-chaff	400	94.50	92.57	105	105
all-chaff	600	90.87	89.91	105	105
all-chaff	800	87.69	87.40	104	105
all-chaff	1000	84.91	84.99	104	105
all-chaff	1200	82.36	82.41	103	105
all-chaff	1400	79.93	79.81	103	105
all-chaff	1600	77.28	77.40	103	105
all-chaff	1800	74.61	74.76	103	105
all-chaff	2000	71.87	72.25	103	105
all-chaff	2200	68.90	69.85	103	105
all-chaff	2400	66.44	67.46	102	105
all-chaff	2600	63.79	65.10	102	105
all-chaff	2800	61.27	62.66	102	105
all-chaff	3000	58.84	60.24	102	105
all-chaff	3200	56.24	57.96	102	105
all-chaff	3400	53.86	55.52	102	105
all-chaff	3600	51.13	53.26	101	105
all-chaff	3800	48.65	50.89	100	105
all-chaff	4000	46.16	48.65	99	105
hold-fire	0	100.00	100.00	70	70
hold-fire	200	91.09	80.90	70	70
hold-fire	400	74.94	64.56	70	70
hold-fire	600	64.55	51.61	70	70
hold-fire	800	54.48	43.99	70	70
hold-fire	1000	48.43	38.88	63	70
hold-fire	1200	43.59	35.70	62	70
hold-fire	1400	40.73	33.12	61	70
hold-fire	1600	38.12	31.32	60	70
hold-fire	1800	36.03	29.67	60	70
hold-fire	2000	33.85	28.11	60	70
hold-fire	2200	31.83	26.53	59	70
hold-fire	2400	29.94	25.13	59	70
hold-fire	2600	27.74	23.36	57	70
hold-fire	2800	25.49	21.44	56	70
hold-fire	3000	23.55	19.67	53	70
hold-fire	3200	21.53	18.01	53	70
hold-fire	3400	19.39	16.44	50	70
hold-fire	3600	17.50	15.07	49	70
hold-fire	3800	16.09	14.10	44	70
hold-fire	4000	14.59	13.04	38	70
