build	opponent	role	rank	seed	ok	rounds	score	theirScore	firsts	survival	theirSurvival	bulletDamage	theirBulletDamage	skippedTurns	turns	turnP50Ms	turnP95Ms	turnMaxMs	roundRecords	faults	faultRecords	ourHitRate	theirHitRate	phantomWaves	enemyShots	unseenShots	inferredWaves	matchedWaves	radarReacquired	hiddenShots	profileFound	memoryFailures	seedsEvicted	bulletsIntercepted	jitteredShots	shotsFired	tiers	openingGun	gunSeed	surfSeed	seedDecays	openingDistance	meanDistance	targetDistance	roundTicks	finishTicks	ramTicks	fullPowerShots	maxLevel	slowTicks	shadowedWaves	interceptsShadowed	flavourChanges	flavourStep	errors	duressTicks	engineDisables	securityErrors	rShortfall	finalRMissing	hostCpuMin	hostCpuMean	hostCpuMax	otherJvms	score_share	survival_share	repeat
3.8.5	kc.mega.BeepBoop 2.0	rumble-1	1	1	true	35	852.000	3003.000	4	200.000	1550.000	587.000	965.000	27	60236	0.974	1.911	49.753	35	0	0	0.045	0.096	190	4532	67	4625	4532	19	35	0	0	0	500	4501	4534	T?/M?	live	0	0	0	650	540.197	650.000	1571.029	56	0	0	3	24	4608	499	0	0		0	0	0	0	0	0.271	0.361	0.556	0	0.2210	0.1143	r1
3.8.5	kc.mega.BeepBoop 2.0	rumble-1	1	2	true	35	925.000	2954.000	5	200.000	1500.000	656.000	979.000	29	57127	0.967	1.961	50.484	35	0	0	0.045	0.087	162	4241	64	4480	4240	33	26	0	0	0	474	4161	4219	T?/M?	live	0	0	0	650	534.094	650.000	1482.200	0	38	0	3	18	4464	473	0	0		0	0	0	0	0	0.271	0.359	0.556	0	0.2385	0.1176	r1
3.8.5	kc.mega.BeepBoop 2.0	rumble-1	1	3	true	35	769.000	3004.000	3	150.000	1600.000	565.000	913.000	17	54449	0.970	1.941	51.519	35	0	0	0.046	0.085	163	4011	62	4122	4009	14	29	0	0	0	420	3888	3977	T?/M?	live	0	0	0	650	539.346	650.000	1405.686	160	0	0	3	1753	4079	420	0	0		0	0	0	0	0	0.271	0.360	0.556	0	0.2038	0.0857	r1
3.8.5	jk.mega.DrussGT 3.1.16	rumble-3	3	1	true	35	1815.000	2417.000	14	700.000	1050.000	897.000	1036.000	39	104653	0.821	1.517	39.497	35	0	0	0.071	0.100	502	8547	2	8527	8524	29	48	0	0	0	1105	8198	8541	T?/M?	live	0	0	0	650	520.126	650.000	2840.086	1445	69	0	3	40	8469	1081	0	0		298	0	0	0	0	0.271	0.354	0.556	0	0.4289	0.4000	r1
3.8.5	jk.mega.DrussGT 3.1.16	rumble-3	3	2	true	35	1976.000	2308.000	16	800.000	950.000	907.000	1043.000	45	96436	0.814	1.543	37.866	35	0	0	0.078	0.099	480	7805	1	7782	7781	33	49	0	0	0	968	7426	7818	T?/M?	live	0	0	0	650	521.000	650.000	2605.314	393	31	10	3	47	7740	942	0	0		298	0	0	0	0	0.271	0.356	0.556	0	0.4613	0.4571	r1
3.8.5	jk.mega.DrussGT 3.1.16	rumble-3	3	3	true	35	2140.000	2439.000	17	850.000	900.000	996.000	1225.000	43	102064	0.867	1.614	39.560	35	0	0	0.076	0.106	525	8351	0	8353	8351	32	75	0	0	0	1085	8362	8369	T?/M?	live	0	0	0	650	514.369	650.000	2766.114	1531	123	8	2	51	8326	1085	0	0		0	0	0	0	0	0.271	0.354	0.556	0	0.4674	0.4857	r1
3.8.5	oog.mega.saguaro.Saguaro 1.0	rumble-4	4	1	true	35	3284.000	1596.000	28	1400.000	350.000	1356.000	1103.000	8	28065	1.146	2.224	10.055	35	0	0	0.176	0.083	98	1480	10	1456	1454	2	19	0	0	0	155	1667	1708	T?/M?	live	0	0	0	650	425.731	400.000	651.857	409	125	126	3	2	1456	134	0	0		298	0	0	0	0	0.271	0.385	0.556	0	0.6730	0.8000	r1
3.8.5	oog.mega.saguaro.Saguaro 1.0	rumble-4	4	2	true	35	3953.000	1026.000	33	1650.000	100.000	1656.000	886.000	18	22520	0.854	1.971	9.282	35	0	0	0.181	0.069	60	1075	2	1054	1052	5	20	0	0	0	116	1167	1217	T?/M?	live	0	0	0	650	444.426	400.000	493.429	569	72	168	3	6	1054	96	0	0		298	0	0	0	0	0.283	0.418	0.556	0	0.7939	0.9429	r1
3.8.5	oog.mega.saguaro.Saguaro 1.0	rumble-4	4	3	true	35	3317.000	1572.000	27	1350.000	400.000	1445.000	995.000	13	25936	1.073	2.204	12.316	35	0	0	0.185	0.061	91	1339	1	1339	1338	3	26	0	0	0	122	1507	1511	T?/M?	live	0	0	0	650	421.009	400.000	591.029	407	73	166	2	9	1339	122	0	0		0	0	0	0	0	0.271	0.391	0.556	0	0.6785	0.7714	r1
3.8.5	aaa.r.ScalarR 0.005h.053-noshield	rumble-5	5	1	true	35	1453.000	2708.000	11	550.000	1200.000	728.000	1100.000	33	85423	1.066	1.793	56.999	35	0	0	0.063	0.095	399	6738	4	6916	6738	30	54	0	0	0	842	6777	6853	T?/M?	live	0	0	0	650	486.720	650.000	2290.657	418	0	0	3	7	6912	841	0	0		0	0	0	0	0	0.271	0.353	0.556	0	0.3492	0.3143	r1
3.8.5	aaa.r.ScalarR 0.005h.053-noshield	rumble-5	5	2	true	35	1288.000	3089.000	7	350.000	1400.000	833.000	1206.000	35	85139	1.076	1.829	53.526	35	0	0	0.065	0.103	339	6632	1	6932	6631	32	86	0	0	0	852	6631	6747	T?/M?	live	0	0	0	650	484.689	650.000	2282.543	175	1	0	3	10	6916	850	0	0		0	0	0	0	0	0.271	0.353	0.556	0	0.2943	0.2000	r1
3.8.5	aaa.r.ScalarR 0.005h.053-noshield	rumble-5	5	3	true	35	1154.000	3123.000	6	300.000	1450.000	757.000	1184.000	39	89440	1.021	1.731	44.183	35	0	0	0.064	0.108	404	7049	4	7272	7048	43	81	0	0	0	830	6815	7168	T?/M?	live	0	0	0	650	484.091	650.000	2405.429	372	0	0	3	11	7260	828	0	0		0	0	0	0	0	0.271	0.353	0.556	0	0.2698	0.1714	r1
3.8.5	voidious.Diamond 1.8.22	rumble-6	6	1	true	35	2089.000	2192.000	20	1000.000	750.000	800.000	1162.000	26	96176	1.015	1.747	501.184	34	0	0	0.070	0.092	485	7710	160	7941	7710	24	47	0	0	0	833	7744	7824	T?/M?	live	0	0	0	650	542.374	650.000	2649.647	599	3	30	3	39	7872	831	0	0		0	0	0	1	1	0.212	0.310	0.408	0	0.4880	0.5714	r1
3.8.5	voidious.Diamond 1.8.22	rumble-6	6	2	true	35	2059.000	2047.000	20	1000.000	750.000	770.000	1059.000	37	110041	0.958	1.682	44.727	34	0	0	0.064	0.087	526	8974	162	9164	8970	64	43	0	0	0	981	8715	8980	T?/M?	live	0	0	0	650	539.421	650.000	3041.118	2810	50	23	3	43	8999	978	0	0		0	0	0	1	1	0.212	0.316	0.408	0	0.5015	0.5714	r1
3.8.5	voidious.Diamond 1.8.22	rumble-6	6	3	true	35	2065.000	1911.000	22	1050.000	650.000	714.000	1040.000	40	99825	0.976	1.754	188.205	35	0	0	0.068	0.086	516	7953	135	8130	7950	74	46	0	0	0	842	8139	8154	T?/M?	live	0	0	0	650	536.420	650.000	2702.143	2195	3	16	3	49	8093	839	0	0		0	0	0	0	0	0.212	0.313	0.408	0	0.5194	0.6176	r1
3.8.5	cb.fire.Firestarter 2.0f	rumble-7	7	1	true	35	1940.000	2208.000	16	800.000	950.000	900.000	955.000	30	117193	1.007	1.732	52.222	35	0	0	0.083	0.075	770	8469	198	10122	8457	23	66	0	0	0	874	9670	9738	T?/M?	live	0	0	0	650	546.020	650.000	3198.371	243	70	4	2	25	10084	872	0	0		0	0	0	0	0	0.225	0.313	0.465	0	0.4677	0.4571	r1
3.8.5	cb.fire.Firestarter 2.0f	rumble-7	7	2	true	35	2524.000	1749.000	22	1100.000	650.000	1099.000	895.000	34	134514	1.041	1.792	28.219	35	0	0	0.093	0.086	912	9788	142	11114	9788	28	83	0	0	0	1090	11254	11311	T?/M?	live	0	0	0	650	543.043	650.000	3693.257	2184	49	26	3	28	11087	1086	0	0		0	0	0	0	0	0.225	0.318	0.465	0	0.5907	0.6286	r1
3.8.5	cb.fire.Firestarter 2.0f	rumble-7	7	3	true	35	2067.000	1986.000	18	900.000	850.000	880.000	878.000	26	108753	0.993	1.711	28.569	35	0	0	0.078	0.079	678	7802	179	9216	7791	21	62	0	0	0	826	8954	8996	T?/M?	live	0	0	0	650	546.306	650.000	2957.229	675	39	36	3	5771	9198	821	0	0		0	0	0	0	0	0.225	0.310	0.465	0	0.5100	0.5143	r1
3.8.5	dsekercioglu.mega.Raven 3.56j8	rumble-8	8	1	true	35	2174.000	2579.000	19	950.000	800.000	915.000	1438.000	11	41665	0.670	1.167	20.154	35	0	0	0.107	0.097	202	2720	11	2720	2720	4	40	0	0	0	326	2729	2883	T?/M?	live	0	0	0	650	456.429	650.000	1040.429	632	258	88	2	2162	2681	326	0	0		0	0	0	0	0	0.257	0.310	0.384	0	0.4574	0.5429	r1
3.8.5	dsekercioglu.mega.Raven 3.56j8	rumble-8	8	2	true	35	2228.000	2023.000	23	1150.000	600.000	739.000	1195.000	14	47486	0.663	1.195	20.948	34	0	0	0.099	0.092	262	3213	16	3190	3190	10	34	0	0	0	352	2844	3435	T?/M?	live	0	0	0	650	449.303	650.000	1221.412	3307	375	37	3	21	3133	347	0	0		298	0	0	1	1	0.257	0.317	0.384	0	0.5241	0.6571	r1
3.8.5	dsekercioglu.mega.Raven 3.56j8	rumble-8	8	3	true	35	2694.000	1809.000	26	1300.000	450.000	974.000	1179.000	9	44058	0.673	1.181	20.971	34	0	0	0.100	0.095	215	2946	17	2947	2946	5	37	0	0	0	299	2989	3110	T?/M?	live	0	0	0	650	453.159	650.000	1126.265	2798	280	78	2	10	2904	297	0	0		0	0	0	1	1	0.257	0.319	0.384	0	0.5983	0.7429	r1
3.8.5	xander.cat.XanderCat 12.9	rumble-9	9	1	true	35	2504.000	1935.000	22	1100.000	650.000	1069.000	1065.000	17	53739	0.521	1.157	17.178	35	0	0	0.111	0.074	334	2919	0	3117	2919	13	36	0	0	0	344	3914	3981	T?/M?	live	0	0	0	650	455.329	650.000	1385.400	343	8	37	2	21	3116	344	0	0	"Preventing xander.cat.XanderCat 12.9 from access: (""java.io.FilePermission"" ""D:\code\H117-int\hadur-bench\target\classes\META-INF\services\java.time.zone.ZoneRulesProvider"" ""read""). You may only read files in your own root package directory."	0	0	1	0	0	0.257	0.321	0.384	0	0.5641	0.6286	r1
3.8.5	xander.cat.XanderCat 12.9	rumble-9	9	2	true	35	2436.000	2315.000	20	1000.000	750.000	1132.000	1271.000	24	60945	0.594	1.275	15.908	35	0	0	0.120	0.086	425	3965	3	4108	3965	16	56	0	0	0	411	3910	4636	T?/M?	live	0	0	0	650	445.369	650.000	1591.286	253	8	62	2	21	4098	410	0	0	"Preventing xander.cat.XanderCat 12.9 from access: (""java.io.FilePermission"" ""D:\code\H117-int\hadur-bench\target\classes\META-INF\services\java.time.zone.ZoneRulesProvider"" ""read""). You may only read files in your own root package directory."	0	0	1	0	0	0.258	0.342	0.438	0	0.5127	0.5714	r1
3.8.5	xander.cat.XanderCat 12.9	rumble-9	9	3	true	35	2854.000	2163.000	22	1100.000	650.000	1361.000	1267.000	26	52282	0.597	1.270	14.258	35	0	0	0.128	0.096	348	3336	0	3448	3336	17	38	0	0	0	357	3401	3830	T?/M?	live	0	0	0	650	452.680	650.000	1343.771	126	39	200	2	21	3440	357	0	0	"Preventing xander.cat.XanderCat 12.9 from access: (""java.io.FilePermission"" ""D:\code\H117-int\hadur-bench\target\classes\META-INF\services\java.time.zone.ZoneRulesProvider"" ""read""). You may only read files in your own root package directory."	0	0	1	0	0	0.258	0.346	0.438	0	0.5689	0.6286	r1
3.8.5	lxx.Tomcat 3.68	rumble-10	10	1	true	35	2055.000	2557.000	18	900.000	850.000	885.000	1374.000	29	66538	0.729	1.958	52.392	34	0	0	0.089	0.103	376	5011	122	5026	4993	32	34	0	0	0	540	4999	5101	T?/M?	live	0	0	0	650	516.909	650.000	1783.118	1371	3	16	3	48	4972	539	0	0		0	0	0	1	1	0.245	0.323	0.398	0	0.4456	0.5143	r1
3.8.5	lxx.Tomcat 3.68	rumble-10	10	2	true	35	2432.000	1986.000	23	1100.000	600.000	970.000	1175.000	34	79411	0.746	2.070	56.672	35	0	0	0.096	0.100	533	6171	86	6173	6152	30	62	0	0	0	758	6251	6312	T?/M?	live	0	0	0	650	509.634	650.000	2118.886	3760	3	87	2	36	6165	757	0	0		0	0	0	0	0	0.245	0.323	0.398	0	0.5505	0.6471	r1
3.8.5	lxx.Tomcat 3.68	rumble-10	10	3	true	35	2309.000	2333.000	20	950.000	750.000	1040.000	1280.000	23	68867	0.773	2.021	53.965	34	0	0	0.090	0.106	394	5266	138	5260	5255	20	43	0	0	0	623	5123	5267	T?/M?	live	0	0	0	650	514.209	650.000	1852.029	2255	2	22	3	40	5189	623	0	0		0	0	0	1	1	0.245	0.320	0.398	0	0.4974	0.5588	r1
3.8.5	rsalesc.mega.Knight 0.6.28	rumble-11	11	1	true	35	2295.000	2132.000	18	900.000	850.000	1075.000	1005.000	34	100558	1.078	2.086	24.378	35	0	0	0.098	0.098	686	8153	127	8142	8142	24	61	0	0	0	945	8069	8201	T?/M?	live	0	0	0	650	512.260	650.000	2723.086	1227	0	122	3	35	8107	945	0	0		0	0	0	0	0	0.229	0.313	0.391	0	0.5184	0.5143	r1
3.8.5	rsalesc.mega.Knight 0.6.28	rumble-11	11	2	true	35	2623.000	1963.000	22	1100.000	650.000	1141.000	1093.000	34	111161	1.084	2.123	26.595	34	0	0	0.098	0.099	808	9090	68	9090	9088	31	86	0	0	0	1052	8968	9086	T?/M?	live	0	0	0	650	513.656	650.000	3076.559	2271	48	51	3	40	8947	1051	0	0		0	0	0	1	1	0.229	0.319	0.412	0	0.5720	0.6286	r1
3.8.5	rsalesc.mega.Knight 0.6.28	rumble-11	11	3	true	35	3100.000	1588.000	26	1300.000	450.000	1322.000	977.000	30	108494	1.071	2.109	26.292	34	0	0	0.108	0.103	721	8846	57	8845	8845	28	67	0	0	0	1081	8778	8792	T?/M?	live	0	0	0	650	509.179	650.000	2987.000	1090	31	142	3	48	8666	1078	0	0		0	0	0	1	1	0.229	0.319	0.412	0	0.6613	0.7429	r1
3.8.5	aw.Gilgalad 1.99.5c	rumble-12	12	1	true	35	2240.000	2265.000	20	1000.000	750.000	922.000	1227.000	21	60620	0.749	1.482	34.782	34	0	0	0.105	0.106	388	4533	5	4538	4533	19	30	0	0	0	445	4405	4611	T?/M?	live	0	0	0	650	462.885	650.000	1614.471	4469	1	117	2	30	4479	443	0	0		0	0	0	1	1	0.245	0.319	0.391	0	0.4972	0.5714	r1
3.8.5	aw.Gilgalad 1.99.5c	rumble-12	12	2	true	35	2043.000	2269.000	20	1000.000	750.000	769.000	1248.000	32	71912	0.744	1.482	19.847	35	0	0	0.076	0.100	395	5534	2	5624	5534	25	45	0	0	0	629	5511	5661	T?/M?	live	0	0	0	650	504.011	650.000	1904.629	4003	6	3	2	28	5600	627	0	0		0	0	0	0	0	0.245	0.317	0.391	0	0.4738	0.5714	r1
3.8.5	aw.Gilgalad 1.99.5c	rumble-12	12	3	true	35	2441.000	2321.000	20	950.000	750.000	1160.000	1278.000	25	50915	0.728	1.477	17.162	35	0	0	0.115	0.102	297	3654	1	3726	3653	17	39	0	0	0	368	3653	3733	T?/M?	live	0	0	0	650	450.880	650.000	1304.714	1922	3	113	2	22	3712	367	0	0		0	0	0	0	0	0.248	0.319	0.391	0	0.5126	0.5588	r1
3.8.5	pc.Wavelet 1.5	rumble-13	13	1	true	35	1910.000	2657.000	13	650.000	1100.000	1046.000	1169.000	13	51528	1.011	1.834	25.070	34	0	0	0.104	0.093	269	3064	1	3093	3063	6	22	0	0	0	323	3643	3661	T?/M?	live	0	0	0	650	443.406	650.000	1330.353	512	1	91	3	13	3015	323	0	0		0	0	0	1	1	0.238	0.326	0.382	0	0.4182	0.3714	r1
3.8.5	pc.Wavelet 1.5	rumble-13	13	2	true	35	2047.000	2208.000	17	850.000	900.000	934.000	1012.000	21	54554	1.040	1.834	24.089	35	0	0	0.104	0.079	324	3412	2	3416	3412	10	22	0	0	0	350	3511	4064	T?/M?	live	0	0	0	650	442.697	650.000	1408.686	699	1	73	2	17	3416	349	0	0		0	0	0	0	0	0.238	0.334	0.432	0	0.4811	0.4857	r1
3.8.5	pc.Wavelet 1.5	rumble-13	13	3	true	35	1880.000	2428.000	15	750.000	1000.000	885.000	1093.000	12	53669	1.016	1.821	24.519	35	0	0	0.101	0.088	295	3341	2	3343	3341	7	34	0	0	0	332	3776	3945	T?/M?	live	0	0	0	650	444.403	650.000	1383.400	402	1	50	2	12	3343	332	0	0		0	0	0	0	0	0.238	0.335	0.432	0	0.4364	0.4286	r1
3.8.5	gh.GresSuffurd 0.4.13	rumble-14	14	1	true	35	2724.000	1806.000	25	1250.000	500.000	1046.000	1117.000	14	40487	0.520	1.035	20.251	34	0	0	0.109	0.081	185	2582	2	2582	2582	12	16	0	0	0	247	2691	2719	T?/M?	live	0	0	0	650	459.609	650.000	1011.676	1958	53	48	2	9	2500	247	0	0		0	0	0	1	1	0.238	0.336	0.377	0	0.6013	0.7143	r1
3.8.5	gh.GresSuffurd 0.4.13	rumble-14	14	2	true	35	2664.000	1864.000	25	1250.000	500.000	994.000	1159.000	16	38451	0.528	1.028	20.123	35	0	0	0.113	0.078	182	2432	4	2432	2432	10	24	0	0	0	241	2495	2585	T?/M?	live	0	0	0	650	461.903	650.000	948.600	388	0	117	2	12	2424	241	0	0		0	0	0	0	0	0.238	0.331	0.377	0	0.5883	0.7143	r1
3.8.5	gh.GresSuffurd 0.4.13	rumble-14	14	3	true	35	2929.000	1715.000	26	1300.000	450.000	1162.000	1080.000	11	34264	0.531	1.020	19.058	35	0	0	0.112	0.087	119	2117	2	2117	2117	5	26	0	0	0	220	2016	2236	T?/M?	live	0	0	0	650	468.640	650.000	828.971	825	57	78	2	615	2117	219	0	0		0	0	0	0	0	0.238	0.330	0.377	0	0.6307	0.7429	r1
3.8.5	kc.serpent.WaveSerpent 2.11	rumble-15	15	1	true	35	2367.000	1833.000	25	1250.000	500.000	744.000	1141.000	8	36780	0.930	2.060	56.061	35	0	0	0.083	0.075	133	1919	1	1919	1919	3	10	0	0	0	180	2415	2509	T?/M?	live	0	0	0	650	479.429	650.000	900.857	1369	0	13	3	12	1917	180	0	0		0	0	0	0	0	0.238	0.320	0.382	0	0.5636	0.7143	r1
3.8.5	kc.serpent.WaveSerpent 2.11	rumble-15	15	2	true	35	1996.000	2350.000	20	1000.000	750.000	703.000	1315.000	7	37003	0.915	2.066	39.904	34	0	0	0.080	0.084	141	1931	2	1932	1931	4	12	0	0	0	188	2055	2484	T?/M?	live	0	0	0	650	478.971	650.000	912.824	1637	1	11	2	10	1881	188	0	0		0	0	0	1	1	0.238	0.324	0.432	0	0.4593	0.5714	r1
3.8.5	kc.serpent.WaveSerpent 2.11	rumble-15	15	3	true	35	2910.000	1176.000	31	1550.000	200.000	885.000	905.000	9	37758	0.892	2.063	50.048	35	0	0	0.092	0.067	147	1971	2	1971	1971	2	18	0	0	0	211	2049	2623	T?/M?	live	0	0	0	650	472.020	650.000	928.800	2623	0	14	2	11	1971	211	0	0		0	0	0	0	0	0.262	0.342	0.432	0	0.7122	0.8857	r1
3.8.5	dsekercioglu.mega.WhiteFang 2.8.1	rumble-17	17	1	true	35	2760.000	1578.000	27	1350.000	400.000	973.000	1018.000	11	45977	0.638	1.171	24.146	35	0	0	0.099	0.072	229	2908	0	2908	2908	5	28	0	0	0	309	3152	3328	T?/M?	live	0	0	0	650	467.474	650.000	1163.629	2744	44	38	2	10	2908	309	0	0		0	0	0	0	0	0.230	0.344	0.402	0	0.6362	0.7714	r1
3.8.5	dsekercioglu.mega.WhiteFang 2.8.1	rumble-17	17	2	true	35	2784.000	1531.000	29	1400.000	300.000	940.000	1119.000	11	47875	0.648	1.191	23.250	35	0	0	0.104	0.080	264	3007	2	3007	3007	3	32	0	0	0	308	2925	3455	T?/M?	live	0	0	0	650	467.860	650.000	1217.857	2029	114	20	2	13	2995	308	0	0		0	0	0	0	0	0.230	0.349	0.415	0	0.6452	0.8235	r1
3.8.5	dsekercioglu.mega.WhiteFang 2.8.1	rumble-17	17	3	true	35	3147.000	1075.000	32	1600.000	150.000	1035.000	863.000	41	47425	0.629	1.142	25.580	35	0	0	0.111	0.072	278	3021	1	3021	3021	8	25	0	0	0	284	3325	3457	T?/M?	live	0	0	0	650	463.257	400.000	1205.000	3434	93	101	2	77	3020	283	0	0		0	0	0	0	0	0.230	0.351	0.415	0	0.7454	0.9143	r1
3.8.5	cs.Nene 1.0.5	rumble-18	18	1	true	35	2845.000	1578.000	29	1450.000	300.000	934.000	1161.000	11	31246	0.655	1.237	20.571	35	0	0	0.098	0.078	99	1821	16	1821	1821	4	19	0	0	0	174	1958	2007	T?/M?	live	0	0	0	650	473.286	650.000	742.743	1341	226	27	2	8	1821	173	0	0		0	0	0	0	0	0.290	0.326	0.385	0	0.6432	0.8286	r1
3.8.5	cs.Nene 1.0.5	rumble-18	18	2	true	35	2167.000	2244.000	22	1100.000	650.000	742.000	1333.000	7	32332	0.676	1.234	33.100	35	0	0	0.096	0.083	116	1910	11	1910	1910	5	20	0	0	0	187	1872	2088	T?/M?	live	0	0	0	650	470.680	650.000	773.771	932	231	22	2	11	1905	186	0	0		0	0	0	0	0	0.262	0.324	0.385	0	0.4913	0.6286	r1
3.8.5	cs.Nene 1.0.5	rumble-18	18	3	true	35	2430.000	2000.000	24	1200.000	550.000	852.000	1231.000	9	32015	0.658	1.243	19.962	35	0	0	0.098	0.079	112	1873	19	1872	1872	9	11	0	0	0	201	2036	2068	T?/M?	live	0	0	0	650	473.460	650.000	764.714	1075	255	18	2	9	1867	200	0	0		0	0	0	0	0	0.245	0.323	0.397	0	0.5485	0.6857	r1
3.8.5	jk.melee.Neuromancer 7.12	rumble-19	19	1	true	35	1906.000	2649.000	15	750.000	1000.000	941.000	1280.000	32	55036	0.714	1.726	24.316	35	0	0	0.089	0.106	273	3826	1	3907	3826	29	27	0	0	0	398	3808	4105	T?/M?	live	0	0	0	650	520.329	650.000	1422.457	2369	6	20	2	12	3878	396	0	0		0	0	0	0	0	0.245	0.335	0.401	1	0.4184	0.4286	r1
3.8.5	jk.melee.Neuromancer 7.12	rumble-19	19	2	true	35	2317.000	2458.000	19	950.000	800.000	1084.000	1357.000	51	81174	0.744	1.796	26.214	35	0	0	0.096	0.106	509	6159	0	6353	6132	43	67	0	0	0	675	6297	6509	T?/M?	live	0	0	0	650	531.917	650.000	2169.257	1776	5	0	3	13	6328	673	0	0		298	0	0	0	0	0.264	0.350	0.431	1	0.4852	0.5429	r1
3.8.5	jk.melee.Neuromancer 7.12	rumble-19	19	3	true	35	2624.000	1927.000	22	1100.000	650.000	1175.000	1060.000	37	70348	0.777	1.803	25.269	35	0	0	0.105	0.092	443	5107	4	5185	5107	40	34	0	0	0	560	5303	5495	T?/M?	live	0	0	0	650	524.537	650.000	1859.943	1483	5	55	3	292	5172	559	0	0		0	0	0	0	0	0.264	0.352	0.431	1	0.5766	0.6286	r1
3.8.5	voidious.Dookious 1.573c	rumble-20	20	1	true	35	2756.000	1359.000	29	1450.000	300.000	863.000	952.000	12	34296	0.657	1.166	15.667	35	0	0	0.092	0.060	114	1861	2	1861	1861	4	12	0	0	0	185	2005	2262	T?/M?	live	0	0	0	650	487.271	650.000	829.886	1194	575	32	2	14	1840	185	0	0		0	0	0	0	0	0.292	0.347	0.401	1	0.6697	0.8286	r1
3.8.5	voidious.Dookious 1.573c	rumble-20	20	2	true	35	2153.000	2162.000	21	1050.000	700.000	781.000	1198.000	8	32012	0.639	1.157	16.366	34	0	0	0.082	0.077	85	1708	2	1708	1708	8	8	0	0	0	163	1763	2002	T?/M?	live	0	0	0	650	493.794	650.000	765.765	776	399	53	2	20	1661	163	0	0		0	0	0	1	1	0.292	0.343	0.401	1	0.4990	0.6000	r1
3.8.5	voidious.Dookious 1.573c	rumble-20	20	3	true	35	3057.000	1148.000	33	1650.000	100.000	907.000	1003.000	10	35373	0.660	1.160	15.419	35	0	0	0.100	0.067	129	1924	2	1924	1924	2	10	0	0	0	182	2320	2376	T?/M?	live	0	0	0	650	484.320	650.000	860.657	1361	752	15	2	22	1918	182	0	0		0	0	0	0	0	0.264	0.322	0.374	0	0.7270	0.9429	r1
3.8.5	davidalves.Phoenix 1.02	rumble-21	21	1	true	35	2300.000	2090.000	22	1100.000	650.000	864.000	1181.000	11	33151	0.593	1.138	13.894	35	0	0	0.102	0.077	128	1761	1	1761	1761	5	17	0	0	0	158	803	2193	T?/M?	live	0	0	0	650	463.860	650.000	797.171	1703	0	17	2	18	1761	158	0	0		0	0	0	0	0	0.264	0.358	0.431	0	0.5239	0.6286	r1
3.8.5	davidalves.Phoenix 1.02	rumble-21	21	2	true	35	2291.000	2146.000	23	1150.000	600.000	794.000	1306.000	13	34671	0.608	1.085	13.773	35	0	0	0.091	0.082	126	1843	1	1844	1843	5	8	0	0	0	188	1951	2329	T?/M?	live	0	0	0	650	464.154	650.000	840.600	1134	26	4	2	7	1838	188	0	0		0	0	0	0	0	0.316	0.380	0.431	0	0.5163	0.6571	r1
3.8.5	davidalves.Phoenix 1.02	rumble-21	21	3	true	35	2796.000	1731.000	29	1450.000	300.000	894.000	1318.000	4	35399	0.638	1.113	16.928	34	0	0	0.107	0.083	158	1944	0	1944	1944	2	21	0	0	0	191	1932	2368	T?/M?	live	0	0	0	650	461.847	650.000	865.000	1477	33	41	1	119	1892	191	0	0		0	0	0	1	1	0.296	0.378	0.431	0	0.6176	0.8286	r1
3.8.5	rsalesc.roborio.Roborio 1.2.4	rumble-22	22	1	true	35	2798.000	1931.000	18	900.000	850.000	1531.000	826.000	28	100823	0.845	1.494	22.345	35	0	0	0.119	0.090	753	7278	3	7282	7278	19	45	0	0	0	773	8121	8129	T?/M?	live	0	0	0	650	497.734	650.000	2730.657	1546	5	210	2	46	7195	772	0	0		0	0	0	0	0	0.060	0.261	0.431	0	0.5917	0.5143	r1
3.8.5	rsalesc.roborio.Roborio 1.2.4	rumble-22	22	2	true	35	2891.000	1924.000	19	900.000	800.000	1606.000	855.000	19	86515	0.852	1.470	19.218	35	0	0	0.128	0.088	618	6010	0	6011	6010	13	58	0	0	0	595	6723	6730	T?/M?	live	0	0	0	650	503.483	650.000	2321.857	414	1	132	2	41	5884	595	0	0		0	0	0	0	0	0.060	0.256	0.430	0	0.6004	0.5294	r1
3.8.5	rsalesc.roborio.Roborio 1.2.4	rumble-22	22	3	true	35	2625.000	1937.000	19	950.000	800.000	1308.000	880.000	16	88007	0.851	1.508	19.788	34	0	0	0.112	0.088	573	6276	3	6281	6276	14	39	0	0	0	643	6847	6854	T?/M?	live	0	0	0	650	509.894	650.000	2390.088	1275	19	171	2	3393	6089	643	0	0		0	0	0	1	1	0.060	0.255	0.430	0	0.5754	0.5429	r1
3.8.5	kc.mega.BeepBoop 2.0	rumble-1	1	1	true	35	1070.000	2838.000	7	350.000	1400.000	608.000	991.000	14	50643	0.924	1.844	36.745	34	0	0	0.047	0.087	142	3631	66	3722	3628	13	23	0	0	0	377	3485	3627	T?/M?	live	0	0	0	650	541.574	650.000	1318.235	338	0	0	3	20	3659	376	0	0		0	0	0	1	0	0.260	0.340	0.408	0	0.2738	0.2000	r2
3.8.5	kc.mega.BeepBoop 2.0	rumble-1	1	2	true	35	624.000	3194.000	1	50.000	1700.000	559.000	966.000	24	60686	0.971	1.932	37.649	34	0	0	0.045	0.091	180	4600	69	4858	4598	28	30	0	0	0	516	4447	4515	T?/M?	live	0	0	0	650	536.638	650.000	1613.265	0	0	0	2	24	4788	516	0	0		0	0	0	1	1	0.249	0.338	0.408	0	0.1634	0.0286	r2
3.8.5	kc.mega.BeepBoop 2.0	rumble-1	1	3	true	35	976.000	3050.000	3	150.000	1600.000	780.000	955.000	19	73218	0.958	1.945	38.613	35	0	0	0.050	0.087	259	5632	54	5739	5629	16	38	0	0	0	609	5584	5631	T?/M?	live	0	0	0	650	531.429	650.000	1941.943	76	0	0	3	5690	5707	609	0	0		0	0	0	0	0	0.249	0.334	0.408	0	0.2424	0.0857	r2
3.8.5	jk.mega.DrussGT 3.1.16	rumble-3	3	1	true	35	1726.000	2407.000	14	700.000	1050.000	806.000	1023.000	34	99758	0.769	1.454	358.067	35	0	0	0.069	0.099	471	8116	2	8116	8116	30	60	0	0	0	1020	8094	8109	T?/M?	live	0	0	0	650	514.426	650.000	2700.229	918	38	0	2	33	8051	1018	0	0		0	0	0	0	0	0.215	0.308	0.408	0	0.4176	0.4000	r2
3.8.5	jk.mega.DrussGT 3.1.16	rumble-3	3	2	true	35	2099.000	2242.000	18	900.000	850.000	907.000	1112.000	47	116305	0.752	1.457	276.830	35	0	0	0.071	0.106	604	9581	3	9583	9581	36	66	0	0	0	1139	9618	9625	T?/M?	live	0	0	0	650	515.420	650.000	3173.000	146	85	3	3	38	9542	1139	0	0		0	0	0	0	0	0.212	0.310	0.408	0	0.4835	0.5143	r2
3.8.5	jk.mega.DrussGT 3.1.16	rumble-3	3	3	true	35	2101.000	2272.000	17	850.000	900.000	971.000	1073.000	29	113198	0.816	1.547	35.027	34	0	0	0.077	0.098	592	9343	2	9343	9343	26	68	0	0	0	1161	9283	9289	T?/M?	live	0	0	0	650	515.944	650.000	3156.059	2771	146	3	2	37	9224	1159	0	0		0	0	0	1	1	0.212	0.314	0.408	0	0.4804	0.4857	r2
3.8.5	oog.mega.saguaro.Saguaro 1.0	rumble-4	4	1	true	35	3502.000	1315.000	30	1500.000	250.000	1438.000	949.000	11	22768	0.875	1.783	9.143	35	0	0	0.192	0.060	66	1094	3	1093	1093	3	16	0	0	0	98	1252	1255	T?/M?	live	0	0	0	650	422.254	400.000	500.514	366	17	123	2	8	1093	97	0	0		0	0	0	0	0	0.280	0.319	0.367	0	0.7270	0.8571	r2
3.8.5	oog.mega.saguaro.Saguaro 1.0	rumble-4	4	2	true	35	3724.000	1334.000	29	1450.000	300.000	1680.000	905.000	12	24063	0.975	2.061	10.153	35	0	0	0.201	0.071	73	1222	0	1224	1220	8	18	0	0	0	98	1336	1340	T?/M?	live	0	0	0	650	430.280	400.000	537.514	448	110	249	2	9	1224	97	0	0		0	0	0	0	0	0.271	0.317	0.367	0	0.7363	0.8286	r2
3.8.5	oog.mega.saguaro.Saguaro 1.0	rumble-4	4	3	true	35	3115.000	1898.000	25	1250.000	500.000	1382.000	1162.000	6	24184	1.023	1.949	9.380	35	0	0	0.187	0.076	89	1208	2	1208	1206	3	22	0	0	0	97	1340	1343	T?/M?	live	0	0	0	650	442.686	400.000	540.971	495	57	74	2	6	1178	97	0	0		0	0	0	0	0	0.280	0.319	0.367	0	0.6214	0.7143	r2
3.8.5	aaa.r.ScalarR 0.005h.053-noshield	rumble-5	5	1	true	35	1653.000	2742.000	12	600.000	1150.000	868.000	1194.000	35	101152	1.030	1.824	53.370	35	0	0	0.071	0.099	497	8063	1	8340	8063	44	95	0	0	0	981	8104	8279	T?/M?	live	0	0	0	650	485.229	650.000	2740.057	265	1	0	3	44	8327	980	0	0		0	0	0	0	0	0.212	0.320	0.465	0	0.3761	0.3429	r2
3.8.5	aaa.r.ScalarR 0.005h.053-noshield	rumble-5	5	2	true	35	1367.000	2947.000	9	450.000	1300.000	775.000	1205.000	35	87808	0.937	1.620	44.745	35	0	0	0.060	0.102	354	6847	2	7083	6847	26	56	0	0	0	752	6234	6975	T?/M?	live	0	0	0	650	486.229	650.000	2358.800	118	2	0	3	12	7073	752	0	0		0	0	0	0	0	0.212	0.309	0.408	0	0.3169	0.2571	r2
3.8.5	aaa.r.ScalarR 0.005h.053-noshield	rumble-5	5	3	true	35	1489.000	2878.000	11	550.000	1200.000	773.000	1245.000	27	87682	0.978	1.721	45.797	35	0	0	0.072	0.110	438	6842	4	6976	6842	24	83	0	0	0	809	6992	7010	T?/M?	live	0	0	0	650	482.457	650.000	2355.200	167	2	0	3	26	6968	809	0	0		0	0	0	0	0	0.212	0.310	0.408	0	0.3410	0.3143	r2
3.8.5	voidious.Diamond 1.8.22	rumble-6	6	1	true	35	2028.000	2300.000	19	950.000	800.000	802.000	1205.000	35	97155	0.981	1.695	42.514	35	0	0	0.067	0.131	459	7758	169	7980	7742	249	59	0	0	0	845	7833	7913	T?/M?	live	0	0	0	650	539.283	650.000	2625.857	2058	27	13	3	40	7946	844	0	0		0	0	0	0	0	0.225	0.312	0.465	0	0.4686	0.5429	r2
3.8.5	voidious.Diamond 1.8.22	rumble-6	6	2	true	35	2208.000	2037.000	22	1100.000	650.000	807.000	1159.000	26	101927	1.014	1.717	42.846	34	0	0	0.068	0.086	493	8237	129	8613	8226	21	50	0	0	0	880	8005	8254	T?/M?	live	0	0	0	650	536.294	650.000	2789.412	2267	47	19	2	44	8438	879	0	0		0	0	0	1	1	0.225	0.307	0.465	0	0.5201	0.6286	r2
3.8.5	voidious.Diamond 1.8.22	rumble-6	6	3	true	35	2134.000	2158.000	20	1000.000	750.000	848.000	1152.000	36	100233	0.986	1.674	147.531	35	0	0	0.068	0.088	479	8107	148	8356	8098	29	49	0	0	0	904	8214	8231	T?/M?	live	0	0	0	650	535.711	650.000	2713.800	2146	56	21	3	35	8318	904	0	0		0	0	0	0	0	0.225	0.309	0.465	0	0.4972	0.5714	r2
3.8.5	cb.fire.Firestarter 2.0f	rumble-7	7	1	true	35	1958.000	2356.000	15	750.000	1000.000	968.000	1027.000	32	113295	1.024	1.774	27.740	35	0	0	0.080	0.090	731	8205	221	9124	8205	23	76	0	0	0	878	9268	9336	T?/M?	live	0	0	0	650	556.117	650.000	3087.000	534	53	23	2	22	9065	876	0	0		0	0	0	0	0	0.245	0.327	0.438	0	0.4539	0.4286	r2
3.8.5	cb.fire.Firestarter 2.0f	rumble-7	7	2	true	35	2305.000	1978.000	19	950.000	800.000	1037.000	918.000	33	122050	1.022	1.732	45.852	35	0	0	0.081	0.087	822	8871	171	10080	8869	33	66	0	0	0	935	9884	10221	T?/M?	live	0	0	0	650	539.160	650.000	3337.143	1633	44	8	2	25	10068	930	0	0		0	0	0	0	0	0.245	0.322	0.398	0	0.5382	0.5429	r2
3.8.5	cb.fire.Firestarter 2.0f	rumble-7	7	3	true	35	2230.000	1889.000	19	900.000	800.000	1038.000	839.000	33	109214	1.057	1.799	25.613	35	0	0	0.083	0.086	692	7810	176	8888	7806	51	57	0	0	0	805	8893	8971	T?/M?	live	0	0	0	650	553.297	650.000	2970.400	920	31	17	2	40	8870	800	0	0		0	0	0	0	0	0.245	0.326	0.432	0	0.5414	0.5294	r2
3.8.5	dsekercioglu.mega.Raven 3.56j8	rumble-8	8	1	true	35	2310.000	1965.000	24	1200.000	550.000	749.000	1206.000	39	45088	0.675	1.220	22.723	35	0	0	0.096	0.092	239	3027	16	3027	3027	10	35	0	0	0	319	2789	3231	T?/M?	live	0	0	0	650	450.466	650.000	1138.229	3362	220	50	2	13	3006	318	0	0		0	0	0	0	0	0.258	0.346	0.438	0	0.5404	0.6857	r2
3.8.5	dsekercioglu.mega.Raven 3.56j8	rumble-8	8	2	true	35	2324.000	2160.000	22	1100.000	650.000	869.000	1265.000	14	41889	0.642	1.163	20.844	34	0	0	0.099	0.090	193	2733	18	2732	2732	14	35	0	0	0	279	2723	2851	T?/M?	live	0	0	0	650	451.259	650.000	1050.824	1206	344	51	3	16	2655	278	0	0		0	0	0	1	1	0.258	0.349	0.438	0	0.5183	0.6286	r2
3.8.5	dsekercioglu.mega.Raven 3.56j8	rumble-8	8	3	true	35	2255.000	2154.000	22	1100.000	650.000	803.000	1245.000	15	41354	0.665	1.180	21.209	35	0	0	0.099	0.103	222	2705	19	2682	2682	8	33	0	0	0	288	2768	2928	T?/M?	live	0	0	0	650	447.083	650.000	1031.543	3345	274	102	3	6	2673	288	0	0		298	0	0	0	0	0.258	0.347	0.438	0	0.5115	0.6286	r2
3.8.5	xander.cat.XanderCat 12.9	rumble-9	9	1	true	35	2501.000	2056.000	23	1150.000	600.000	1033.000	1238.000	23	50957	0.577	1.241	14.117	35	0	0	0.116	0.082	315	2886	2	3050	2886	13	31	0	0	0	291	3442	3706	T?/M?	live	0	0	0	650	454.800	650.000	1305.914	349	12	61	3	17	3016	291	0	0	"Preventing xander.cat.XanderCat 12.9 from access: (""java.io.FilePermission"" ""D:\code\H117-int\hadur-bench\target\classes\META-INF\services\java.time.zone.ZoneRulesProvider"" ""read""). You may only read files in your own root package directory."	0	0	1	0	0	0.258	0.344	0.438	0	0.5488	0.6571	r2
3.8.5	xander.cat.XanderCat 12.9	rumble-9	9	2	true	35	3698.000	1455.000	28	1400.000	350.000	1725.000	977.000	16	34711	0.519	1.157	12.392	35	0	0	0.157	0.092	200	1857	2	1866	1857	7	31	0	0	0	198	2045	2248	T?/M?	live	0	0	0	650	462.083	650.000	841.743	336	13	311	3	11	1862	198	0	0	"Preventing xander.cat.XanderCat 12.9 from access: (""java.io.FilePermission"" ""D:\code\H117-int\hadur-bench\target\classes\META-INF\services\java.time.zone.ZoneRulesProvider"" ""read""). You may only read files in your own root package directory."	0	0	1	0	0	0.252	0.332	0.396	0	0.7176	0.8000	r2
3.8.5	xander.cat.XanderCat 12.9	rumble-9	9	3	true	35	2605.000	1971.000	23	1150.000	600.000	1098.000	1144.000	29	51518	0.542	1.256	28.182	35	0	0	0.115	0.079	307	3037	1	3128	3036	23	49	0	0	0	337	3590	3782	T?/M?	live	0	0	0	650	450.454	650.000	1321.943	362	7	77	3	21	3121	337	0	0	"Preventing xander.cat.XanderCat 12.9 from access: (""java.io.FilePermission"" ""D:\code\H117-int\hadur-bench\target\classes\META-INF\services\java.time.zone.ZoneRulesProvider"" ""read""). You may only read files in your own root package directory."	0	0	1	0	0	0.252	0.328	0.398	0	0.5693	0.6571	r2
3.8.5	lxx.Tomcat 3.68	rumble-10	10	1	true	35	2227.000	2256.000	20	1000.000	750.000	906.000	1224.000	25	75351	0.776	2.042	54.803	35	0	0	0.087	0.102	425	5788	148	5804	5787	18	50	0	0	0	729	5872	5941	T?/M?	live	0	0	0	650	505.737	650.000	2002.886	4366	1	11	2	35	5792	729	0	0		0	0	0	0	0	0.245	0.312	0.391	0	0.4968	0.5714	r2
3.8.5	lxx.Tomcat 3.68	rumble-10	10	2	true	35	2383.000	2200.000	22	1100.000	650.000	927.000	1309.000	34	72822	0.751	2.028	59.837	35	0	0	0.099	0.101	469	5643	110	5708	5625	28	43	0	0	0	682	5317	5735	T?/M?	live	0	0	0	650	509.846	650.000	1930.629	3151	2	51	3	43	5701	681	0	0		0	0	0	0	0	0.229	0.312	0.412	0	0.5200	0.6286	r2
3.8.5	lxx.Tomcat 3.68	rumble-10	10	3	true	35	2444.000	2041.000	24	1200.000	550.000	875.000	1275.000	27	75585	0.786	2.081	54.946	35	0	0	0.085	0.102	438	5831	107	5884	5830	34	47	0	0	0	651	5900	6003	T?/M?	live	0	0	0	650	513.046	650.000	2009.571	3517	2	32	2	40	5883	650	0	0		0	0	0	0	0	0.229	0.312	0.391	0	0.5449	0.6857	r2
3.8.5	rsalesc.mega.Knight 0.6.28	rumble-11	11	1	true	35	2903.000	1742.000	24	1200.000	550.000	1272.000	1004.000	32	118544	1.081	2.081	27.619	34	0	0	0.105	0.099	835	9768	66	9768	9768	31	77	0	0	0	1201	9537	9682	T?/M?	live	0	0	0	650	511.147	650.000	3267.853	1826	0	82	3	41	9565	1201	0	0		0	0	0	1	1	0.186	0.330	0.432	0	0.6250	0.6857	r2
3.8.5	rsalesc.mega.Knight 0.6.28	rumble-11	11	2	true	35	2111.000	2274.000	17	800.000	900.000	1035.000	1076.000	35	105073	1.094	2.121	25.619	35	0	0	0.088	0.102	701	8523	102	8526	8522	26	71	0	0	0	1025	8529	8580	T?/M?	live	0	0	0	650	509.320	650.000	2852.086	1451	16	100	2	35	8477	1023	0	0		0	0	0	0	0	0.186	0.327	0.432	0	0.4814	0.4706	r2
3.8.5	rsalesc.mega.Knight 0.6.28	rumble-11	11	3	true	35	2138.000	2288.000	17	800.000	900.000	1059.000	1084.000	17	108767	1.054	2.115	29.082	34	0	0	0.085	0.106	653	8876	137	8877	8876	17	78	0	0	0	1054	8780	8797	T?/M?	live	0	0	0	650	514.400	650.000	2998.912	1250	39	65	3	46442	8714	1053	0	0		0	0	0	1	1	0.186	0.327	0.432	0	0.4831	0.4706	r2
3.8.5	aw.Gilgalad 1.99.5c	rumble-12	12	1	true	35	2032.000	2373.000	19	950.000	800.000	793.000	1268.000	31	64675	0.709	1.429	19.691	35	0	0	0.076	0.098	320	4839	1	4864	4839	27	42	0	0	0	547	4728	4968	T?/M?	live	0	0	0	650	498.869	650.000	1697.857	3035	17	4	3	28	4832	546	0	0		0	0	0	0	0	0.245	0.304	0.371	0	0.4613	0.5429	r2
3.8.5	aw.Gilgalad 1.99.5c	rumble-12	12	2	true	35	2019.000	2451.000	19	950.000	800.000	783.000	1342.000	27	68260	0.730	1.459	21.512	34	0	0	0.080	0.098	351	5182	2	5240	5182	27	52	0	0	0	536	4943	5093	T?/M?	live	0	0	0	650	503.868	650.000	1763.000	3353	1	29	3	24	4964	536	0	0		0	0	0	1	1	0.229	0.317	0.412	0	0.4517	0.5429	r2
3.8.5	aw.Gilgalad 1.99.5c	rumble-12	12	3	true	35	1938.000	2762.000	16	800.000	950.000	874.000	1429.000	27	56247	0.736	1.498	18.451	34	0	0	0.100	0.115	348	4121	2	4143	4121	25	45	0	0	0	423	4139	4215	T?/M?	live	0	0	0	650	462.559	650.000	1475.676	2776	0	111	2	23	4072	423	0	0		0	0	0	1	1	0.229	0.304	0.357	0	0.4123	0.4571	r2
3.8.5	pc.Wavelet 1.5	rumble-13	13	1	true	35	2715.000	1778.000	23	1150.000	600.000	1192.000	963.000	15	51885	0.992	1.799	25.065	35	0	0	0.103	0.077	253	2983	1	3041	2983	10	31	0	0	0	295	3690	3806	T?/M?	live	0	0	0	650	443.589	650.000	1332.429	758	4	27	2	17	3041	295	0	0		0	0	0	0	0	0.230	0.349	0.432	0	0.6043	0.6571	r2
3.8.5	pc.Wavelet 1.5	rumble-13	13	2	true	35	2955.000	1623.000	25	1250.000	500.000	1262.000	951.000	15	47025	0.974	1.812	25.626	35	0	0	0.108	0.077	218	2691	1	2738	2691	6	31	0	0	0	270	2792	3331	T?/M?	live	0	0	0	650	442.631	650.000	1193.571	554	3	35	2	9	2736	269	0	0		0	0	0	0	0	0.230	0.344	0.411	0	0.6455	0.7143	r2
3.8.5	pc.Wavelet 1.5	rumble-13	13	3	true	35	2191.000	2207.000	19	950.000	800.000	938.000	1106.000	15	46222	0.961	1.756	24.225	35	0	0	0.102	0.085	252	2668	3	2673	2668	5	29	0	0	0	312	3176	3274	T?/M?	live	0	0	0	650	441.760	650.000	1170.629	758	2	14	2	1935	2673	312	0	0		0	0	0	0	0	0.267	0.345	0.411	0	0.4982	0.5429	r2
3.8.5	gh.GresSuffurd 0.4.13	rumble-14	14	1	true	35	2965.000	1538.000	28	1400.000	350.000	1088.000	1051.000	14	39186	0.519	0.988	19.892	35	0	0	0.113	0.079	180	2516	1	2516	2516	5	25	0	0	0	264	1979	2658	T?/M?	live	0	0	0	650	470.643	650.000	969.600	483	89	68	3	9	2508	263	0	0		0	0	0	0	0	0.262	0.321	0.382	0	0.6584	0.8000	r2
3.8.5	gh.GresSuffurd 0.4.13	rumble-14	14	2	true	35	2680.000	1751.000	25	1250.000	500.000	1023.000	1065.000	16	40234	0.513	1.049	19.517	35	0	0	0.105	0.092	189	2610	1	2610	2610	10	25	0	0	0	305	2433	2760	T?/M?	live	0	0	0	650	456.174	650.000	999.543	1958	1	92	2	11	2610	305	0	0		0	0	0	0	0	0.262	0.318	0.382	0	0.6048	0.7143	r2
3.8.5	gh.GresSuffurd 0.4.13	rumble-14	14	3	true	35	2400.000	2330.000	20	1000.000	750.000	1048.000	1277.000	13	36696	0.539	1.052	18.495	35	0	0	0.109	0.096	156	2292	2	2292	2291	6	22	0	0	0	224	2315	2436	T?/M?	live	0	0	0	650	461.817	650.000	898.457	381	11	69	2	861	2276	224	0	0		0	0	0	0	0	0.262	0.320	0.382	0	0.5074	0.5714	r2
3.8.5	kc.serpent.WaveSerpent 2.11	rumble-15	15	1	true	35	2001.000	2172.000	20	1000.000	750.000	697.000	1141.000	15	35477	0.943	2.081	53.826	35	0	0	0.077	0.077	126	1767	1	1767	1767	4	14	0	0	0	174	2204	2402	T?/M?	live	0	0	0	650	482.609	650.000	863.629	1626	0	15	2	10	1767	174	0	0		0	0	0	0	0	0.267	0.352	0.432	0	0.4795	0.5714	r2
3.8.5	kc.serpent.WaveSerpent 2.11	rumble-15	15	2	true	35	2257.000	1981.000	24	1200.000	550.000	714.000	1230.000	12	38570	0.959	2.115	51.022	35	0	0	0.075	0.079	131	1964	3	1965	1964	4	17	0	0	0	185	2371	2657	T?/M?	live	0	0	0	650	480.051	650.000	952.000	1242	1	19	2	10	1960	185	0	0		0	0	0	0	0	0.267	0.351	0.411	0	0.5326	0.6857	r2
3.8.5	kc.serpent.WaveSerpent 2.11	rumble-15	15	3	true	35	2488.000	1962.000	25	1250.000	500.000	859.000	1274.000	55	37755	0.975	2.144	55.933	34	0	0	0.092	0.085	143	1953	1	1948	1948	71	16	0	0	0	172	1741	2598	T?/M?	live	0	0	0	650	483.691	650.000	954.765	1441	0	12	1	0	1941	171	0	0	Unable to stop thread: hadur2.Hadur 3.8.5	0	1	0	1	0	0.230	0.338	0.402	0	0.5591	0.7143	r2
3.8.5	dsekercioglu.mega.WhiteFang 2.8.1	rumble-17	17	1	true	35	3038.000	1408.000	29	1450.000	300.000	1101.000	995.000	13	42553	0.598	1.124	67.722	35	0	0	0.110	0.078	213	2644	3	2644	2644	5	24	0	0	0	273	2943	2979	T?/M?	live	0	0	0	650	462.571	650.000	1065.800	1520	69	55	3	11	2634	273	0	0		0	0	0	0	0	0.276	0.345	0.448	0	0.6833	0.8286	r2
3.8.5	dsekercioglu.mega.WhiteFang 2.8.1	rumble-17	17	2	true	35	3095.000	1364.000	29	1450.000	300.000	1147.000	950.000	13	43056	0.644	1.166	24.138	35	0	0	0.113	0.077	208	2630	2	2630	2630	6	22	0	0	0	282	2953	3016	T?/M?	live	0	0	0	650	470.680	650.000	1080.171	1480	2	34	3	10	2616	281	0	0		0	0	0	0	0	0.276	0.337	0.448	0	0.6941	0.8286	r2
3.8.5	dsekercioglu.mega.WhiteFang 2.8.1	rumble-17	17	3	true	35	2901.000	1467.000	29	1400.000	300.000	1034.000	1052.000	11	45319	0.591	1.126	23.237	35	0	0	0.109	0.082	241	2814	1	2814	2814	4	23	0	0	0	307	2984	3218	T?/M?	live	0	0	0	650	458.991	650.000	1144.829	3270	53	58	2	904	2808	307	0	0		0	0	0	0	0	0.276	0.333	0.448	0	0.6641	0.8235	r2
3.8.5	cs.Nene 1.0.5	rumble-18	18	1	true	35	2499.000	1695.000	28	1400.000	350.000	697.000	1208.000	11	33966	0.677	1.271	19.962	35	0	0	0.088	0.077	133	2018	18	2018	2018	5	15	0	0	0	215	2214	2269	T?/M?	live	0	0	0	650	466.123	650.000	820.457	1171	439	19	2	12	2018	214	0	0		0	0	0	0	0	0.245	0.333	0.401	0	0.5959	0.8000	r2
3.8.5	cs.Nene 1.0.5	rumble-18	18	2	true	35	2477.000	1906.000	27	1350.000	400.000	733.000	1340.000	14	33235	0.701	1.261	20.651	35	0	0	0.098	0.084	142	1951	21	1951	1951	5	15	0	0	0	207	2159	2244	T?/M?	live	0	0	0	650	472.040	650.000	799.571	1556	509	6	3	8	1949	207	0	0		0	0	0	0	0	0.245	0.346	0.401	1	0.5651	0.7714	r2
3.8.5	cs.Nene 1.0.5	rumble-18	18	3	true	35	2892.000	1603.000	29	1450.000	300.000	978.000	1190.000	5	31635	0.690	1.243	19.711	35	0	0	0.104	0.075	113	1845	16	1845	1845	2	12	0	0	0	203	2010	2042	T?/M?	live	0	0	0	650	470.769	650.000	753.857	1203	266	22	2	571	1845	202	0	0		0	0	0	0	0	0.292	0.338	0.401	1	0.6434	0.8286	r2
3.8.5	jk.melee.Neuromancer 7.12	rumble-19	19	1	true	35	2337.000	2277.000	18	900.000	850.000	1129.000	1153.000	35	82180	0.713	1.728	27.751	35	0	0	0.092	0.091	506	6165	2	6248	6165	32	41	0	0	0	677	6195	6466	T?/M?	live	0	0	0	650	531.777	650.000	2198.000	1631	2	66	2	13	6209	676	0	0		0	0	0	0	0	0.137	0.300	0.431	0	0.5065	0.5143	r2
3.8.5	jk.melee.Neuromancer 7.12	rumble-19	19	2	true	35	2229.000	2431.000	18	900.000	850.000	1026.000	1290.000	36	76987	0.663	1.672	27.192	35	0	0	0.087	0.096	504	5710	1	5842	5709	33	45	0	0	0	615	5940	6129	T?/M?	live	0	0	0	650	541.043	650.000	2049.629	1066	2	1	2	7	5841	615	0	0		0	0	0	0	0	0.060	0.227	0.406	0	0.4783	0.5143	r2
3.8.5	jk.melee.Neuromancer 7.12	rumble-19	19	3	true	35	2421.000	2018.000	22	1100.000	650.000	976.000	1140.000	33	79593	0.718	1.683	27.515	35	0	0	0.095	0.104	506	5848	13	6002	5848	24	59	0	0	0	650	5938	6392	T?/M?	live	0	0	0	650	538.963	650.000	2124.086	3081	4	11	3	5219	6000	649	0	0		0	0	0	0	0	0.060	0.234	0.406	0	0.5454	0.6286	r2
3.8.5	voidious.Dookious 1.573c	rumble-20	20	1	true	35	2565.000	1546.000	27	1350.000	400.000	805.000	1004.000	14	34111	0.627	1.132	15.697	35	0	0	0.095	0.068	133	1840	4	1822	1822	3	10	0	0	0	184	1922	2247	T?/M?	live	0	0	0	650	484.057	650.000	824.600	1138	559	39	3	15	1817	180	0	0		269	0	0	0	0	0.264	0.326	0.374	0	0.6239	0.7714	r2
3.8.5	voidious.Dookious 1.573c	rumble-20	20	2	true	35	2575.000	1657.000	27	1350.000	400.000	818.000	1109.000	11	34869	0.669	1.175	15.927	35	0	0	0.096	0.070	140	1895	4	1895	1895	4	15	0	0	0	176	1512	2319	T?/M?	live	0	0	0	650	489.923	650.000	846.257	1139	529	58	2	235	1882	176	0	0		0	0	0	0	0	0.264	0.333	0.417	0	0.6085	0.7714	r2
3.8.5	voidious.Dookious 1.573c	rumble-20	20	3	true	35	2242.000	2336.000	21	1050.000	700.000	853.000	1371.000	14	33976	0.677	1.196	16.476	35	0	0	0.104	0.086	143	1831	3	1831	1830	7	21	0	0	0	165	1561	2232	T?/M?	live	0	0	0	650	473.583	650.000	820.743	388	641	69	2	1459	1831	163	0	0		0	0	0	0	0	0.294	0.375	0.431	0	0.4897	0.6000	r2
3.8.5	davidalves.Phoenix 1.02	rumble-21	21	1	true	35	2286.000	2167.000	23	1150.000	600.000	800.000	1319.000	7	34532	0.621	1.121	13.345	34	0	0	0.094	0.081	135	1887	1	1887	1887	4	21	0	0	0	157	1658	2284	T?/M?	live	0	0	0	650	466.753	650.000	848.824	1336	33	7	2	17	1859	157	0	0		0	0	0	1	1	0.296	0.354	0.417	0	0.5134	0.6571	r2
3.8.5	davidalves.Phoenix 1.02	rumble-21	21	2	true	35	2967.000	1656.000	29	1450.000	300.000	1042.000	1234.000	6	34053	0.593	1.069	15.985	35	0	0	0.108	0.082	123	1838	0	1842	1838	3	15	0	0	0	162	1542	2244	T?/M?	live	0	0	0	650	464.226	650.000	822.943	831	107	13	2	16	1838	161	0	0		0	0	0	0	0	0.213	0.300	0.406	0	0.6418	0.8286	r2
3.8.5	davidalves.Phoenix 1.02	rumble-21	21	3	true	35	2498.000	2074.000	25	1250.000	500.000	868.000	1365.000	12	36058	0.573	1.049	12.678	35	0	0	0.100	0.081	146	1942	0	1945	1942	5	19	0	0	0	204	1471	2471	T?/M?	live	0	0	0	650	467.951	650.000	880.229	1446	68	15	2	18	1938	204	0	0		0	0	0	0	0	0.213	0.292	0.406	0	0.5464	0.7143	r2
3.8.5	rsalesc.roborio.Roborio 1.2.4	rumble-22	22	1	true	35	2890.000	1784.000	22	1050.000	650.000	1416.000	917.000	18	90334	0.751	1.395	19.097	35	0	0	0.119	0.090	640	6637	0	6638	6637	13	54	0	0	0	730	7268	7276	T?/M?	live	0	0	0	650	507.554	650.000	2430.971	903	1	125	2	28	6623	729	0	0		0	0	0	0	0	0.032	0.135	0.265	0	0.6183	0.6176	r2
3.8.5	rsalesc.roborio.Roborio 1.2.4	rumble-22	22	2	true	35	2777.000	1830.000	21	1000.000	700.000	1382.000	911.000	24	105193	0.784	1.429	183.564	35	0	0	0.116	0.096	791	7737	3	7736	7734	51	49	0	0	0	812	8541	8548	T?/M?	live	0	0	0	650	508.669	650.000	2855.514	845	21	170	3	43	7675	810	0	0		0	0	0	0	0	0.032	0.141	0.278	0	0.6028	0.5882	r2
3.8.5	rsalesc.roborio.Roborio 1.2.4	rumble-22	22	3	true	35	3419.000	1356.000	26	1300.000	450.000	1584.000	769.000	12	94366	0.729	1.341	63.167	35	0	0	0.125	0.089	677	6678	2	6678	6678	6	51	0	0	0	696	7560	7566	T?/M?	live	0	0	0	650	492.677	650.000	2546.171	828	33	140	2	13184	6654	696	0	0		0	0	0	0	0	0.032	0.145	0.278	0	0.7160	0.7429	r2
3.8.5	kc.mega.BeepBoop 2.0	rumble-1	1	1	true	35	722.000	3076.000	3	150.000	1600.000	521.000	975.000	30	66246	0.897	1.849	37.198	34	0	0	0.035	0.088	191	5097	70	5276	5091	23	37	0	0	0	528	4877	4978	T?/M?	live	0	0	0	650	547.747	650.000	1774.971	0	0	0	2	22	5150	526	0	0		0	0	0	1	0	0.212	0.297	0.373	0	0.1901	0.0857	r3
3.8.5	kc.mega.BeepBoop 2.0	rumble-1	1	2	true	35	1122.000	2883.000	7	350.000	1400.000	657.000	1034.000	19	64144	0.897	1.857	37.434	35	0	0	0.047	0.091	194	4773	64	5088	4771	16	37	0	0	0	536	4812	4891	T?/M?	live	0	0	0	650	534.200	650.000	1682.686	85	71	0	3	33	5077	535	0	0		0	0	0	0	0	0.212	0.301	0.373	0	0.2801	0.2000	r3
3.8.5	kc.mega.BeepBoop 2.0	rumble-1	1	3	true	35	1104.000	2899.000	6	300.000	1450.000	696.000	994.000	15	58454	0.896	1.815	37.824	35	0	0	0.047	0.085	155	4344	63	4491	4344	12	31	0	0	0	477	4251	4391	T?/M?	live	0	0	0	650	527.734	650.000	1520.114	268	0	0	3	4146	4489	474	0	0		0	0	0	0	0	0.212	0.306	0.407	0	0.2758	0.1714	r3
3.8.5	jk.mega.DrussGT 3.1.16	rumble-3	3	1	true	35	1543.000	2686.000	11	550.000	1200.000	822.000	1092.000	35	100161	0.793	1.537	29.258	35	0	0	0.072	0.104	520	8208	0	8187	8183	33	56	0	0	0	1066	8119	8158	T?/M?	live	0	0	0	650	518.466	650.000	2711.743	192	77	0	3	36	8147	1041	0	0		298	0	0	0	0	0.212	0.312	0.465	0	0.3649	0.3143	r3
3.8.5	jk.mega.DrussGT 3.1.16	rumble-3	3	2	true	35	2099.000	2254.000	17	850.000	900.000	955.000	1062.000	32	101620	0.814	1.517	71.553	34	0	0	0.076	0.093	548	8295	2	8297	8295	30	45	0	0	0	1102	8149	8156	T?/M?	live	0	0	0	650	515.218	650.000	2786.118	1308	33	3	3	30	8101	1102	0	0		0	0	0	1	1	0.225	0.311	0.465	0	0.4822	0.4857	r3
3.8.5	jk.mega.DrussGT 3.1.16	rumble-3	3	3	true	35	2140.000	2204.000	19	900.000	800.000	943.000	1139.000	42	119352	0.796	1.536	30.809	35	0	0	0.077	0.103	633	9845	2	9847	9845	35	75	0	0	0	1262	9904	9910	T?/M?	live	0	0	0	650	514.877	650.000	3260.057	590	211	3	2	39	9802	1262	0	0		0	0	0	0	0	0.225	0.306	0.465	0	0.4926	0.5294	r3
3.8.5	oog.mega.saguaro.Saguaro 1.0	rumble-4	4	1	true	35	3529.000	1197.000	31	1550.000	200.000	1393.000	907.000	10	24473	0.894	1.935	9.614	34	0	0	0.180	0.059	68	1204	5	1204	1201	7	14	0	0	0	104	1352	1355	T?/M?	live	0	0	0	650	482.897	600.000	550.265	346	53	120	2	6	1173	103	0	0		0	0	0	1	1	0.277	0.349	0.394	0	0.7467	0.8857	r3
3.8.5	oog.mega.saguaro.Saguaro 1.0	rumble-4	4	2	true	35	3831.000	975.000	33	1650.000	100.000	1550.000	830.000	9	22574	0.814	1.793	10.127	35	0	0	0.185	0.066	75	1070	1	1070	1069	1	15	0	0	0	93	1206	1210	T?/M?	live	0	0	0	650	442.489	400.000	494.971	560	12	115	2	8	1054	92	0	0		0	0	0	0	0	0.280	0.349	0.394	0	0.7971	0.9429	r3
3.8.5	oog.mega.saguaro.Saguaro 1.0	rumble-4	4	3	true	35	3404.000	1878.000	25	1250.000	500.000	1625.000	1155.000	10	22320	0.926	1.894	10.087	35	0	0	0.206	0.082	78	1026	1	1026	1025	2	19	0	0	0	66	1189	1192	T?/M?	live	0	0	0	650	438.074	425.000	487.714	474	33	202	2	47	1025	65	0	0		0	0	0	0	0	0.277	0.352	0.394	0	0.6445	0.7143	r3
3.8.5	aaa.r.ScalarR 0.005h.053-noshield	rumble-5	5	1	true	35	1114.000	3105.000	6	300.000	1450.000	725.000	1162.000	38	90902	0.980	1.686	43.862	34	0	0	0.064	0.098	420	7165	1	7526	7142	44	64	0	0	0	869	7181	7219	T?/M?	live	0	0	0	650	483.976	650.000	2505.529	230	0	0	3	31	7479	864	0	0		298	0	0	1	1	0.225	0.300	0.386	0	0.2640	0.1714	r3
3.8.5	aaa.r.ScalarR 0.005h.053-noshield	rumble-5	5	2	true	35	1171.000	3098.000	7	350.000	1400.000	711.000	1223.000	30	77572	1.043	1.710	33.251	35	0	0	0.058	0.102	341	5969	2	6175	5969	22	55	0	0	0	710	5870	6087	T?/M?	live	0	0	0	650	485.300	650.000	2066.343	142	0	0	3	49	6165	709	0	0		0	0	0	0	0	0.225	0.308	0.465	0	0.2743	0.2000	r3
3.8.5	aaa.r.ScalarR 0.005h.053-noshield	rumble-5	5	3	true	35	1195.000	3039.000	8	400.000	1350.000	667.000	1240.000	33	77284	0.971	1.663	41.573	35	0	0	0.058	0.101	321	5896	1	6156	5872	29	53	0	0	0	708	5900	6010	T?/M?	live	0	0	0	650	478.120	650.000	2058.114	124	0	0	3	112	6140	707	0	0		298	0	0	0	0	0.225	0.306	0.465	0	0.2822	0.2286	r3
3.8.5	voidious.Diamond 1.8.22	rumble-6	6	1	true	35	1847.000	2176.000	19	900.000	800.000	710.000	1100.000	27	98409	0.994	1.701	67.269	34	0	0	0.066	0.087	453	7873	173	8134	7873	23	36	0	0	0	867	7731	7937	T?/M?	live	0	0	0	650	543.103	650.000	2721.147	2073	28	27	2	30	8061	867	0	0		0	0	0	1	1	0.252	0.331	0.438	0	0.4591	0.5294	r3
3.8.5	voidious.Diamond 1.8.22	rumble-6	6	2	true	35	2208.000	1952.000	22	1100.000	650.000	775.000	1078.000	29	97485	1.034	1.820	39.862	34	0	0	0.068	0.087	496	7825	135	8085	7825	30	41	0	0	0	820	7499	7851	T?/M?	live	0	0	0	650	538.871	650.000	2671.500	3152	23	12	2	35	7944	818	0	0		0	0	0	1	1	0.245	0.332	0.438	0	0.5308	0.6286	r3
3.8.5	voidious.Diamond 1.8.22	rumble-6	6	3	true	35	1933.000	2209.000	19	900.000	800.000	774.000	1132.000	23	94731	1.012	1.700	43.124	34	0	0	0.066	0.088	444	7543	150	7941	7532	18	39	0	0	0	854	7564	7581	T?/M?	live	0	0	0	650	539.812	650.000	2599.029	2692	79	24	3	7904	7795	852	0	0		0	0	0	1	1	0.252	0.334	0.438	0	0.4667	0.5294	r3
3.8.5	cb.fire.Firestarter 2.0f	rumble-7	7	1	true	35	1909.000	2386.000	14	700.000	1050.000	965.000	1015.000	26	111062	1.031	1.795	28.652	35	0	0	0.074	0.087	668	7979	226	9218	7979	21	74	0	0	0	861	8960	9187	T?/M?	live	0	0	0	650	543.477	650.000	3023.200	843	18	2	2	21	9191	860	0	0		0	0	0	0	0	0.186	0.317	0.412	0	0.4445	0.4000	r3
3.8.5	cb.fire.Firestarter 2.0f	rumble-7	7	2	true	35	1905.000	2135.000	16	800.000	950.000	877.000	896.000	27	105990	1.011	1.736	27.202	35	0	0	0.084	0.086	709	7614	184	8530	7582	23	52	0	0	0	844	8512	8728	T?/M?	live	0	0	0	650	544.511	650.000	2878.286	827	29	57	3	22	8506	842	0	0		0	0	0	0	0	0.186	0.318	0.412	0	0.4715	0.4571	r3
3.8.5	cb.fire.Firestarter 2.0f	rumble-7	7	3	true	35	2352.000	1802.000	19	950.000	800.000	1115.000	772.000	22	113349	1.057	1.794	27.123	35	0	0	0.090	0.077	746	8115	178	9395	8115	20	47	0	0	0	796	8869	9284	T?/M?	live	0	0	0	650	548.634	650.000	3088.543	931	8	37	2	79	9321	792	0	0		0	0	0	0	0	0.186	0.316	0.412	0	0.5662	0.5429	r3
3.8.5	dsekercioglu.mega.Raven 3.56j8	rumble-8	8	1	true	35	2171.000	2308.000	21	1050.000	700.000	796.000	1323.000	13	43931	0.695	1.201	18.947	34	0	0	0.098	0.087	201	2924	11	2923	2923	8	33	0	0	0	310	3000	3066	T?/M?	live	0	0	0	650	456.324	650.000	1114.088	1520	252	26	2	25	2843	310	0	0		0	0	0	1	1	0.252	0.326	0.396	0	0.4847	0.6000	r3
3.8.5	dsekercioglu.mega.Raven 3.56j8	rumble-8	8	2	true	35	2092.000	2287.000	20	1000.000	750.000	785.000	1251.000	17	45881	0.674	1.186	15.708	35	0	0	0.086	0.089	196	3081	15	3081	3081	10	40	0	0	0	328	3133	3294	T?/M?	live	0	0	0	650	456.943	650.000	1160.886	2591	344	13	2	20	3056	324	0	0		0	0	0	0	0	0.252	0.328	0.396	0	0.4777	0.5714	r3
3.8.5	dsekercioglu.mega.Raven 3.56j8	rumble-8	8	3	true	35	2424.000	1862.000	24	1200.000	550.000	842.000	1107.000	5	41043	0.645	1.168	17.425	34	0	0	0.090	0.079	167	2675	17	2674	2674	3	25	0	0	0	266	2204	2836	T?/M?	live	0	0	0	650	451.909	650.000	1038.765	1985	317	36	2	21	2631	266	0	0		0	0	0	1	1	0.252	0.331	0.396	0	0.5656	0.6857	r3
3.8.5	xander.cat.XanderCat 12.9	rumble-9	9	1	true	35	2511.000	2114.000	21	1050.000	700.000	1159.000	1210.000	15	66144	0.540	1.191	16.591	35	0	0	0.117	0.087	466	3764	0	4044	3764	13	44	0	0	0	388	4777	4976	T?/M?	live	0	0	0	650	454.106	650.000	1739.829	72	10	94	3	23	4037	387	0	0	"Preventing xander.cat.XanderCat 12.9 from access: (""java.io.FilePermission"" ""D:\code\H117-int\hadur-bench\target\classes\META-INF\services\java.time.zone.ZoneRulesProvider"" ""read""). You may only read files in your own root package directory."	0	0	1	0	0	0.252	0.330	0.398	0	0.5429	0.6000	r3
3.8.5	xander.cat.XanderCat 12.9	rumble-9	9	2	true	35	2372.000	2311.000	20	1000.000	750.000	1084.000	1283.000	21	47477	0.555	1.256	13.076	35	0	0	0.117	0.085	272	2635	0	2814	2635	13	22	0	0	0	287	2642	3420	T?/M?	live	0	0	0	650	448.426	400.000	1206.486	558	8	29	2	17	2809	286	0	0	"Preventing xander.cat.XanderCat 12.9 from access: (""java.io.FilePermission"" ""D:\code\H117-int\hadur-bench\target\classes\META-INF\services\java.time.zone.ZoneRulesProvider"" ""read""). You may only read files in your own root package directory."	0	0	1	0	0	0.283	0.327	0.398	0	0.5065	0.5714	r3
3.8.5	xander.cat.XanderCat 12.9	rumble-9	9	3	true	35	3029.000	1577.000	29	1450.000	300.000	1178.000	1170.000	10	46817	0.481	1.108	13.812	34	0	0	0.116	0.072	245	2123	1	2455	2122	7	25	0	0	0	179	2371	3132	T?/M?	live	0	0	0	650	453.324	650.000	1136.029	792	14	34	2	1414	2257	179	0	0	"Preventing xander.cat.XanderCat 12.9 from access: (""java.io.FilePermission"" ""D:\code\H117-int\hadur-bench\target\classes\META-INF\services\java.time.zone.ZoneRulesProvider"" ""read""). You may only read files in your own root package directory."	0	0	1	1	1	0.284	0.326	0.365	0	0.6576	0.8286	r3
3.8.5	lxx.Tomcat 3.68	rumble-10	10	1	true	35	2666.000	1973.000	25	1250.000	500.000	1008.000	1280.000	32	77505	0.770	2.076	54.957	35	0	0	0.093	0.109	498	6037	100	6038	6036	39	48	0	0	0	700	6057	6181	T?/M?	live	0	0	0	650	513.531	650.000	2064.429	3614	1	36	3	41	6037	699	0	0		0	0	0	0	0	0.186	0.321	0.412	0	0.5747	0.7143	r3
3.8.5	lxx.Tomcat 3.68	rumble-10	10	2	true	35	2075.000	2321.000	20	1000.000	750.000	778.000	1284.000	29	69832	0.732	1.995	58.469	35	0	0	0.075	0.108	379	5372	127	5425	5371	28	34	0	0	0	636	5364	5465	T?/M?	live	0	0	0	650	507.126	650.000	1845.200	2334	3	16	2	43	5423	636	0	0		0	0	0	0	0	0.186	0.322	0.389	0	0.4720	0.5714	r3
3.8.5	lxx.Tomcat 3.68	rumble-10	10	3	true	35	2286.000	2219.000	20	1000.000	750.000	980.000	1185.000	21	66955	0.723	1.969	53.394	35	0	0	0.095	0.096	400	5105	137	5114	5094	17	31	0	0	0	637	5060	5163	T?/M?	live	0	0	0	650	513.603	650.000	1763.000	2004	3	63	3	3595	5103	636	0	0		0	0	0	0	0	0.186	0.323	0.412	0	0.5074	0.5714	r3
3.8.5	rsalesc.mega.Knight 0.6.28	rumble-11	11	1	true	35	2693.000	1982.000	22	1100.000	650.000	1196.000	1106.000	39	115996	1.065	2.092	26.551	35	0	0	0.092	0.100	767	9554	64	9555	9554	32	79	0	0	0	1176	9590	9625	T?/M?	live	0	0	0	650	508.129	650.000	3164.171	2812	34	64	2	37	9544	1176	0	0		0	0	0	0	0	0.230	0.337	0.448	1	0.5760	0.6286	r3
3.8.5	rsalesc.mega.Knight 0.6.28	rumble-11	11	2	true	35	2531.000	2062.000	20	1000.000	750.000	1165.000	1068.000	32	109335	1.102	2.117	24.629	35	0	0	0.092	0.100	723	8898	55	8899	8898	22	71	0	0	0	1047	8858	9026	T?/M?	live	0	0	0	650	500.831	650.000	2973.857	3275	0	68	2	38	8873	1047	0	0		0	0	0	0	0	0.230	0.336	0.448	1	0.5511	0.5714	r3
3.8.5	rsalesc.mega.Knight 0.6.28	rumble-11	11	3	true	35	2583.000	1954.000	21	1050.000	700.000	1159.000	1029.000	36	111492	1.081	2.107	25.954	35	0	0	0.091	0.096	739	9127	102	9115	9113	29	70	0	0	0	1143	9034	9187	T?/M?	live	0	0	0	650	509.477	650.000	3035.486	2596	0	64	3	10026	9067	1142	0	0		151	0	0	0	0	0.230	0.339	0.448	1	0.5693	0.6000	r3
3.8.5	aw.Gilgalad 1.99.5c	rumble-12	12	1	true	35	2053.000	2395.000	20	1000.000	750.000	763.000	1353.000	35	71468	0.718	1.474	20.790	35	0	0	0.080	0.103	372	5470	1	5552	5470	26	36	0	0	0	618	5595	5627	T?/M?	live	0	0	0	650	499.989	650.000	1891.943	3627	2	4	3	26	5517	618	0	0		0	0	0	0	0	0.186	0.322	0.412	0	0.4616	0.5714	r3
3.8.5	aw.Gilgalad 1.99.5c	rumble-12	12	2	true	35	1831.000	2572.000	17	850.000	900.000	740.000	1331.000	27	69041	0.743	1.488	19.869	34	0	0	0.080	0.109	356	5271	3	5318	5271	22	43	0	0	0	589	5196	5346	T?/M?	live	0	0	0	650	502.726	650.000	1860.676	2713	4	5	2	23	5242	588	0	0		0	0	0	1	1	0.186	0.318	0.377	0	0.4159	0.4857	r3
3.8.5	aw.Gilgalad 1.99.5c	rumble-12	12	3	true	35	2079.000	2336.000	20	1000.000	750.000	776.000	1313.000	19	67367	0.771	1.491	19.250	34	0	0	0.084	0.108	354	5077	1	5127	5077	17	40	0	0	0	533	5021	5155	T?/M?	live	0	0	0	650	500.121	650.000	1796.912	3269	2	30	3	1954	5023	532	0	0		0	0	0	1	1	0.186	0.320	0.412	0	0.4709	0.5714	r3
3.8.5	pc.Wavelet 1.5	rumble-13	13	1	true	35	2140.000	2316.000	16	800.000	950.000	1073.000	1061.000	21	57469	1.047	1.879	52.615	35	0	0	0.111	0.090	352	3724	2	3770	3723	9	38	0	0	0	404	4281	4299	T?/M?	live	0	0	0	650	439.211	650.000	1491.971	563	2	67	3	14	3770	403	0	0		0	0	0	0	0	0.245	0.334	0.448	0	0.4803	0.4571	r3
3.8.5	pc.Wavelet 1.5	rumble-13	13	2	true	35	1998.000	2808.000	8	400.000	1350.000	1400.000	984.000	26	73129	1.020	1.905	24.998	35	0	0	0.116	0.104	492	4831	2	5020	4831	17	45	0	0	0	552	5604	5622	T?/M?	live	0	0	0	650	436.957	400.000	1939.400	0	55	222	3	16	5020	551	0	0		0	0	0	0	0	0.245	0.338	0.448	1	0.4157	0.2286	r3
3.8.5	pc.Wavelet 1.5	rumble-13	13	3	true	35	1938.000	2607.000	13	650.000	1100.000	1067.000	1112.000	10	55090	0.987	1.796	24.365	34	0	0	0.097	0.095	307	3516	2	3532	3516	7	24	0	0	0	408	3955	4017	T?/M?	live	0	0	0	650	439.079	650.000	1450.912	241	4	49	2	13	3498	408	0	0		0	0	0	1	1	0.230	0.330	0.448	0	0.4264	0.3714	r3
3.8.5	gh.GresSuffurd 0.4.13	rumble-14	14	1	true	35	2631.000	1596.000	27	1350.000	400.000	861.000	1038.000	36	43562	0.525	1.041	77.749	35	0	0	0.106	0.079	243	2855	1	2855	2855	12	25	0	0	0	321	2906	3117	T?/M?	live	0	0	0	650	453.366	650.000	1094.629	3506	26	56	3	10	2850	321	0	0		0	0	0	0	0	0.267	0.350	0.432	0	0.6224	0.7714	r3
3.8.5	gh.GresSuffurd 0.4.13	rumble-14	14	2	true	35	3114.000	1391.000	29	1450.000	300.000	1175.000	973.000	13	41110	0.518	1.038	19.025	34	0	0	0.117	0.081	188	2694	1	2695	2694	12	29	0	0	0	289	2758	2773	T?/M?	live	0	0	0	650	453.538	650.000	1020.794	1892	2	124	3	12	2603	288	0	0		0	0	0	1	1	0.267	0.351	0.432	0	0.6912	0.8286	r3
3.8.5	gh.GresSuffurd 0.4.13	rumble-14	14	3	true	35	2735.000	1634.000	27	1350.000	400.000	958.000	1078.000	19	42199	0.548	1.064	19.528	35	0	0	0.113	0.084	221	2705	4	2706	2705	12	27	0	0	0	286	2906	2920	T?/M?	live	0	0	0	650	454.757	650.000	1055.686	1612	51	61	2	12	2664	286	0	0		0	0	0	0	0	0.267	0.354	0.432	0	0.6260	0.7714	r3
3.8.5	kc.serpent.WaveSerpent 2.11	rumble-15	15	1	true	35	2272.000	1836.000	24	1200.000	550.000	717.000	1078.000	9	35123	0.967	2.139	54.457	35	0	0	0.087	0.073	135	1862	3	1862	1862	4	12	0	0	0	153	1981	2341	T?/M?	live	0	0	0	650	478.417	650.000	853.514	1195	0	19	2	9	1862	153	0	0		0	0	0	0	0	0.230	0.353	0.448	0	0.5531	0.6857	r3
3.8.5	kc.serpent.WaveSerpent 2.11	rumble-15	15	2	true	35	2658.000	1853.000	27	1350.000	400.000	890.000	1280.000	8	38731	0.951	2.148	57.470	35	0	0	0.085	0.081	136	2014	1	2014	2014	2	20	0	0	0	221	2462	2705	T?/M?	live	0	0	0	650	482.651	650.000	956.600	1556	0	27	2	13	2013	221	0	0		0	0	0	0	0	0.230	0.338	0.448	0	0.5892	0.7714	r3
3.8.5	kc.serpent.WaveSerpent 2.11	rumble-15	15	3	true	35	2693.000	1688.000	27	1350.000	400.000	925.000	1136.000	6	37571	0.908	2.071	53.726	35	0	0	0.091	0.080	142	1903	1	1904	1903	2	24	0	0	0	177	2025	2588	T?/M?	live	0	0	0	650	469.531	650.000	923.457	2000	2	16	2	1026	1904	177	0	0		0	0	0	0	0	0.276	0.343	0.448	0	0.6147	0.7714	r3
3.8.5	dsekercioglu.mega.WhiteFang 2.8.1	rumble-17	17	1	true	35	3198.000	1188.000	31	1550.000	200.000	1126.000	918.000	8	43022	0.604	1.108	23.733	34	0	0	0.115	0.066	204	2639	2	2639	2639	6	29	0	0	0	303	2631	2985	T?/M?	live	0	0	0	650	464.988	650.000	1087.294	2020	39	24	3	11	2578	302	0	0		0	0	0	1	1	0.262	0.323	0.385	0	0.7291	0.8857	r3
3.8.5	dsekercioglu.mega.WhiteFang 2.8.1	rumble-17	17	2	true	35	3166.000	1227.000	31	1550.000	200.000	1107.000	949.000	11	43083	0.579	1.096	24.851	35	0	0	0.114	0.075	211	2677	3	2677	2677	6	20	0	0	0	263	2978	3040	T?/M?	live	0	0	0	650	465.271	650.000	1080.943	1643	29	67	2	11	2673	263	0	0		0	0	0	0	0	0.245	0.321	0.385	0	0.7207	0.8857	r3
3.8.5	dsekercioglu.mega.WhiteFang 2.8.1	rumble-17	17	3	true	35	2985.000	1240.000	30	1450.000	250.000	1061.000	898.000	9	43731	0.571	1.076	22.766	35	0	0	0.108	0.064	207	2700	1	2700	2700	2	23	0	0	0	257	2838	3072	T?/M?	live	0	0	0	650	463.743	650.000	1099.457	2551	16	56	2	802	2700	257	0	0		0	0	0	0	0	0.245	0.321	0.385	0	0.7065	0.8529	r3
3.8.5	cs.Nene 1.0.5	rumble-18	18	1	true	35	2861.000	1394.000	31	1550.000	200.000	842.000	1120.000	14	32527	0.692	1.250	20.912	35	0	0	0.097	0.068	115	1917	13	1917	1917	6	18	0	0	0	191	2092	2141	T?/M?	live	0	0	0	650	474.403	650.000	779.343	1188	259	42	2	8	1917	189	0	0		0	0	0	0	0	0.292	0.328	0.401	1	0.6724	0.8857	r3
3.8.5	cs.Nene 1.0.5	rumble-18	18	2	true	35	2435.000	1833.000	26	1300.000	450.000	748.000	1212.000	18	32882	0.669	1.261	18.864	35	0	0	0.091	0.082	116	1954	13	1954	1954	8	21	0	0	0	178	1716	2167	T?/M?	live	0	0	0	650	474.106	650.000	789.486	1650	321	7	2	8	1939	178	0	0		0	0	0	0	0	0.264	0.323	0.374	0	0.5705	0.7429	r3
3.8.5	cs.Nene 1.0.5	rumble-18	18	3	true	35	2935.000	1474.000	30	1500.000	250.000	959.000	1114.000	10	31568	0.671	1.222	20.111	35	0	0	0.102	0.066	98	1833	14	1833	1833	5	10	0	0	0	207	946	2033	T?/M?	live	0	0	0	650	473.003	650.000	751.943	1136	297	5	2	444	1833	205	0	0		0	0	0	0	0	0.264	0.344	0.431	0	0.6657	0.8571	r3
3.8.5	jk.melee.Neuromancer 7.12	rumble-19	19	1	true	35	1980.000	2430.000	16	800.000	950.000	949.000	1140.000	26	84743	0.702	1.669	27.092	35	0	0	0.096	0.095	562	6373	3	6453	6364	24	34	0	0	0	699	6370	6777	T?/M?	live	0	0	0	650	527.771	650.000	2271.229	2383	4	3	3	14	6399	698	0	0		102	0	0	0	0	0.060	0.168	0.278	0	0.4490	0.4571	r3
3.8.5	jk.melee.Neuromancer 7.12	rumble-19	19	2	true	35	2079.000	2569.000	16	800.000	950.000	1015.000	1264.000	30	59757	0.671	1.617	26.234	35	0	0	0.092	0.098	332	4183	0	4181	4159	25	35	0	0	0	446	4413	4578	T?/M?	live	0	0	0	650	537.886	650.000	1557.343	1941	2	13	3	15	4177	443	0	0		298	0	0	0	0	0.106	0.175	0.278	0	0.4473	0.4571	r3
3.8.5	jk.melee.Neuromancer 7.12	rumble-19	19	3	true	35	2640.000	1971.000	23	1150.000	600.000	1117.000	1180.000	31	64963	0.689	1.644	24.527	35	0	0	0.107	0.102	416	4523	0	4578	4521	29	48	0	0	0	505	4935	4991	T?/M?	live	0	0	0	650	523.417	650.000	1706.086	3339	3	29	2	59	4564	504	0	0		0	0	0	0	0	0.046	0.171	0.278	0	0.5725	0.6571	r3
3.8.5	voidious.Dookious 1.573c	rumble-20	20	1	true	35	2721.000	1596.000	28	1400.000	350.000	881.000	1115.000	7	34011	0.672	1.170	15.269	35	0	0	0.094	0.071	121	1834	5	1834	1834	4	12	0	0	0	178	738	2243	T?/M?	live	0	0	0	650	488.446	650.000	821.743	734	594	2	2	12	1834	177	0	0		0	0	0	0	0	0.296	0.380	0.431	0	0.6303	0.8000	r3
3.8.5	voidious.Dookious 1.573c	rumble-20	20	2	true	35	2400.000	1782.000	25	1250.000	500.000	781.000	1091.000	10	35271	0.651	1.169	15.764	35	0	0	0.097	0.070	150	1932	2	1932	1932	2	11	0	0	0	181	1896	2376	T?/M?	live	0	0	0	650	492.097	650.000	857.743	1615	475	7	3	8	1915	181	0	0		0	0	0	0	0	0.296	0.378	0.431	0	0.5739	0.7143	r3
3.8.5	voidious.Dookious 1.573c	rumble-20	20	3	true	35	2782.000	1536.000	29	1450.000	300.000	882.000	1114.000	11	34138	0.620	1.105	15.540	35	0	0	0.093	0.075	116	1835	5	1835	1835	2	20	0	0	0	177	2005	2251	T?/M?	live	0	0	0	650	483.274	650.000	825.371	1144	750	14	2	16	1835	177	0	0		0	0	0	0	0	0.213	0.300	0.406	0	0.6443	0.8286	r3
3.8.5	davidalves.Phoenix 1.02	rumble-21	21	1	true	35	2342.000	2168.000	23	1150.000	600.000	835.000	1333.000	10	35065	0.602	1.091	13.316	35	0	0	0.102	0.085	149	1883	2	1883	1883	3	17	0	0	0	179	635	2356	T?/M?	live	0	0	0	650	474.003	650.000	851.857	1391	10	20	2	15	1877	179	0	0		0	0	0	0	0	0.212	0.253	0.334	0	0.5193	0.6571	r3
3.8.5	davidalves.Phoenix 1.02	rumble-21	21	2	true	35	2954.000	1418.000	31	1550.000	200.000	920.000	1131.000	11	34224	0.535	0.983	18.193	35	0	0	0.105	0.078	136	1824	1	1823	1823	1	19	0	0	0	179	2017	2236	T?/M?	live	0	0	0	650	464.966	650.000	827.829	1286	1	61	2	14	1800	179	0	0		0	0	0	0	0	0.152	0.221	0.274	0	0.6757	0.8857	r3
3.8.5	davidalves.Phoenix 1.02	rumble-21	21	3	true	35	2792.000	1564.000	30	1500.000	250.000	855.000	1216.000	9	38121	0.501	0.981	15.587	35	0	0	0.092	0.076	149	2007	0	2007	2007	2	21	0	0	0	207	1968	2615	T?/M?	live	0	0	0	650	468.929	650.000	939.171	1830	33	7	2	14	1999	207	0	0		0	0	0	0	0	0.137	0.209	0.274	0	0.6410	0.8571	r3
3.8.5	rsalesc.roborio.Roborio 1.2.4	rumble-22	22	1	true	35	3092.000	1697.000	21	1050.000	700.000	1614.000	784.000	19	96720	0.632	1.191	16.777	35	0	0	0.123	0.091	696	6658	2	6659	6658	13	49	0	0	0	679	7764	7772	T?/M?	live	0	0	0	650	508.354	650.000	2613.429	184	37	104	2	38	6614	679	0	0		0	0	0	0	0	0.000	0.081	0.169	0	0.6456	0.6000	r3
3.8.5	rsalesc.roborio.Roborio 1.2.4	rumble-22	22	2	true	35	2963.000	1633.000	23	1150.000	600.000	1366.000	847.000	16	111741	0.605	1.162	18.752	35	0	0	0.117	0.091	855	8121	1	8121	8121	13	55	0	0	0	850	9221	9228	T?/M?	live	0	0	0	650	504.323	650.000	3042.600	1855	0	197	2	75	8099	850	0	0		0	0	0	0	0	0.000	0.069	0.167	0	0.6447	0.6571	r3
3.8.5	rsalesc.roborio.Roborio 1.2.4	rumble-22	22	3	true	35	3323.000	1545.000	23	1150.000	600.000	1687.000	760.000	7	84738	0.630	1.190	18.976	34	0	0	0.123	0.089	580	5875	1	5876	5875	3	44	0	0	0	598	6559	6565	T?/M?	live	0	0	0	650	497.700	650.000	2291.235	983	95	151	2	21976	5718	597	0	0		0	0	0	1	1	0.000	0.090	0.169	0	0.6826	0.6571	r3
