build	seed	share	shield_end_tick	shield_hadur_energy	shield_drussgt_energy	shield_bullets	shield_power_min	shield_power_max	ok	rounds	score	theirScore	firsts	survival	theirSurvival	bulletDamage	theirBulletDamage	skippedTurns	turns	turnP50Ms	turnP95Ms	turnMaxMs	roundRecords	faults	faultRecords	ourHitRate	theirHitRate	phantomWaves	enemyShots	unseenShots	inferredWaves	matchedWaves	radarReacquired	hiddenShots	profileFound	memoryFailures	seedsEvicted	bulletsIntercepted	jitteredShots	shotsFired	tiers	openingGun	gunSeed	surfSeed	seedDecays	openingDistance	meanDistance	targetDistance	roundTicks	finishTicks	ramTicks	fullPowerShots	maxLevel	slowTicks	shadowedWaves	interceptsShadowed	flavourChanges	flavourStep	errors
released	1	40.50	94	107.8	65.1	5	0.62	1.45	true	35	1679.000	2467.000	11	400.000	1200.000	1122.000	884.000	11	98238	1.020	1.852	45.265	35	0	0	0.072	0.093	414	7965	2	7966	7965	11	38	0	0	0	927	7789	7915	T?/M?	live	0	0	0	650	521.691	650.000	2656.800	113	4	0	2	148	7935	927	0	0	
released	2	40.15	147	100.0	62.9	8	0.51	1.24	true	35	1713.000	2554.000	12	500.000	1150.000	1043.000	1013.000	9	102155	1.029	1.867	26.171	34	0	0	0.077	0.091	463	8282	1	8283	8282	11	55	0	0	0	1010	7957	7963	T?/M?	live	0	0	0	650	519.671	650.000	2745.676	42	36	0	3	91	7945	1010	0	0	
released	3	41.24	147	100.0	62.9	8	0.57	1.45	true	35	1746.000	2488.000	12	550.000	1150.000	988.000	957.000	13	99927	1.021	1.798	55.150	34	0	0	0.076	0.089	441	8150	3	8151	8150	14	51	0	0	0	967	7855	7861	T?/M?	live	0	0	0	650	518.200	650.000	2712.206	32	29	0	3	130	7863	966	0	0	
released	4	30.62	94	107.8	64.4	5	0.87	1.63	true	35	1288.000	2918.000	7	300.000	1400.000	879.000	1049.000	6	107572	1.041	1.805	34.431	35	0	0	0.075	0.093	517	8870	1	8870	8869	8	53	0	0	0	1138	8549	8730	T?/M?	live	0	0	0	650	522.989	650.000	2924.314	21	1	0	2	150	8772	1138	0	0	
released	5	44.86	159	98.0	62.0	9	0.51	1.44	true	35	1971.000	2423.000	13	650.000	1100.000	1073.000	968.000	3	97463	1.029	1.800	61.391	34	0	0	0.081	0.093	426	7973	0	7975	7973	3	42	0	0	0	914	7628	7635	T?/M?	live	0	0	0	650	522.109	650.000	2646.118	18	1	16	2	134	7677	914	0	0	
released	6	41.49	91	107.8	65.0	4	1.29	1.71	true	35	1804.000	2544.000	11	550.000	1200.000	1033.000	946.000	5	98148	1.044	1.827	25.895	35	0	0	0.077	0.088	467	7983	3	7983	7983	6	41	0	0	0	1040	7723	7943	T?/M?	live	0	0	0	650	522.377	650.000	2655.000	197	0	1	2	139	7920	1040	0	0	
released	7	32.03	163	98.0	61.0	10	0.50	1.72	true	35	1364.000	2894.000	7	300.000	1400.000	944.000	1034.000	16	104144	0.896	1.713	43.744	32	0	0	0.072	0.092	435	8576	2	8578	8576	13	46	0	0	0	974	7736	7743	T?/M?	live	0	0	0	650	520.294	650.000	2828.031	36	1	0	3	776	7791	974	0	0	
released	8	37.89	144	100.0	64.0	8	0.51	1.45	true	35	1638.000	2685.000	10	450.000	1250.000	1032.000	1024.000	12	102483	1.025	1.793	35.059	35	0	0	0.074	0.094	472	8379	0	8351	8350	12	54	0	0	0	999	8241	8267	T?/M?	live	0	0	0	650	518.871	650.000	2778.857	61	38	0	3	1670	8247	998	0	0	
released	9	32.73	162	98.0	62.5	9	0.51	1.29	true	35	1350.000	2775.000	8	300.000	1350.000	932.000	980.000	7	103932	0.951	1.707	29.842	35	0	0	0.076	0.099	492	8526	2	8528	8526	7	65	0	0	0	978	8349	8356	T?/M?	live	0	0	0	650	518.677	650.000	2819.971	20	2	0	2	21171	8411	977	0	0	
released	10	33.79	94	107.8	64.0	5	1.01	1.71	true	35	1445.000	2832.000	8	300.000	1350.000	1030.000	1037.000	11	103294	0.988	1.768	37.363	33	0	0	0.075	0.099	466	8509	1	8510	8509	11	49	0	0	0	974	7798	7957	T?/M?	live	0	0	0	650	524.242	650.000	2818.121	19	36	0	3	140	8018	973	0	0	
lead-aware	1	54.08	104	107.8	55.4	5	1.37	2.67	true	35	2278.000	1934.000	21	1050.000	700.000	889.000	1014.000	9	119457	1.042	1.835	49.559	33	0	0	0.076	0.095	636	9907	2	9907	9907	10	65	0	0	0	1316	9341	9771	T?/M?	live	0	0	0	650	519.085	650.000	3384.030	1259	175	10	3	145	9684	1316	0	0	
lead-aware	2	49.59	145	98.8	52.9	8	1.03	2.26	true	35	2048.000	2082.000	18	900.000	850.000	854.000	958.000	6	110320	1.073	1.870	45.398	34	0	0	0.076	0.094	574	9022	2	9023	9022	7	43	0	0	0	1079	8980	8989	T?/M?	live	0	0	0	650	519.674	650.000	3047.324	1357	98	23	3	120	8869	1078	0	0	
lead-aware	3	58.13	181	92.8	48.4	10	1.12	1.91	true	35	2441.000	1758.000	23	1100.000	600.000	978.000	978.000	12	133887	1.016	1.805	43.080	30	0	0	0.070	0.097	643	11164	1	11165	11164	9	57	0	0	0	1280	10317	10324	T?/M?	live	0	0	0	650	520.313	650.000	3923.467	1480	64	30	2	182	10203	1280	0	0	
lead-aware	4	46.62	104	107.8	55.8	5	1.37	2.40	true	35	1972.000	2258.000	18	800.000	850.000	903.000	1117.000	12	114353	1.051	1.864	34.021	34	0	0	0.073	0.102	596	9352	2	9345	9344	11	65	0	0	0	1125	9202	9225	T?/M?	live	0	0	0	650	517.259	650.000	3127.559	2935	59	10	3	169	9087	1125	0	0	
lead-aware	5	43.42	97	107.8	56.4	5	1.37	2.24	true	35	1815.000	2365.000	15	750.000	1000.000	818.000	1047.000	6	105908	1.044	1.853	33.754	35	0	0	0.075	0.096	572	8672	4	8673	8672	9	52	0	0	0	1145	8670	8692	T?/M?	live	0	0	0	650	520.289	650.000	2876.457	1696	71	12	3	163	8618	1145	0	0	
lead-aware	6	54.22	99	107.8	55.3	5	1.45	2.39	true	35	2462.000	2079.000	22	1100.000	650.000	994.000	1194.000	8	113973	1.051	1.835	85.256	33	0	0	0.080	0.101	624	9327	3	9327	9327	11	62	0	0	0	1099	9141	9248	T?/M?	live	0	0	0	650	515.342	650.000	3215.545	2533	89	12	2	6	9066	1099	0	0	
lead-aware	7	45.86	182	92.8	47.8	10	1.03	2.24	true	35	1950.000	2302.000	16	800.000	950.000	881.000	1038.000	5	102599	1.060	1.865	31.390	35	0	0	0.068	0.096	504	8403	4	8404	8403	5	60	0	0	0	1053	8358	8365	T?/M?	live	0	0	0	650	515.003	650.000	2781.457	3616	63	15	2	209	8315	1053	0	0	
lead-aware	8	54.73	176	92.8	47.7	10	1.37	1.90	true	35	2312.000	1912.000	21	1050.000	700.000	932.000	990.000	10	126107	1.085	1.945	37.819	35	0	0	0.080	0.097	712	10457	1	10458	10457	12	65	0	0	0	1249	10504	10511	T?/M?	live	0	0	0	650	515.226	650.000	3453.086	2721	112	18	3	191	10375	1249	0	0	
lead-aware	9	52.49	180	92.8	48.3	10	1.03	2.02	true	35	2311.000	2092.000	20	1000.000	750.000	983.000	1092.000	6	118219	1.056	1.859	27.408	34	0	0	0.064	0.101	549	9776	0	9777	9776	6	58	0	0	0	1206	9746	9753	T?/M?	live	0	0	0	650	520.365	650.000	3291.324	370	83	20	2	199	9660	1206	0	0	
lead-aware	10	47.75	106	107.8	55.9	5	1.11	2.55	true	35	1948.000	2132.000	18	850.000	850.000	842.000	1011.000	16	108761	0.986	1.770	26.786	35	0	0	0.070	0.151	505	8847	2	8804	8802	16	45	0	0	0	1098	8750	8894	T?/M?	live	0	0	0	650	522.346	650.000	2957.800	0	109	15	3	6	8749	1096	0	0	
lead-aware-sampled	1	51.12	104	102.0	64.3	5	1.37	2.67	true	35	2263.000	2164.000	19	950.000	800.000	985.000	1091.000	7	109659	0.995	1.789	49.288	33	0	0	0.086	0.096	654	9033	1	9032	9032	9	58	0	0	0	998	8442	8639	T?/M?	live	0	0	0	650	525.091	650.000	3059.576	1409	95	46	2	173	8716	998	0	0	
lead-aware-sampled	2	55.47	180	92.8	48.3	10	1.03	2.26	true	35	2336.000	1875.000	22	1050.000	650.000	945.000	1005.000	7	119787	1.036	1.831	52.168	35	0	0	0.086	0.100	721	9936	4	9937	9936	7	63	0	0	0	1090	9811	9818	T?/M?	live	0	0	0	650	518.231	650.000	3272.514	3031	132	17	2	189	9900	1089	0	0	
lead-aware-sampled	3	46.42	181	92.8	48.4	10	1.12	1.91	true	35	2014.000	2325.000	17	850.000	900.000	873.000	1121.000	8	97817	0.962	1.773	43.095	35	0	0	0.086	0.103	584	7944	0	7944	7944	9	45	0	0	0	899	7827	7834	T?/M?	live	0	0	0	650	522.537	650.000	2644.886	1424	52	28	3	89	7895	898	0	0	
lead-aware-sampled	4	48.44	104	102.0	64.5	5	1.37	2.69	true	35	2152.000	2291.000	17	850.000	900.000	1018.000	1081.000	7	108158	1.011	1.797	31.701	35	0	0	0.086	0.092	630	8935	1	8935	8935	7	60	0	0	0	1011	8694	8780	T?/M?	live	0	0	0	650	518.646	650.000	2940.229	3350	30	15	2	1953	8898	1011	0	0	
lead-aware-sampled	5	44.80	176	92.8	48.4	10	1.29	2.13	true	35	1938.000	2388.000	15	750.000	1000.000	939.000	1058.000	10	101398	0.971	1.772	30.199	35	0	0	0.077	0.097	578	8249	1	8250	8249	13	48	0	0	0	909	8138	8145	T?/M?	live	0	0	0	650	517.771	650.000	2747.086	2123	39	20	3	150	8187	909	0	0	
lead-aware-sampled	6	58.27	100	102.0	64.8	5	1.45	2.39	true	35	2567.000	1838.000	23	1150.000	600.000	1029.000	1041.000	11	129855	1.014	1.860	35.540	34	0	0	0.089	0.101	790	10856	0	10856	10856	11	82	0	0	0	1251	10602	10634	T?/M?	live	0	0	0	650	516.144	650.000	3632.441	1657	146	29	3	188	10723	1251	0	0	
lead-aware-sampled	7	51.60	180	92.8	48.5	10	1.03	2.24	true	35	2132.000	2000.000	21	1000.000	700.000	811.000	1060.000	8	118824	0.975	1.798	31.821	34	0	0	0.081	0.095	739	9804	0	9805	9804	9	70	0	0	0	1155	9687	9694	T?/M?	live	0	0	0	650	518.003	650.000	3328.000	1680	139	12	3	171	9738	1154	0	0	
lead-aware-sampled	8	50.64	161	95.8	49.7	9	1.03	2.13	true	35	2244.000	2187.000	19	950.000	800.000	989.000	1109.000	7	120348	0.985	1.800	38.648	34	0	0	0.086	0.095	717	9905	0	9905	9905	9	60	0	0	0	1137	9806	9812	T?/M?	live	0	0	0	650	520.700	650.000	3349.441	1227	82	18	2	106	9781	1137	0	0	
lead-aware-sampled	9	55.01	179	92.8	49.0	10	1.03	1.94	true	35	2366.000	1935.000	22	1000.000	650.000	1026.000	1066.000	8	111198	1.004	1.750	35.255	34	0	0	0.082	0.099	621	9118	3	9118	9118	7	61	0	0	0	1017	8910	8917	T?/M?	live	0	0	0	650	519.109	650.000	3091.882	1910	52	11	3	1646	8992	1016	0	0	
lead-aware-sampled	10	52.51	105	102.0	65.4	5	1.11	2.72	true	35	2320.000	2098.000	20	1000.000	750.000	988.000	1092.000	11	115005	0.980	1.783	29.286	35	0	0	0.087	0.096	714	9513	2	9513	9513	14	60	0	0	0	1040	9369	9411	T?/M?	live	0	0	0	650	521.269	650.000	3135.857	1087	89	14	2	2	9487	1040	0	0	
random-gun	1	28.23	123	103.9	62.6	7	0.73	1.45	true	35	1220.000	3102.000	5	200.000	1500.000	939.000	1099.000	12	106004	0.902	1.693	31.427	33	0	0	0.083	0.100	537	8739	1	8739	8739	10	68	0	0	0	820	7986	8130	T?/M?	live	0	0	0	650	525.297	650.000	2869.606	0	1	0	3	3687	8126	820	0	0	
random-gun	2	32.86	193	94.2	57.3	12	0.63	1.64	true	35	1466.000	2995.000	7	350.000	1400.000	984.000	1116.000	11	101686	0.999	1.923	33.524	33	0	0	0.083	0.106	519	8372	0	8373	8372	13	44	0	0	0	748	7750	7759	T?/M?	live	0	0	0	650	525.779	650.000	2736.455	19	29	2	3	124	7780	748	0	0	
random-gun	3	36.38	191	94.2	57.5	12	0.75	1.73	true	35	1576.000	2756.000	9	400.000	1300.000	1021.000	1026.000	12	103370	0.946	1.750	70.277	35	0	0	0.085	0.096	556	8486	2	8486	8486	10	52	0	0	0	883	8394	8403	T?/M?	live	0	0	0	650	520.966	650.000	2803.429	215	1	1	3	17	8431	883	0	0	
random-gun	4	38.55	139	102.0	60.1	8	0.61	1.73	true	35	1664.000	2653.000	11	500.000	1200.000	976.000	1054.000	8	99817	0.994	1.735	31.367	34	0	0	0.079	0.102	492	8185	1	8168	8167	4	52	0	0	0	761	7412	7848	T?/M?	live	0	0	0	650	522.285	650.000	2701.000	109	7	0	3	142	7854	761	0	0	
random-gun	5	34.85	188	94.2	56.0	11	1.00	1.56	true	35	1510.000	2823.000	9	350.000	1300.000	1011.000	1085.000	14	102042	0.943	1.748	29.563	35	0	0	0.087	0.102	553	8375	3	8376	8375	13	52	0	0	0	835	8289	8297	T?/M?	live	0	0	0	650	526.937	650.000	2765.514	119	6	9	2	119	8325	835	0	0	
all-chaff	1	32.81	194	91.4	46.7	11	0.10	2.71	true	35	1535.000	3144.000	11	550.000	1200.000	816.000	1495.000	35	262416	0.986	1.958	51.931	31	0	0	0.081	0.105	1509	23043	0	23046	23043	27	135	0	0	0	2626	20583	20590	T?/M?	live	0	0	0	650	518.965	650.000	7392.032	274	0	46	3	270	20488	2624	0	0	
all-chaff	2	28.09	200	88.4	47.7	11	0.10	2.62	true	35	1293.000	3310.000	9	450.000	1300.000	720.000	1521.000	24	244164	1.132	2.208	53.911	29	0	0	0.074	0.204	1123	21334	0	21247	21246	21	88	0	0	0	2124	17165	17255	T?/M?	live	0	0	0	650	521.362	650.000	6626.138	700	1	46	3	258	17033	2119	0	0	
all-chaff	3	28.91	175	94.1	48.6	10	0.10	2.66	true	35	1311.000	3224.000	9	450.000	1300.000	726.000	1447.000	29	260837	1.126	2.081	31.671	32	0	0	0.074	0.107	1397	22866	2	22770	22769	27	103	0	0	0	2538	20895	20984	T?/M?	live	0	0	0	650	522.566	650.000	7290.344	504	0	42	3	366	20759	2533	0	0	
hold-fire	1	29.17	128	105.8	62.8	6	0.95	1.73	true	35	1479.000	3591.000	24	1200.000	550.000	39.000	2756.000	8	143658	0.902	1.516	65.951	32	0	0	0.024	0.134	0	11698	1	13881	11698	8	201	0	0	0	5	0	76	T?/M?	live	0	0	0	650	413.325	650.000	4163.656	6257	59	0	2	184	498	5	0	0	
hold-fire	2	19.94	111	107.8	64.9	5	0.62	1.63	true	35	1067.000	4285.000	17	850.000	900.000	47.000	2903.000	9	122875	0.918	1.517	45.563	35	0	0	0.032	0.137	1	9841	2	12132	9841	10	168	0	0	0	11	0	66	T?/M?	live	0	0	0	650	412.526	650.000	3361.000	1861	56	0	2	161	291	11	0	0	
