build	opponent	role	rank	seed	ok	rounds	score	theirScore	firsts	survival	theirSurvival	bulletDamage	theirBulletDamage	skippedTurns	turns	turnP50Ms	turnP95Ms	turnMaxMs	roundRecords	faults	faultRecords	ourHitRate	theirHitRate	phantomWaves	enemyShots	unseenShots	inferredWaves	matchedWaves	radarReacquired	hiddenShots	profileFound	memoryFailures	seedsEvicted	bulletsIntercepted	jitteredShots	shotsFired	tiers	openingGun	gunSeed	surfSeed	seedDecays	openingDistance	meanDistance	targetDistance	roundTicks	finishTicks	ramTicks	fullPowerShots	maxLevel	slowTicks	shadowedWaves	interceptsShadowed	flavourChanges	flavourStep	errors	duressTicks	engineDisables	securityErrors	rShortfall	finalRMissing	hostCpuMin	hostCpuMean	hostCpuMax	otherJvms	reference	ramDamage	theirRamDamage	ramDamageBonus	theirRamDamageBonus	bulletDamageBonus	theirBulletDamageBonus	lastSurvivorBonus	theirLastSurvivorBonus	engineRoundTicks	score_share	survival_share
hadur2.Hadur 3.10nf	Noran.BitchingElk 0.054	gun-gap7.2		1	true	35	5425.000	246.000	33	1650.000	100.000	2892.000	122.000	9	42746	0.277	1.015	32.280	35	0	0	0.190	0.038	327	3199	19	3199	3198	12	26	0	0	0	245	2528	2769	T?/M?	live	0	0	0	650	493.806	400.000	1071.314	474	148	862	3	54	3199	244	0	0		0	0	0	0	0	0.522	0.687	0.962	0	0	0.000	1.000	0.000	1.000	553.000	1.000	330.000	20.000	1221.314	0.9566	0.9429
hadur2.Hadur 3.10nf	Noran.BitchingElk 0.054	gun-gap7.2		2	true	35	4853.000	582.000	30	1500.000	250.000	2581.000	254.000	23	48167	0.504	1.413	33.499	35	0	0	0.177	0.073	379	3648	52	3640	3639	149	38	0	0	0	291	3050	3249	T?/M?	live	0	0	0	650	496.066	400.000	1226.943	195	217	827	3	43	3640	289	0	0		0	0	0	0	0	0.509	0.654	0.931	0	0	0.000	2.000	0.000	13.000	472.000	12.000	300.000	50.000	1376.200	0.8929	0.8571
hadur2.Hadur 3.10nf	Noran.BitchingElk 0.054	gun-gap7.2		3	true	35	4950.000	556.000	30	1500.000	250.000	2665.000	236.000	22	47092	0.464	1.331	44.307	35	0	0	0.174	0.068	333	3571	55	3519	3519	17	40	0	0	0	281	3007	3155	T?/M?	live	0	0	0	650	481.609	400.000	1195.486	357	124	714	3	92	3519	277	0	0		596	0	0	0	0	0.345	0.632	0.838	0	0	1.000	1.000	0.000	10.000	484.000	9.000	300.000	50.000	1345.486	0.8990	0.8571
hadur2.Hadur 3.10nf	agd.Mooserwirt2 2.7	gun-gap3.9		1	true	35	4680.000	276.000	35	1750.000	0.000	2087.000	216.000	17	19286	0.373	1.388	42.740	35	0	0	0.214	0.055	48	731	1	731	731	13	17	0	0	0	38	0	903	T?/M?	live	0	0	0	650	429.574	400.000	401.029	520	3	300	2	14	730	38	0	0		0	0	0	0	0	0.501	0.721	0.868	0	0	52.000	60.000	59.000	0.000	383.000	0.000	350.000	0.000	551.029	0.9443	1.0000
hadur2.Hadur 3.10nf	agd.Mooserwirt2 2.7	gun-gap3.9		2	true	35	4682.000	241.000	35	1750.000	0.000	2119.000	199.000	5	19383	0.403	1.420	51.267	35	0	0	0.213	0.053	38	754	2	755	754	2	6	0	0	0	30	0	920	T?/M?	live	0	0	0	650	444.654	400.000	403.800	339	0	350	2	48	755	30	0	0		0	0	0	0	0	0.399	0.702	0.931	0	0	36.000	42.000	0.000	0.000	427.000	0.000	350.000	0.000	553.800	0.9510	1.0000
hadur2.Hadur 3.10nf	agd.Mooserwirt2 2.7	gun-gap3.9		3	true	35	4512.000	303.000	34	1700.000	50.000	2063.000	228.000	14	19809	0.413	1.505	44.551	35	0	0	0.209	0.026	19	816	1	817	815	12	9	0	0	0	68	817	950	T?/M?	live	0	0	0	650	432.889	400.000	415.971	548	0	344	3	39	817	68	0	0		0	0	0	0	0	0.399	0.702	0.931	0	0	0.000	0.000	0.000	0.000	409.000	14.000	340.000	10.000	565.971	0.9371	0.9714
hadur2.Hadur 3.10nf	alpha.BlackIce 1.0	gun-gap6.1		1	true	35	4246.000	708.000	34	1700.000	50.000	1846.000	637.000	7	20493	0.343	1.066	39.870	35	0	0	0.168	0.064	12	958	16	958	958	6	17	0	0	0	69	495	1026	T?/M?	live	0	0	0	650	364.706	400.000	435.543	846	46	245	3	23	958	69	0	0		0	0	0	0	0	0.469	0.651	0.883	0	0	0.000	0.000	0.000	0.000	360.000	11.000	340.000	10.000	585.514	0.8571	0.9714
hadur2.Hadur 3.10nf	alpha.BlackIce 1.0	gun-gap6.1		2	true	35	4146.000	724.000	34	1700.000	50.000	1760.000	650.000	4	20479	0.334	1.087	15.141	35	0	0	0.175	0.062	16	987	11	987	987	5	9	0	0	0	63	0	1017	T?/M?	live	0	0	0	650	372.554	425.000	435.114	698	0	228	3	13	985	63	0	0		0	0	0	0	0	0.397	0.667	0.824	0	0	0.000	0.000	0.000	0.000	346.000	14.000	340.000	10.000	585.114	0.8513	0.9714
hadur2.Hadur 3.10nf	alpha.BlackIce 1.0	gun-gap6.1		3	true	35	3896.000	1058.000	32	1600.000	150.000	1665.000	838.000	7	22691	0.297	1.004	34.276	35	0	0	0.159	0.068	24	1101	23	1090	1090	7	21	0	0	0	85	615	1215	T?/M?	live	0	0	0	650	383.254	650.000	498.457	623	0	172	3	20	1078	85	0	0		0	0	0	0	0	0.491	0.694	0.824	0	0	0.000	0.000	0.000	0.000	311.000	41.000	320.000	30.000	648.314	0.7864	0.9143
hadur2.Hadur 3.10nf	apc.Colossus2 0.12	gun-gap5.1		1	true	35	6062.000	612.000	35	1750.000	0.000	3293.000	610.000	3	11330	0.181	0.950	15.751	35	0	0	0.601	0.141	20	269	2	269	269	3	12	0	0	0	3	0	336	T?/M?	live	0	0	0	650	206.523	400.000	173.714	187	10	266	1	6	266	3	0	0		0	0	0	0	0	0.492	0.741	0.904	0	0	10.000	2.000	0.000	0.000	659.000	0.000	350.000	0.000	323.714	0.9083	1.0000
hadur2.Hadur 3.10nf	apc.Colossus2 0.12	gun-gap5.1		2	true	35	6056.000	549.000	35	1750.000	0.000	3296.000	549.000	5	11352	0.153	0.844	24.169	35	0	0	0.592	0.144	11	259	3	261	259	4	7	0	0	0	7	0	337	T?/M?	live	0	0	0	650	217.260	400.000	174.343	245	6	281	2	4	258	7	0	0		0	0	0	0	0	0.645	0.761	0.925	0	0	1.000	0.000	0.000	0.000	659.000	0.000	350.000	0.000	324.343	0.9169	1.0000
hadur2.Hadur 3.10nf	apc.Colossus2 0.12	gun-gap5.1		3	true	35	6005.000	731.000	34	1700.000	50.000	3321.000	646.000	2	11546	0.175	0.815	21.230	35	0	0	0.602	0.164	22	251	2	252	251	1	11	0	0	0	9	0	354	T?/M?	live	0	0	0	650	226.257	400.000	179.886	303	49	263	2	6	244	9	0	0		0	0	0	0	0	0.629	0.730	0.925	0	0	2.000	4.000	0.000	0.000	642.000	22.000	340.000	10.000	329.886	0.8915	0.9714
hadur2.Hadur 3.10nf	blir.nano.Bruce R1.0.0	gun-gap6.7		1	true	35	6149.000	1316.000	34	1700.000	50.000	3316.000	1230.000	2	9947	0.269	0.892	12.785	35	0	0	0.787	0.270	111	248	4	248	248	3	21	0	0	0	4	0	256	T?/M?	live	0	0	0	650	223.697	650.000	134.200	450	2	216	2	2	242	4	0	0		0	0	0	0	0	0.379	0.663	0.906	0	0	140.000	4.000	0.000	0.000	653.000	22.000	340.000	10.000	284.200	0.8237	0.9714
hadur2.Hadur 3.10nf	blir.nano.Bruce R1.0.0	gun-gap6.7		2	true	35	6328.000	1467.000	35	1750.000	0.000	3491.000	1456.000	2	10158	0.251	1.009	17.840	35	0	0	0.796	0.322	38	262	1	262	262	3	19	0	0	0	7	0	270	T?/M?	live	0	0	0	650	194.740	650.000	140.229	620	28	227	2	12	259	7	0	0		0	0	0	0	0	0.540	0.774	0.925	0	0	36.000	11.000	0.000	0.000	702.000	0.000	350.000	0.000	290.229	0.8118	1.0000
hadur2.Hadur 3.10nf	blir.nano.Bruce R1.0.0	gun-gap6.7		3	true	35	6383.000	1526.000	35	1750.000	0.000	3500.000	1515.000	4	10097	0.240	0.819	18.726	35	0	0	0.782	0.342	74	261	1	261	261	4	18	0	0	0	7	0	263	T?/M?	live	0	0	0	650	196.557	475.000	138.486	488	24	233	3	7	261	7	0	0		0	0	0	0	0	0.561	0.664	0.842	0	0	76.000	11.000	0.000	0.000	708.000	0.000	350.000	0.000	288.486	0.8071	1.0000
hadur2.Hadur 3.10nf	com.syncleus.robocode.Dreadnaught 0.1	gun-gap8.6		1	true	35	5904.000	956.000	34	1700.000	50.000	3227.000	879.000	2	10557	0.172	0.855	9.809	35	0	0	0.676	0.217	12	260	1	261	260	2	12	0	0	0	4	0	293	T?/M?	live	0	0	0	650	173.991	400.000	151.629	266	0	235	2	4	250	4	0	0		0	0	0	0	0	0.201	0.554	0.660	0	0	1.000	0.000	0.000	0.000	636.000	18.000	340.000	10.000	301.629	0.8606	0.9714
hadur2.Hadur 3.10nf	com.syncleus.robocode.Dreadnaught 0.1	gun-gap8.6		2	true	35	6022.000	802.000	35	1750.000	0.000	3267.000	802.000	5	10386	0.160	0.839	18.954	35	0	0	0.720	0.192	14	253	1	253	253	5	12	0	0	0	2	0	282	T?/M?	live	0	0	0	650	183.554	400.000	146.743	248	0	225	2	7	236	2	0	0		0	0	0	0	0	0.514	0.714	0.913	0	0	1.000	0.000	0.000	0.000	653.000	0.000	350.000	0.000	296.743	0.8825	1.0000
hadur2.Hadur 3.10nf	com.syncleus.robocode.Dreadnaught 0.1	gun-gap8.6		3	true	35	5889.000	604.000	35	1750.000	0.000	3157.000	604.000	4	10447	0.172	1.056	18.161	35	0	0	0.690	0.161	13	251	1	251	251	6	10	0	0	0	8	0	287	T?/M?	live	0	0	0	650	181.651	400.000	148.486	273	0	228	2	17	242	8	0	0		0	0	0	0	0	0.514	0.730	0.913	0	0	0.000	0.000	0.000	0.000	631.000	0.000	350.000	0.000	298.486	0.9070	1.0000
hadur2.Hadur 3.10nf	davidalves.net.DuelistNano 1.0	gun-gap8.0		1	true	35	3544.000	672.000	32	1600.000	150.000	1363.000	453.000	8	20281	0.268	1.074	45.284	35	0	0	0.145	0.029	14	787	3	787	787	2	10	0	0	0	45	1006	1021	T?/M?	live	0	0	0	650	467.103	400.000	429.800	691	331	185	2	29	787	45	0	0		0	0	0	0	0	0.510	0.754	0.910	0	0	0.000	0.000	0.000	0.000	262.000	39.000	320.000	30.000	579.457	0.8406	0.9143
hadur2.Hadur 3.10nf	davidalves.net.DuelistNano 1.0	gun-gap8.0		2	true	35	3725.000	399.000	35	1750.000	0.000	1354.000	399.000	6	20571	0.299	1.104	38.546	35	0	0	0.139	0.029	13	801	0	801	801	9	7	0	0	0	48	0	1041	T?/M?	live	0	0	0	650	458.897	400.000	437.743	859	505	129	2	31	801	48	0	0		0	0	0	0	0	0.441	0.643	0.954	0	0	0.000	0.000	0.000	0.000	271.000	0.000	350.000	0.000	587.743	0.9032	1.0000
hadur2.Hadur 3.10nf	davidalves.net.DuelistNano 1.0	gun-gap8.0		3	true	35	3738.000	452.000	35	1750.000	0.000	1365.000	452.000	8	20778	0.342	1.105	20.818	35	0	0	0.138	0.031	11	804	2	804	804	9	10	0	0	0	48	0	1055	T?/M?	live	0	0	0	650	468.294	400.000	443.657	711	444	132	3	31	804	47	0	0		0	0	0	0	0	0.441	0.638	0.954	0	0	0.000	0.000	0.000	0.000	273.000	0.000	350.000	0.000	593.657	0.8921	1.0000
hadur2.Hadur 3.10nf	demetrix.nano.Neutrino 0.27	gun-gap12.6		1	true	35	3890.000	686.000	35	1750.000	0.000	1492.000	686.000	4	23336	0.337	0.999	19.034	35	0	0	0.140	0.056	20	1215	0	1215	1215	7	14	0	0	0	82	1045	1246	T?/M?	live	0	0	0	650	439.920	550.000	516.743	656	382	100	2	41	1215	82	0	0		0	0	0	0	0	0.511	0.728	0.919	0	0	0.000	0.000	0.000	0.000	298.000	0.000	350.000	0.000	666.743	0.8501	1.0000
hadur2.Hadur 3.10nf	demetrix.nano.Neutrino 0.27	gun-gap12.6		2	true	35	3634.000	825.000	34	1700.000	50.000	1330.000	757.000	6	24856	0.403	1.120	18.635	35	0	0	0.126	0.053	29	1312	1	1312	1312	12	14	0	0	0	104	0	1396	T?/M?	live	0	0	0	650	461.954	400.000	560.171	315	566	70	3	11	1312	104	0	0		0	0	0	0	0	0.309	0.638	0.929	0	0	0.000	0.000	0.000	0.000	264.000	8.000	340.000	10.000	710.171	0.8150	0.9714
hadur2.Hadur 3.10nf	demetrix.nano.Neutrino 0.27	gun-gap12.6		3	true	35	3495.000	840.000	34	1700.000	50.000	1219.000	772.000	9	25492	0.378	1.082	22.637	35	0	0	0.120	0.051	48	1364	3	1364	1364	8	17	0	0	0	142	1412	1452	T?/M?	live	0	0	0	650	442.386	650.000	578.343	356	441	37	3	127	1364	141	0	0		0	0	0	0	0	0.309	0.671	0.929	0	0	0.000	0.000	0.000	0.000	235.000	9.000	340.000	10.000	728.343	0.8062	0.9714
hadur2.Hadur 3.10nf	demetrix.nano.SledgeHammer 0.22	gun-gap8.1		1	true	35	6501.000	3434.000	33	1650.000	100.000	3088.000	2107.000	3	9901	0.169	0.873	11.302	35	0	0	0.774	0.549	832	244	5	244	244	3	67	0	0	0	8	0	249	T?/M?	live	0	0	0	650	144.826	650.000	133.657	127	12	223	2	8	221	8	0	0		0	0	0	0	0	0.586	0.700	0.946	0	0	649.000	1153.000	418.000	29.000	366.000	25.000	330.000	20.000	282.886	0.6544	0.9429
hadur2.Hadur 3.10nf	demetrix.nano.SledgeHammer 0.22	gun-gap8.1		2	true	35	6897.000	2964.000	34	1700.000	50.000	4027.000	2733.000	4	11051	0.221	0.809	14.552	35	0	0	0.745	0.548	103	325	0	325	325	4	19	0	0	0	13	0	325	T?/M?	live	0	0	0	650	140.357	650.000	166.143	254	8	301	2	10	321	13	0	0		0	0	0	0	0	0.626	0.734	0.889	0	0	35.000	144.000	31.000	0.000	764.000	27.000	340.000	10.000	315.743	0.6994	0.9714
hadur2.Hadur 3.10nf	demetrix.nano.SledgeHammer 0.22	gun-gap8.1		3	true	35	7035.000	3004.000	35	1750.000	0.000	3973.000	2793.000	1	11065	0.227	0.737	12.732	35	0	0	0.746	0.556	153	324	3	324	324	1	19	0	0	0	15	0	326	T?/M?	live	0	0	0	650	137.334	650.000	166.143	269	7	294	1	7	324	15	0	0	Unable to stop thread: hadur2.Hadur 3.10nf Unable to stop thread: hadur2.Hadur 3.10nf	0	0	0	0	0	0.626	0.805	0.897	0	0	136.000	211.000	53.000	0.000	773.000	0.000	350.000	0.000	316.143	0.7008	1.0000
hadur2.Hadur 3.10nf	dmh.robocode.robot.PinkPanther 1.1	gun-gap10.7		1	true	35	3164.000	1006.000	33	1650.000	100.000	996.000	859.000	15	25358	0.469	1.297	19.030	35	0	0	0.110	0.052	56	1259	24	1250	1250	19	10	0	0	0	116	1309	1501	T?/M?	live	0	0	0	650	610.923	575.000	574.514	1349	225	3	3	53	1250	115	0	0		138	0	0	0	0	0.307	0.692	0.965	0	0	0.000	0.000	0.000	0.000	188.000	27.000	330.000	20.000	724.514	0.7588	0.9429
hadur2.Hadur 3.10nf	dmh.robocode.robot.PinkPanther 1.1	gun-gap10.7		2	true	35	3002.000	1107.000	32	1600.000	150.000	907.000	891.000	14	25093	0.520	1.363	15.988	35	0	0	0.105	0.054	59	1227	29	1223	1221	22	13	0	0	0	106	1313	1487	T?/M?	live	0	0	0	650	612.420	650.000	566.971	1312	193	1	3	49	1223	106	0	0		57	0	0	0	0	0.479	0.683	0.831	0	0	0.000	0.000	0.000	0.000	175.000	36.000	320.000	30.000	716.943	0.7306	0.9143
hadur2.Hadur 3.10nf	dmh.robocode.robot.PinkPanther 1.1	gun-gap10.7		3	true	35	2630.000	1383.000	29	1450.000	300.000	761.000	949.000	21	27519	0.492	1.339	23.365	35	0	0	0.108	0.060	101	1431	50	1380	1379	19	20	0	0	0	112	1080	1732	T?/M?	live	0	0	0	650	613.534	625.000	636.286	1471	316	20	3	50	1380	112	0	0		547	0	0	0	0	0.479	0.719	0.892	0	0	0.000	1.000	0.000	0.000	129.000	72.000	290.000	60.000	786.257	0.6554	0.8286
hadur2.Hadur 3.10nf	ender.EnderRobot 1.1	gun-gap9.1		1	true	35	4520.000	545.000	35	1750.000	0.000	2017.000	545.000	7	18935	0.334	1.048	23.386	35	0	0	0.200	0.056	30	907	1	907	907	6	15	0	0	0	46	0	876	T?/M?	live	0	0	0	650	419.223	400.000	391.000	622	221	480	3	22	907	46	0	0		0	0	0	0	0	0.542	0.742	0.957	0	0	0.000	0.000	0.000	0.000	403.000	0.000	350.000	0.000	541.000	0.8924	1.0000
hadur2.Hadur 3.10nf	ender.EnderRobot 1.1	gun-gap9.1		2	true	35	4453.000	715.000	34	1700.000	50.000	2020.000	639.000	6	19132	0.359	1.142	20.054	35	0	0	0.187	0.062	9	924	2	924	924	6	8	0	0	0	43	0	893	T?/M?	live	0	0	0	650	428.277	400.000	396.629	605	166	420	3	17	924	43	0	0		0	0	0	0	0	0.505	0.663	0.887	0	0	0.000	0.000	0.000	0.000	393.000	16.000	340.000	10.000	546.629	0.8616	0.9714
hadur2.Hadur 3.10nf	ender.EnderRobot 1.1	gun-gap9.1		3	true	35	4529.000	714.000	34	1700.000	50.000	2076.000	640.000	7	18637	0.358	1.101	20.655	35	0	0	0.208	0.068	16	879	10	879	879	9	13	0	0	0	46	0	843	T?/M?	live	0	0	0	650	427.909	400.000	382.771	596	384	439	2	16	872	46	0	0		0	0	0	0	0	0.561	0.660	0.855	0	0	1.000	0.000	5.000	0.000	406.000	14.000	340.000	10.000	532.486	0.8638	0.9714
hadur2.Hadur 3.10nf	ers.nano.sunderer.Sunderer 1.23a	gun-gap9.2		1	true	35	6425.000	2194.000	34	1700.000	50.000	3620.000	1961.000	3	11337	0.224	0.928	20.854	35	0	0	0.673	0.418	111	352	1	352	352	2	28	0	0	0	28	0	349	T?/M?	live	0	0	0	650	171.563	650.000	173.914	326	40	251	2	10	348	28	0	0		0	0	0	0	0	0.701	0.755	0.846	0	0	53.000	154.000	0.000	0.000	712.000	20.000	340.000	10.000	323.914	0.7454	0.9714
hadur2.Hadur 3.10nf	ers.nano.sunderer.Sunderer 1.23a	gun-gap9.2		2	true	35	6616.000	2415.000	35	1750.000	0.000	3701.000	2243.000	7	11810	0.246	0.930	16.690	35	0	0	0.651	0.472	125	384	1	384	383	6	22	0	0	0	28	233	377	T?/M?	live	0	0	0	650	177.597	650.000	187.429	279	35	288	3	13	377	28	0	0		0	0	0	0	0	0.748	0.770	0.795	0	0	60.000	172.000	28.000	0.000	727.000	0.000	350.000	0.000	337.429	0.7326	1.0000
hadur2.Hadur 3.10nf	ers.nano.sunderer.Sunderer 1.23a	gun-gap9.2		3	true	35	6772.000	2643.000	35	1750.000	0.000	3764.000	2360.000	4	11399	0.217	0.894	16.519	35	0	0	0.729	0.532	200	357	1	357	356	1	30	0	0	0	23	346	354	T?/M?	live	0	0	0	650	153.380	650.000	175.686	234	9	249	2	6	347	23	0	0		0	0	0	0	0	0.626	0.742	0.804	0	0	116.000	283.000	84.000	0.000	708.000	0.000	350.000	0.000	325.686	0.7193	1.0000
hadur2.Hadur 3.10nf	fnc.bandit2002.Bandit2002 4.0.2	gun-gap3.2		1	true	35	4487.000	846.000	33	1650.000	100.000	2102.000	707.000	8	20207	0.315	1.056	20.654	35	0	0	0.186	0.080	8	856	4	856	856	6	18	0	0	0	46	0	951	T?/M?	live	0	0	0	650	385.054	500.000	427.343	458	162	445	3	25	856	46	0	0		0	0	0	0	0	0.603	0.755	0.857	0	0	0.000	0.000	0.000	0.000	405.000	19.000	330.000	20.000	577.343	0.8414	0.9429
hadur2.Hadur 3.10nf	fnc.bandit2002.Bandit2002 4.0.2	gun-gap3.2		2	true	35	4372.000	776.000	34	1700.000	50.000	1952.000	703.000	8	21628	0.303	1.028	36.738	35	0	0	0.177	0.067	14	946	1	946	946	8	15	0	0	0	66	0	1077	T?/M?	live	0	0	0	650	348.020	400.000	467.943	541	149	325	3	24	946	66	0	0		0	0	0	0	0	0.499	0.714	0.977	0	0	0.000	0.000	0.000	0.000	380.000	13.000	340.000	10.000	617.943	0.8493	0.9714
hadur2.Hadur 3.10nf	fnc.bandit2002.Bandit2002 4.0.2	gun-gap3.2		3	true	35	4251.000	839.000	33	1650.000	100.000	1901.000	697.000	4	21218	0.329	1.043	34.251	35	0	0	0.170	0.072	14	918	4	918	918	6	13	0	0	0	75	680	1039	T?/M?	live	0	0	0	650	360.714	625.000	456.286	543	188	326	2	21	918	75	0	0		0	0	0	0	0	0.499	0.716	0.977	0	0	0.000	0.000	0.000	0.000	370.000	22.000	330.000	20.000	606.229	0.8352	0.9429
hadur2.Hadur 3.10nf	hp.Athena 0.1	gun-gap13.0		1	true	35	3646.000	684.000	33	1650.000	100.000	1399.000	544.000	6	20732	0.297	1.040	29.678	35	0	0	0.146	0.038	31	791	4	791	791	7	7	0	0	0	72	172	1048	T?/M?	live	0	0	0	650	409.426	400.000	442.629	855	325	189	2	37	791	72	0	0		0	0	0	0	0	0.314	0.665	0.954	0	0	0.000	0.000	0.000	0.000	267.000	19.000	330.000	20.000	592.343	0.8420	0.9429
hadur2.Hadur 3.10nf	hp.Athena 0.1	gun-gap13.0		2	true	35	3310.000	1087.000	31	1550.000	200.000	1220.000	808.000	7	23129	0.328	1.052	21.326	35	0	0	0.128	0.054	34	909	2	909	909	9	15	0	0	0	83	1025	1255	T?/M?	live	0	0	0	650	454.517	500.000	511.171	613	657	143	2	21	909	83	0	0		0	0	0	0	0	0.484	0.717	0.936	0	0	0.000	0.000	0.000	0.000	230.000	39.000	310.000	40.000	660.829	0.7528	0.8857
hadur2.Hadur 3.10nf	hp.Athena 0.1	gun-gap13.0		3	true	35	3785.000	823.000	33	1650.000	100.000	1507.000	679.000	11	20135	0.274	0.992	17.030	35	0	0	0.172	0.054	30	770	0	770	770	16	9	0	0	0	73	0	980	T?/M?	live	0	0	0	650	392.806	400.000	425.686	646	198	255	2	254	763	73	0	0		0	0	0	0	0	0.521	0.742	0.919	0	0	0.000	0.000	0.000	0.000	298.000	24.000	330.000	20.000	575.286	0.8214	0.9429
hadur2.Hadur 3.10nf	janm.Jammy 1.0	gun-gap10.0		1	true	35	3657.000	1116.000	32	1600.000	150.000	1454.000	901.000	5	19770	0.308	1.158	23.430	35	0	0	0.161	0.063	48	830	4	830	829	5	17	0	0	0	42	0	980	T?/M?	live	0	0	0	650	567.483	650.000	414.857	505	423	238	2	26	830	42	0	0		0	0	0	0	0	0.529	0.724	0.892	0	0	0.000	0.000	0.000	0.000	282.000	34.000	320.000	30.000	564.857	0.7662	0.9143
hadur2.Hadur 3.10nf	janm.Jammy 1.0	gun-gap10.0		2	true	35	3998.000	654.000	35	1750.000	0.000	1582.000	654.000	7	18384	0.241	1.007	16.505	35	0	0	0.174	0.052	22	754	3	754	754	13	14	0	0	0	36	0	862	T?/M?	live	0	0	0	650	528.123	400.000	375.257	546	311	267	2	19	754	36	0	0		0	0	0	0	0	0.503	0.656	0.890	0	0	0.000	0.000	0.000	0.000	316.000	0.000	350.000	0.000	525.257	0.8594	1.0000
hadur2.Hadur 3.10nf	janm.Jammy 1.0	gun-gap10.0		3	true	35	3841.000	813.000	33	1650.000	100.000	1560.000	669.000	3	18228	0.246	0.939	18.705	35	0	0	0.171	0.054	24	740	3	740	739	4	9	0	0	0	45	0	847	T?/M?	live	0	0	0	650	500.460	400.000	370.800	840	434	282	2	19	740	45	0	0		0	0	0	0	0	0.503	0.668	0.890	0	0	0.000	0.000	0.000	0.000	301.000	24.000	330.000	20.000	520.800	0.8253	0.9429
hadur2.Hadur 3.10nf	kneels.ToNoone 0.2	gun-gap5.4		1	true	35	4565.000	373.000	35	1750.000	0.000	2054.000	372.000	5	15243	0.274	0.964	14.930	35	0	0	0.274	0.049	55	511	2	511	511	4	12	0	0	0	18	0	600	T?/M?	live	0	0	0	650	443.234	400.000	285.514	418	280	414	2	287	510	18	0	0		0	0	0	0	0	0.552	0.734	0.885	0	0	0.000	1.000	0.000	0.000	411.000	0.000	350.000	0.000	435.514	0.9245	1.0000
hadur2.Hadur 3.10nf	kneels.ToNoone 0.2	gun-gap5.4		2	true	35	4624.000	208.000	35	1750.000	0.000	2048.000	190.000	7	14386	0.262	0.968	19.871	35	0	0	0.283	0.027	81	471	2	471	471	7	15	0	0	0	20	0	537	T?/M?	live	0	0	0	650	427.317	400.000	261.029	355	163	410	2	12	467	20	0	0		0	0	0	0	0	0.287	0.663	0.910	0	0	52.000	18.000	28.000	0.000	396.000	0.000	350.000	0.000	411.029	0.9570	1.0000
hadur2.Hadur 3.10nf	kneels.ToNoone 0.2	gun-gap5.4		3	true	35	4560.000	501.000	34	1700.000	50.000	2057.000	422.000	4	15101	0.294	0.919	34.907	35	0	0	0.252	0.057	81	506	2	506	506	5	16	0	0	0	16	0	584	T?/M?	live	0	0	0	650	468.040	400.000	281.457	469	212	438	2	9	505	16	0	0		0	0	0	0	0	0.601	0.741	0.926	0	0	41.000	12.000	31.000	0.000	391.000	6.000	340.000	10.000	431.457	0.9010	0.9714
hadur2.Hadur 3.10nf	lorneswork.Predator 1.0	gun-gap9.9		1	true	35	5480.000	562.000	34	1700.000	50.000	2884.000	479.000	3	13026	0.193	0.838	12.281	35	0	0	0.429	0.085	13	457	1	457	457	4	20	0	0	0	31	0	441	T?/M?	live	0	0	0	650	224.809	400.000	222.171	283	0	350	2	11	455	31	0	0		0	0	0	0	0	0.617	0.749	0.944	0	0	0.000	1.000	0.000	0.000	556.000	21.000	340.000	10.000	372.171	0.9070	0.9714
hadur2.Hadur 3.10nf	lorneswork.Predator 1.0	gun-gap9.9		2	true	35	5127.000	679.000	32	1600.000	150.000	2696.000	451.000	3	13203	0.174	0.824	13.194	35	0	0	0.420	0.077	7	457	0	437	437	1	16	0	0	0	24	0	447	T?/M?	live	0	0	0	650	217.771	400.000	227.229	194	0	334	3	6	430	23	0	0		298	0	0	0	0	0.556	0.730	0.910	0	0	0.000	1.000	0.000	0.000	511.000	47.000	320.000	30.000	377.229	0.8831	0.9143
hadur2.Hadur 3.10nf	lorneswork.Predator 1.0	gun-gap9.9		3	true	35	5430.000	585.000	34	1700.000	50.000	2832.000	511.000	2	13527	0.205	0.766	19.428	35	0	0	0.402	0.088	15	485	1	485	485	1	17	0	0	0	17	93	470	T?/M?	live	0	0	0	650	229.906	400.000	236.486	425	0	377	2	2	485	17	0	0		0	0	0	0	0	0.571	0.716	0.970	0	0	1.000	0.000	0.000	0.000	556.000	15.000	340.000	10.000	386.486	0.9027	0.9714
hadur2.Hadur 3.10nf	lxx.ConceptA 0.8	gun-gap4.6		1	true	35	3574.000	307.000	35	1750.000	0.000	1229.000	307.000	6	19468	0.297	1.141	19.062	35	0	0	0.132	0.021	4	823	1	823	823	7	9	0	0	0	64	0	964	T?/M?	live	0	0	0	650	447.357	400.000	406.229	1018	406	79	2	26	823	64	0	0		0	0	0	0	0	0.537	0.711	0.921	0	0	0.000	0.000	0.000	0.000	246.000	0.000	350.000	0.000	556.229	0.9209	1.0000
hadur2.Hadur 3.10nf	lxx.ConceptA 0.8	gun-gap4.6		2	true	35	3335.000	392.000	35	1750.000	0.000	1030.000	392.000	2	20926	0.355	1.092	21.758	35	0	0	0.107	0.026	6	909	1	909	909	2	7	0	0	0	83	278	1075	T?/M?	live	0	0	0	650	498.971	650.000	447.886	895	605	43	2	29	909	83	0	0		0	0	0	0	0	0.576	0.729	0.947	0	0	0.000	0.000	0.000	0.000	206.000	0.000	350.000	0.000	597.886	0.8948	1.0000
hadur2.Hadur 3.10nf	lxx.ConceptA 0.8	gun-gap4.6		3	true	35	3495.000	606.000	35	1750.000	0.000	1163.000	606.000	8	20843	0.405	1.245	18.712	35	0	0	0.119	0.038	11	902	2	903	902	6	10	0	0	0	65	924	1069	T?/M?	live	0	0	0	650	500.389	400.000	445.514	950	550	61	3	27	903	65	0	0		0	0	0	0	0	0.576	0.726	0.947	0	0	0.000	0.000	0.000	0.000	233.000	0.000	350.000	0.000	595.514	0.8522	1.0000
hadur2.Hadur 3.10nf	mn.nano.perceptual.Impact 1.3.0	gun-gap8.3		1	true	35	6944.000	3054.000	33	1650.000	100.000	4069.000	2686.000	3	11159	0.245	0.855	12.381	35	0	0	0.738	0.616	142	345	0	345	345	2	35	0	0	0	18	0	329	T?/M?	live	0	0	0	650	157.671	650.000	168.829	297	22	298	1	5	328	18	0	0		0	0	0	0	0	0.615	0.710	0.840	0	0	103.000	202.000	27.000	0.000	765.000	46.000	330.000	20.000	318.829	0.6945	0.9429
hadur2.Hadur 3.10nf	mn.nano.perceptual.Impact 1.3.0	gun-gap8.3		2	true	35	7027.000	3681.000	32	1600.000	150.000	4256.000	3149.000	6	11454	0.226	0.776	14.067	35	0	0	0.735	0.674	189	360	0	360	360	5	29	0	0	0	20	0	353	T?/M?	live	0	0	0	650	142.680	650.000	178.086	218	16	311	3	9	342	20	0	0	Unable to stop thread: hadur2.Hadur 3.10nf	0	0	0	0	0	0.443	0.739	0.923	0	0	61.000	270.000	28.000	0.000	762.000	82.000	320.000	30.000	327.257	0.6562	0.9143
hadur2.Hadur 3.10nf	mn.nano.perceptual.Impact 1.3.0	gun-gap8.3		3	true	35	6952.000	3390.000	32	1600.000	150.000	4139.000	2944.000	3	11273	0.244	0.866	12.855	35	0	0	0.749	0.646	138	348	4	348	348	1	27	0	0	0	17	0	338	T?/M?	live	0	0	0	650	154.109	650.000	172.629	293	10	304	1	3	338	17	0	0	Unable to stop thread: hadur2.Hadur 3.10nf	0	0	0	0	0	0.475	0.681	0.893	0	0	108.000	187.000	28.000	28.000	757.000	51.000	320.000	30.000	322.086	0.6722	0.9143
hadur2.Hadur 3.10nf	mz.NanoDeath 2.56	gun-gap11.9		1	true	35	6277.000	2566.000	32	1600.000	150.000	3617.000	2205.000	2	10697	0.232	0.892	18.001	34	0	0	0.715	0.448	94	293	1	293	293	3	18	0	0	0	6	0	300	T?/M?	live	0	0	0	650	174.853	650.000	162.941	331	28	264	2	5	288	6	0	0	Unable to stop thread: hadur2.Hadur 3.10nf	0	1	0	1	0	0.541	0.721	0.884	0	0	62.000	125.000	0.000	0.000	678.000	56.000	320.000	30.000	305.629	0.7098	0.9143
hadur2.Hadur 3.10nf	mz.NanoDeath 2.56	gun-gap11.9		2	true	35	6621.000	3193.000	32	1600.000	150.000	3837.000	2665.000	4	10824	0.232	0.795	13.771	35	0	0	0.737	0.530	183	307	0	306	306	3	23	0	0	0	9	0	309	T?/M?	live	0	0	0	650	153.897	650.000	159.257	259	12	278	2	10	303	9	0	0		0	0	0	0	0	0.212	0.617	0.908	0	0	136.000	259.000	26.000	61.000	702.000	27.000	320.000	30.000	309.257	0.6746	0.9143
hadur2.Hadur 3.10nf	mz.NanoDeath 2.56	gun-gap11.9		3	true	35	6744.000	2811.000	34	1700.000	50.000	3838.000	2544.000	5	10913	0.239	0.803	16.044	35	0	0	0.725	0.507	137	311	1	311	311	4	17	0	0	0	7	0	316	T?/M?	live	0	0	0	650	162.391	650.000	161.800	474	25	280	2	7	308	7	0	0		0	0	0	0	0	0.212	0.610	0.908	0	0	107.000	179.000	0.000	28.000	760.000	0.000	340.000	10.000	311.800	0.7058	0.9714
hadur2.Hadur 3.10nf	nan.Ihivatar_Mk_1 1.0	gun-gap7.7		1	true	35	3426.000	342.000	34	1700.000	50.000	1157.000	273.000	4	19542	0.281	1.084	13.313	35	0	0	0.122	0.018	8	832	1	832	832	5	11	0	0	0	85	710	955	T?/M?	live	0	0	0	650	396.649	400.000	408.371	826	323	104	2	22	832	85	0	0		0	0	0	0	0	0.347	0.626	0.794	0	0	0.000	0.000	0.000	0.000	229.000	9.000	340.000	10.000	558.343	0.9092	0.9714
hadur2.Hadur 3.10nf	nan.Ihivatar_Mk_1 1.0	gun-gap7.7		2	true	35	3478.000	273.000	35	1750.000	0.000	1148.000	273.000	5	19767	0.268	1.048	16.691	35	0	0	0.129	0.019	7	845	1	845	845	5	9	0	0	0	53	0	976	T?/M?	live	0	0	0	650	412.426	400.000	414.771	934	364	86	2	18	845	53	0	0		0	0	0	0	0	0.619	0.749	0.909	0	0	0.000	0.000	0.000	0.000	230.000	0.000	350.000	0.000	564.771	0.9272	1.0000
hadur2.Hadur 3.10nf	nan.Ihivatar_Mk_1 1.0	gun-gap7.7		3	true	35	3590.000	275.000	35	1750.000	0.000	1242.000	275.000	6	19239	0.266	0.981	18.313	35	0	0	0.135	0.023	3	812	2	812	812	5	9	0	0	0	80	795	934	T?/M?	live	0	0	0	650	419.817	400.000	399.686	1101	437	88	2	33	812	80	0	0		0	0	0	0	0	0.490	0.762	0.919	0	0	0.000	0.000	0.000	0.000	248.000	0.000	350.000	0.000	549.686	0.9288	1.0000
hadur2.Hadur 3.10nf	sL300.Mozart life	gun-gap7.7		1	true	35	3644.000	1107.000	32	1600.000	150.000	1450.000	896.000	18	38441	0.486	1.297	40.089	35	0	0	0.114	0.076	134	1995	2	1984	1981	17	19	0	0	0	166	2035	2380	T?/M?	live	0	0	0	650	636.500	650.000	948.314	379	23	50	3	74	1971	166	0	0		182	0	0	0	0	0.519	0.670	0.959	0	0	0.000	0.000	0.000	0.000	275.000	31.000	320.000	30.000	1098.314	0.7670	0.9143
hadur2.Hadur 3.10nf	sL300.Mozart life	gun-gap7.7		2	true	35	3668.000	850.000	34	1700.000	50.000	1361.000	779.000	12	37437	0.519	1.331	25.371	35	0	0	0.115	0.065	126	1985	1	1985	1984	11	13	0	0	0	195	1940	2254	T?/M?	live	0	0	0	650	612.874	650.000	919.657	430	37	13	3	60	1971	194	0	0		0	0	0	0	0	0.303	0.624	0.824	0	0	0.000	1.000	0.000	0.000	268.000	9.000	340.000	10.000	1069.629	0.8119	0.9714
hadur2.Hadur 3.10nf	sL300.Mozart life	gun-gap7.7		3	true	35	3531.000	1247.000	32	1550.000	150.000	1407.000	1046.000	18	40396	0.500	1.421	41.135	35	0	0	0.113	0.085	126	2105	0	2115	2104	17	18	0	0	0	156	2337	2389	T?/M?	live	0	0	0	650	628.883	650.000	1004.200	292	80	29	3	81	2078	156	0	0		0	0	0	0	0	0.303	0.650	0.824	0	0	0.000	0.000	0.000	0.000	264.000	21.000	310.000	30.000	1154.171	0.7390	0.9118
hadur2.Hadur 3.10nf	serenity.nonSense 1.39	gun-gap3.9		1	true	35	4135.000	642.000	35	1750.000	0.000	1696.000	642.000	13	24004	0.423	1.188	28.441	35	0	0	0.146	0.065	31	1269	2	1254	1254	9	17	0	0	0	109	1182	1300	T?/M?	live	0	0	0	650	531.651	650.000	535.829	832	85	145	3	41	1254	109	0	0		210	0	0	0	0	0.547	0.698	0.903	0	0	0.000	0.000	0.000	0.000	339.000	0.000	350.000	0.000	685.829	0.8656	1.0000
hadur2.Hadur 3.10nf	serenity.nonSense 1.39	gun-gap3.9		2	true	35	3752.000	827.000	33	1650.000	100.000	1483.000	685.000	13	25394	0.473	1.318	58.041	35	0	0	0.144	0.059	48	1351	1	1352	1351	11	26	0	0	0	138	597	1435	T?/M?	live	0	0	0	650	528.120	575.000	575.629	507	146	178	3	43	1352	138	0	0		0	0	0	0	0	0.430	0.667	0.879	0	0	0.000	0.000	0.000	0.000	289.000	22.000	330.000	20.000	725.543	0.8194	0.9429
hadur2.Hadur 3.10nf	serenity.nonSense 1.39	gun-gap3.9		3	true	35	4078.000	600.000	34	1700.000	50.000	1704.000	530.000	11	23165	0.432	1.158	36.218	35	0	0	0.146	0.055	20	1224	1	1224	1224	11	15	0	0	0	113	445	1240	T?/M?	live	0	0	0	650	536.469	650.000	511.857	1029	86	142	2	39	1224	113	0	0		0	0	0	0	0	0.430	0.666	0.879	0	0	0.000	0.000	0.000	0.000	334.000	10.000	340.000	10.000	661.857	0.8717	0.9714
hadur2.Hadur 3.10nf	slugzilla.RandomGF 1.0	gun-gap6.8		1	true	35	3638.000	724.000	35	1750.000	0.000	1282.000	724.000	10	25372	0.396	1.127	22.427	35	0	0	0.109	0.053	8	1340	0	1339	1339	12	12	0	0	0	140	934	1429	T?/M?	live	0	0	0	650	535.357	650.000	574.914	641	738	18	3	34	1339	139	0	0		0	0	0	0	0	0.345	0.588	0.838	0	0	0.000	0.000	0.000	0.000	256.000	0.000	350.000	0.000	724.914	0.8340	1.0000
hadur2.Hadur 3.10nf	slugzilla.RandomGF 1.0	gun-gap6.8		2	true	35	3289.000	878.000	34	1700.000	50.000	1044.000	806.000	3	27399	0.409	1.139	28.866	35	0	0	0.107	0.053	53	1480	3	1480	1480	4	17	0	0	0	147	1250	1632	T?/M?	live	0	0	0	650	549.903	650.000	632.829	417	835	0	2	35	1480	147	0	0		0	0	0	0	0	0.405	0.673	0.917	0	0	0.000	0.000	0.000	0.000	205.000	11.000	340.000	10.000	782.829	0.7893	0.9714
hadur2.Hadur 3.10nf	slugzilla.RandomGF 1.0	gun-gap6.8		3	true	35	3371.000	743.000	34	1700.000	50.000	1114.000	672.000	16	26249	0.369	1.086	27.859	35	0	0	0.106	0.045	39	1401	2	1401	1400	17	21	0	0	0	129	1204	1523	T?/M?	live	0	0	0	650	547.571	650.000	599.971	810	715	0	3	833	1401	129	0	0		0	0	0	0	0	0.447	0.648	0.765	0	0	0.000	0.000	0.000	0.000	217.000	10.000	340.000	10.000	749.971	0.8194	0.9714
hadur2.Hadur 3.10nf	stelo.Lifestealer 1.0	gun-gap8.3		1	true	35	6054.000	1471.000	35	1750.000	0.000	3197.000	1424.000	4	11468	0.247	0.898	16.857	35	0	0	0.587	0.274	104	319	4	320	319	4	20	0	0	0	7	0	343	T?/M?	live	0	0	0	650	244.206	650.000	177.657	340	0	296	2	6	314	7	0	0		0	0	0	0	0	0.475	0.715	0.956	0	0	88.000	47.000	64.000	0.000	606.000	0.000	350.000	0.000	327.657	0.8045	1.0000
hadur2.Hadur 3.10nf	stelo.Lifestealer 1.0	gun-gap8.3		2	true	35	6008.000	1486.000	35	1750.000	0.000	3220.000	1458.000	2	11421	0.269	0.878	13.612	35	0	0	0.576	0.279	70	323	0	323	323	2	18	0	0	0	13	0	343	T?/M?	live	0	0	0	650	238.769	650.000	176.314	524	0	290	2	5	317	13	0	0		0	0	0	0	0	0.478	0.643	0.767	0	0	30.000	28.000	34.000	0.000	624.000	0.000	350.000	0.000	326.314	0.8017	1.0000
hadur2.Hadur 3.10nf	stelo.Lifestealer 1.0	gun-gap8.3		3	true	35	6037.000	1434.000	35	1750.000	0.000	3224.000	1360.000	0	11097	0.266	0.890	12.122	35	0	0	0.617	0.282	108	294	2	294	294	0	25	0	0	0	10	0	318	T?/M?	live	0	0	0	650	228.797	650.000	167.057	324	11	272	1	11	284	10	0	0		0	0	0	0	0	0.642	0.758	0.898	0	0	54.000	74.000	29.000	0.000	631.000	0.000	350.000	0.000	317.057	0.8081	1.0000
hadur2.Hadur 3.10nf	stranger.nano.TestBot 1.0	gun-gap6.7		1	true	35	5044.000	296.000	35	1750.000	0.000	2411.000	258.000	3	12602	0.180	0.872	20.597	35	0	0	0.391	0.056	121	451	2	451	450	3	20	0	0	0	40	0	426	T?/M?	live	0	0	0	650	344.166	400.000	210.057	382	169	306	2	5	448	40	0	0		0	0	0	0	0	0.631	0.757	0.944	0	0	37.000	38.000	29.000	0.000	467.000	0.000	350.000	0.000	360.057	0.9446	1.0000
hadur2.Hadur 3.10nf	stranger.nano.TestBot 1.0	gun-gap6.7		2	true	35	4971.000	675.000	34	1700.000	50.000	2408.000	541.000	3	12855	0.192	0.898	13.603	35	0	0	0.409	0.112	166	472	2	473	472	3	19	0	0	0	34	0	438	T?/M?	live	0	0	0	650	344.977	400.000	217.286	301	92	332	3	15	469	34	0	0		0	0	0	0	0	0.470	0.678	0.852	0	0	46.000	53.000	29.000	0.000	448.000	21.000	340.000	10.000	367.286	0.8804	0.9714
hadur2.Hadur 3.10nf	stranger.nano.TestBot 1.0	gun-gap6.7		3	true	35	4731.000	710.000	34	1700.000	50.000	2247.000	628.000	5	14516	0.286	0.995	33.984	35	0	0	0.280	0.109	119	584	2	584	583	3	21	0	0	0	57	277	551	T?/M?	live	0	0	0	650	433.320	400.000	264.743	595	311	400	3	5	584	56	0	0		0	0	0	0	0	0.530	0.685	0.852	0	0	5.000	1.000	0.000	0.000	440.000	20.000	340.000	10.000	414.743	0.8695	0.9714
hadur2.Hadur 3.10nf	strider.Festis 1.2.1	gun-gap2.3		1	true	35	3837.000	436.000	35	1750.000	0.000	1448.000	436.000	10	17399	0.290	0.969	19.039	35	0	0	0.181	0.040	88	690	4	692	690	7	14	0	0	0	82	772	784	T?/M?	live	0	0	0	650	390.171	400.000	347.114	583	246	225	3	12	692	82	0	0		0	0	0	0	0	0.572	0.699	0.951	0	0	0.000	0.000	0.000	0.000	290.000	0.000	350.000	0.000	497.114	0.8980	1.0000
hadur2.Hadur 3.10nf	strider.Festis 1.2.1	gun-gap2.3		2	true	35	3644.000	358.000	34	1700.000	50.000	1340.000	287.000	2	17344	0.280	0.906	24.957	35	0	0	0.165	0.022	89	696	1	696	695	3	18	0	0	0	70	336	778	T?/M?	live	0	0	0	650	410.263	400.000	345.543	639	235	248	2	15	696	70	0	0		0	0	0	0	0	0.383	0.649	0.931	0	0	0.000	0.000	0.000	0.000	264.000	11.000	340.000	10.000	495.543	0.9105	0.9714
hadur2.Hadur 3.10nf	strider.Festis 1.2.1	gun-gap2.3		3	true	35	3728.000	332.000	35	1750.000	0.000	1357.000	332.000	6	17637	0.261	0.933	27.274	35	0	0	0.175	0.025	92	711	0	711	709	6	28	0	0	0	70	785	802	T?/M?	live	0	0	0	650	414.694	400.000	353.914	748	338	234	3	15	711	70	0	0		0	0	0	0	0	0.383	0.654	0.931	0	0	0.000	0.000	0.000	0.000	271.000	0.000	350.000	0.000	503.914	0.9182	1.0000
hadur2.Hadur 3.10nf	vjik.UnViolation 1.1	gun-gap3.9		1	true	35	5895.000	477.000	35	1750.000	0.000	3158.000	474.000	5	13930	0.240	1.069	18.348	35	0	0	0.426	0.139	13	556	4	556	556	5	18	0	0	0	57	487	503	T?/M?	live	0	0	0	650	345.823	400.000	248.000	233	0	409	3	13	552	57	0	0		0	0	0	0	0	0.686	0.847	0.951	0	0	5.000	4.000	0.000	0.000	632.000	0.000	350.000	0.000	398.000	0.9251	1.0000
hadur2.Hadur 3.10nf	vjik.UnViolation 1.1	gun-gap3.9		2	true	35	5920.000	376.000	35	1750.000	0.000	3182.000	376.000	5	12744	0.223	0.989	32.201	35	0	0	0.481	0.113	7	480	2	480	480	5	16	0	0	0	45	405	426	T?/M?	live	0	0	0	650	329.083	400.000	214.114	333	0	327	2	15	478	45	0	0		0	0	0	0	0	0.584	0.683	0.865	0	0	1.000	0.000	0.000	0.000	637.000	0.000	350.000	0.000	364.114	0.9403	1.0000
hadur2.Hadur 3.10nf	vjik.UnViolation 1.1	gun-gap3.9		3	true	35	5911.000	410.000	35	1750.000	0.000	3174.000	406.000	5	13228	0.251	1.090	14.472	35	0	0	0.447	0.131	12	510	0	511	510	5	24	0	0	0	59	0	458	T?/M?	live	0	0	0	650	336.343	400.000	227.943	225	0	371	2	12	509	58	0	0		0	0	0	0	0	0.584	0.710	0.889	0	0	2.000	4.000	0.000	0.000	635.000	0.000	350.000	0.000	377.943	0.9351	1.0000
hadur2.Hadur 3.10nf	wiki.WaveRammer 1.0	gun-gap7.3		1	true	35	5423.000	2436.000	29	1450.000	300.000	2727.000	1539.000	3	13803	0.228	1.082	18.126	35	0	0	0.407	0.282	322	546	5	546	546	4	40	0	0	0	33	326	491	T?/M?	live	0	0	0	650	247.794	650.000	244.429	172	11	412	2	10	519	33	0	0		0	0	0	0	0	0.490	0.723	0.919	0	0	406.000	413.000	162.000	62.000	389.000	62.000	290.000	60.000	394.371	0.6900	0.8286
hadur2.Hadur 3.10nf	wiki.WaveRammer 1.0	gun-gap7.3		2	true	35	5368.000	2266.000	30	1500.000	250.000	2736.000	1554.000	5	14352	0.241	1.115	19.760	35	0	0	0.390	0.265	240	586	2	586	586	7	36	0	0	0	36	0	527	T?/M?	live	0	0	0	650	245.486	650.000	260.600	114	1	434	2	19	567	36	0	0		0	0	0	0	0	0.525	0.711	0.926	0	0	282.000	301.000	162.000	32.000	388.000	79.000	300.000	50.000	410.057	0.7032	0.8571
hadur2.Hadur 3.10nf	wiki.WaveRammer 1.0	gun-gap7.3		3	true	35	5616.000	1799.000	33	1650.000	100.000	2835.000	1471.000	7	15110	0.244	1.074	22.061	35	0	0	0.344	0.248	150	645	3	631	631	208	23	0	0	0	39	162	580	T?/M?	live	0	0	0	650	255.837	650.000	281.714	292	7	474	3	14	624	37	0	0		0	0	0	0	0	0.525	0.710	0.977	0	0	174.000	176.000	170.000	15.000	457.000	16.000	330.000	20.000	431.714	0.7574	0.9429
hadur2.Hadur 3.10nf	xander.cat.Mikey 1.2	gun-gap6.7		1	true	35	4680.000	773.000	34	1700.000	50.000	2204.000	704.000	7	20284	0.449	1.349	21.314	35	0	0	0.217	0.083	81	946	2	946	946	8	16	0	0	0	66	0	969	T?/M?	live	0	0	0	650	448.154	400.000	429.543	420	63	551	2	17	946	66	0	0		0	0	0	0	0	0.365	0.641	0.843	0	0	0.000	0.000	0.000	0.000	437.000	9.000	340.000	10.000	579.543	0.8582	0.9714
hadur2.Hadur 3.10nf	xander.cat.Mikey 1.2	gun-gap6.7		2	true	35	4782.000	741.000	35	1750.000	0.000	2235.000	741.000	4	20209	0.449	1.346	19.134	35	0	0	0.202	0.087	72	948	2	948	946	5	28	0	0	0	92	854	956	T?/M?	live	0	0	0	650	428.069	400.000	427.400	495	0	533	3	19	948	92	0	0		0	0	0	0	0	0.512	0.717	0.928	0	0	0.000	0.000	0.000	0.000	447.000	0.000	350.000	0.000	577.400	0.8658	1.0000
hadur2.Hadur 3.10nf	xander.cat.Mikey 1.2	gun-gap6.7		3	true	35	4594.000	883.000	33	1650.000	100.000	2183.000	741.000	8	19981	0.424	1.301	16.010	35	0	0	0.206	0.088	70	928	4	928	926	6	19	0	0	0	78	845	947	T?/M?	live	0	0	0	650	441.169	400.000	420.914	509	0	536	3	27	928	76	0	0		0	0	0	0	0	0.540	0.711	0.944	0	0	0.000	0.000	0.000	0.000	431.000	22.000	330.000	20.000	570.886	0.8388	0.9429
hadur2.Hadur 3.10	Noran.BitchingElk 0.054	gun-gap7.2		1	true	35	5023.000	528.000	31	1550.000	200.000	2667.000	267.000	22	43019	0.484	1.337	29.409	35	0	0	0.162	0.069	231	3192	43	3170	3169	19	38	0	0	0	266	2614	2796	T?/M?	live	0	0	0	650	484.297	400.000	1079.114	341	95	684	3	18	3170	266	0	0		256	0	0	0	0	0.509	0.661	0.931	0	0	1.000	4.000	0.000	15.000	495.000	2.000	310.000	40.000	1229.114	0.9049	0.8857
hadur2.Hadur 3.10	Noran.BitchingElk 0.054	gun-gap7.2		2	true	35	4914.000	577.000	29	1450.000	300.000	2696.000	192.000	16	44489	0.437	1.252	18.236	35	0	0	0.180	0.065	323	3331	53	3323	3322	17	42	0	0	0	278	2502	2878	T?/M?	live	0	0	0	650	485.326	400.000	1121.143	221	148	840	2	56	3323	278	0	0		0	0	0	0	0	0.522	0.696	0.962	0	0	0.000	5.000	0.000	16.000	477.000	4.000	290.000	60.000	1271.114	0.8949	0.8286
hadur2.Hadur 3.10	Noran.BitchingElk 0.054	gun-gap7.2		3	true	35	4088.000	937.000	23	1150.000	600.000	2346.000	187.000	21	50777	0.468	1.320	32.621	35	0	0	0.191	0.055	493	3870	121	3869	3867	45	30	0	0	0	302	3466	3481	T?/M?	live	0	0	0	650	483.600	400.000	1300.857	232	115	952	3	75	3869	302	0	0		0	0	0	0	0	0.340	0.643	0.955	0	0	1.000	4.000	0.000	8.000	360.000	19.000	230.000	120.000	1450.771	0.8135	0.6571
hadur2.Hadur 3.10	agd.Mooserwirt2 2.7	gun-gap3.9		1	true	35	4482.000	285.000	34	1700.000	50.000	2036.000	211.000	12	20554	0.468	1.553	47.707	35	0	0	0.187	0.040	11	824	1	827	824	8	11	0	0	0	65	0	1005	T?/M?	live	0	0	0	650	444.694	400.000	437.257	554	50	310	3	52	825	65	0	0		0	0	0	0	0	0.467	0.716	0.922	0	0	0.000	0.000	0.000	0.000	406.000	14.000	340.000	10.000	587.257	0.9402	0.9714
hadur2.Hadur 3.10	agd.Mooserwirt2 2.7	gun-gap3.9		2	true	35	4696.000	167.000	35	1750.000	0.000	2163.000	167.000	10	19922	0.361	1.343	61.193	35	0	0	0.206	0.021	22	779	2	804	763	8	12	0	0	0	57	0	970	T?/M?	live	0	0	0	650	414.871	400.000	419.200	400	0	418	3	34	804	57	0	0		298	0	0	0	0	0.467	0.714	0.922	0	0	0.000	0.000	0.000	0.000	433.000	0.000	350.000	0.000	569.200	0.9657	1.0000
hadur2.Hadur 3.10	agd.Mooserwirt2 2.7	gun-gap3.9		3	true	35	4499.000	321.000	34	1700.000	50.000	2044.000	246.000	9	19995	0.391	1.506	49.195	35	0	0	0.177	0.039	11	805	1	806	804	10	6	0	0	0	43	0	960	T?/M?	live	0	0	0	650	441.434	400.000	421.571	584	0	319	3	37	805	43	0	0		0	0	0	0	0	0.496	0.794	0.951	0	0	8.000	1.000	0.000	0.000	406.000	14.000	340.000	10.000	571.286	0.9334	0.9714
hadur2.Hadur 3.10	alpha.BlackIce 1.0	gun-gap6.1		1	true	35	4000.000	1350.000	30	1500.000	250.000	1857.000	991.000	9	20705	0.390	1.300	24.318	35	0	0	0.172	0.097	20	981	58	959	959	7	15	0	0	0	54	0	1031	T?/M?	live	0	0	0	650	376.069	650.000	441.571	875	0	282	3	15	956	54	0	0		298	0	0	0	0	0.398	0.657	0.885	0	0	0.000	0.000	0.000	0.000	344.000	59.000	300.000	50.000	591.571	0.7477	0.8571
hadur2.Hadur 3.10	alpha.BlackIce 1.0	gun-gap6.1		2	true	35	3845.000	1237.000	31	1550.000	200.000	1674.000	948.000	16	22311	0.434	1.249	35.666	35	0	0	0.156	0.078	25	1090	44	1089	1089	10	15	0	0	0	67	0	1160	T?/M?	live	0	0	0	650	387.254	650.000	487.629	768	0	247	2	46	1089	67	0	0		0	0	0	0	0	0.398	0.672	0.885	0	0	0.000	0.000	0.000	0.000	311.000	48.000	310.000	40.000	637.457	0.7566	0.8857
hadur2.Hadur 3.10	alpha.BlackIce 1.0	gun-gap6.1		3	true	35	4184.000	756.000	34	1700.000	50.000	1795.000	684.000	8	21477	0.333	1.093	48.625	35	0	0	0.175	0.059	41	998	11	998	998	8	11	0	0	0	63	778	1118	T?/M?	live	0	0	0	650	355.740	400.000	463.629	606	0	302	3	27	998	63	0	0		0	0	0	0	0	0.397	0.688	0.885	0	0	0.000	0.000	0.000	0.000	349.000	12.000	340.000	10.000	613.629	0.8470	0.9714
hadur2.Hadur 3.10	apc.Colossus2 0.12	gun-gap5.1		1	true	35	6868.000	1644.000	35	1750.000	0.000	3973.000	1644.000	5	12073	0.286	0.931	15.829	35	0	0	0.656	0.652	19	302	2	303	302	4	20	0	0	0	15	0	378	T?/M?	live	0	0	0	650	229.666	650.000	194.943	256	35	319	2	4	303	15	0	0		0	0	0	0	0	0.567	0.712	0.830	0	0	0.000	0.000	0.000	0.000	795.000	0.000	350.000	0.000	344.943	0.8069	1.0000
hadur2.Hadur 3.10	apc.Colossus2 0.12	gun-gap5.1		2	true	35	6015.000	490.000	35	1750.000	0.000	3263.000	488.000	4	11329	0.134	0.791	16.315	35	0	0	0.606	0.134	12	263	1	263	263	3	7	0	0	0	14	0	337	T?/M?	live	0	0	0	650	206.183	400.000	173.686	241	12	262	2	9	263	14	0	0		0	0	0	0	0	0.567	0.745	0.904	0	0	0.000	1.000	0.000	0.000	653.000	0.000	350.000	0.000	323.686	0.9247	1.0000
hadur2.Hadur 3.10	apc.Colossus2 0.12	gun-gap5.1		3	true	35	6044.000	672.000	35	1700.000	0.000	3333.000	647.000	1	11539	0.145	0.867	16.241	35	0	0	0.592	0.167	14	267	0	268	267	2	10	0	0	0	9	0	349	T?/M?	live	0	0	0	650	209.577	400.000	179.686	201	13	282	2	8	264	9	0	0		0	0	0	0	0	0.537	0.719	0.921	0	0	4.000	1.000	0.000	0.000	667.000	23.000	340.000	0.000	329.686	0.8999	1.0000
hadur2.Hadur 3.10	blir.nano.Bruce R1.0.0	gun-gap6.7		1	true	35	6461.000	1928.000	34	1700.000	50.000	3684.000	1834.000	6	10232	0.252	1.033	11.775	35	0	0	0.787	0.403	25	269	1	268	268	5	11	0	0	0	9	0	275	T?/M?	live	0	0	0	650	208.457	650.000	142.371	502	36	244	3	7	266	9	0	0		0	0	0	0	0	0.447	0.640	0.749	0	0	18.000	5.000	33.000	0.000	686.000	30.000	340.000	10.000	292.343	0.7702	0.9714
hadur2.Hadur 3.10	blir.nano.Bruce R1.0.0	gun-gap6.7		2	true	35	6470.000	1752.000	35	1750.000	0.000	3585.000	1744.000	1	10289	0.253	0.842	20.367	35	0	0	0.780	0.382	51	271	5	271	271	1	19	0	0	0	11	0	277	T?/M?	live	0	0	0	650	204.309	650.000	143.971	479	12	238	2	5	271	11	0	0		0	0	0	0	0	0.517	0.643	0.842	0	0	52.000	8.000	36.000	0.000	698.000	0.000	350.000	0.000	293.971	0.7869	1.0000
hadur2.Hadur 3.10	blir.nano.Bruce R1.0.0	gun-gap6.7		3	true	35	6222.000	1487.000	34	1700.000	50.000	3440.000	1406.000	3	10110	0.247	0.975	12.841	35	0	0	0.768	0.317	69	260	2	260	260	4	17	0	0	0	7	0	265	T?/M?	live	0	0	0	650	218.300	625.000	138.857	500	30	231	2	9	260	7	0	0		0	0	0	0	0	0.501	0.693	0.925	0	0	73.000	4.000	0.000	0.000	669.000	18.000	340.000	10.000	288.857	0.8071	0.9714
hadur2.Hadur 3.10	com.syncleus.robocode.Dreadnaught 0.1	gun-gap8.6		1	true	35	5908.000	992.000	34	1700.000	50.000	3237.000	914.000	3	11007	0.179	0.876	12.531	35	0	0	0.642	0.197	11	281	2	281	281	2	13	0	0	0	8	0	320	T?/M?	live	0	0	0	650	190.040	400.000	164.486	264	0	262	3	5	269	8	0	0		0	0	0	0	0	0.637	0.693	0.821	0	0	0.000	0.000	0.000	0.000	631.000	18.000	340.000	10.000	314.486	0.8562	0.9714
hadur2.Hadur 3.10	com.syncleus.robocode.Dreadnaught 0.1	gun-gap8.6		2	true	35	5939.000	692.000	35	1750.000	0.000	3196.000	692.000	3	10476	0.155	0.777	10.737	35	0	0	0.690	0.160	14	254	2	255	254	4	10	0	0	0	4	0	288	T?/M?	live	0	0	0	650	185.414	400.000	149.314	243	15	229	2	7	251	4	0	0		0	0	0	0	0	0.667	0.760	0.871	0	0	4.000	0.000	0.000	0.000	640.000	0.000	350.000	0.000	299.314	0.8956	1.0000
hadur2.Hadur 3.10	com.syncleus.robocode.Dreadnaught 0.1	gun-gap8.6		3	true	35	6129.000	1134.000	35	1750.000	0.000	3352.000	1134.000	4	11015	0.173	0.930	12.039	35	0	0	0.663	0.258	23	293	2	295	293	2	12	0	0	0	15	0	323	T?/M?	live	0	0	0	650	184.391	400.000	164.714	317	2	261	2	7	285	15	0	0		0	0	0	0	0	0.583	0.712	0.882	0	0	6.000	0.000	0.000	0.000	671.000	0.000	350.000	0.000	314.714	0.8439	1.0000
hadur2.Hadur 3.10	davidalves.net.DuelistNano 1.0	gun-gap8.0		1	true	35	3729.000	415.000	35	1750.000	0.000	1357.000	415.000	4	20599	0.283	0.975	15.723	35	0	0	0.140	0.031	14	794	2	794	794	4	5	0	0	0	56	0	1039	T?/M?	live	0	0	0	650	469.866	400.000	438.543	636	451	134	2	24	794	56	0	0		0	0	0	0	0	0.431	0.675	0.849	0	0	0.000	0.000	0.000	0.000	271.000	0.000	350.000	0.000	588.543	0.8999	1.0000
hadur2.Hadur 3.10	davidalves.net.DuelistNano 1.0	gun-gap8.0		2	true	35	3749.000	368.000	35	1750.000	0.000	1374.000	368.000	7	20396	0.223	0.942	16.815	35	0	0	0.139	0.028	9	781	0	781	781	10	2	0	0	0	51	0	1021	T?/M?	live	0	0	0	650	429.029	400.000	432.743	811	400	122	3	17	781	51	0	0		0	0	0	0	0	0.431	0.695	0.908	0	0	0.000	0.000	0.000	0.000	275.000	0.000	350.000	0.000	582.743	0.9106	1.0000
hadur2.Hadur 3.10	davidalves.net.DuelistNano 1.0	gun-gap8.0		3	true	35	3751.000	484.000	34	1700.000	50.000	1431.000	415.000	8	20038	0.258	0.981	17.186	35	0	0	0.146	0.032	11	776	2	776	775	12	10	0	0	0	33	0	990	T?/M?	live	0	0	0	650	446.269	400.000	422.514	840	521	158	3	2000	776	33	0	0		0	0	0	0	0	0.526	0.691	0.959	0	0	0.000	0.000	0.000	0.000	280.000	9.000	340.000	10.000	572.514	0.8857	0.9714
hadur2.Hadur 3.10	demetrix.nano.Neutrino 0.27	gun-gap12.6		1	true	35	3658.000	1107.000	33	1650.000	100.000	1395.000	962.000	14	24848	0.409	1.179	32.937	35	0	0	0.135	0.073	64	1325	5	1325	1325	13	19	0	0	0	134	1086	1389	T?/M?	live	0	0	0	650	440.869	650.000	559.971	659	382	63	3	42	1325	133	0	0		0	0	0	0	0	0.497	0.691	0.884	0	0	11.000	4.000	0.000	0.000	272.000	22.000	330.000	20.000	709.943	0.7677	0.9429
hadur2.Hadur 3.10	demetrix.nano.Neutrino 0.27	gun-gap12.6		2	true	35	3714.000	592.000	35	1750.000	0.000	1345.000	592.000	6	23956	0.344	1.091	16.632	35	0	0	0.121	0.049	18	1257	2	1257	1257	6	11	0	0	0	110	1279	1309	T?/M?	live	0	0	0	650	443.603	550.000	534.457	746	514	9	3	24	1257	110	0	0		0	0	0	0	0	0.613	0.756	0.884	0	0	0.000	0.000	0.000	0.000	269.000	0.000	350.000	0.000	684.457	0.8625	1.0000
hadur2.Hadur 3.10	demetrix.nano.Neutrino 0.27	gun-gap12.6		3	true	35	3741.000	1021.000	33	1650.000	100.000	1470.000	879.000	10	23718	0.456	1.265	19.424	35	0	0	0.141	0.071	36	1246	1	1246	1245	10	14	0	0	0	111	826	1288	T?/M?	live	0	0	0	650	429.066	650.000	527.657	387	425	135	2	34	1246	111	0	0		0	0	0	0	0	0.541	0.687	0.884	0	0	0.000	0.000	0.000	0.000	291.000	21.000	330.000	20.000	677.657	0.7856	0.9429
hadur2.Hadur 3.10	demetrix.nano.SledgeHammer 0.22	gun-gap8.1		1	true	35	6410.000	3336.000	30	1500.000	250.000	3897.000	2765.000	2	11497	0.251	0.900	34.506	34	0	0	0.676	0.471	96	354	0	354	354	2	20	0	0	0	12	0	340	T?/M?	live	0	0	0	650	173.874	650.000	177.588	269	8	311	2	253	332	12	0	0	Unable to stop thread: hadur2.Hadur 3.10 Unable to stop thread: hadur2.Hadur 3.10	0	0	0	1	0	0.626	0.741	0.824	0	0	43.000	134.000	0.000	31.000	670.000	105.000	300.000	50.000	328.486	0.6577	0.8571
hadur2.Hadur 3.10	demetrix.nano.SledgeHammer 0.22	gun-gap8.1		2	true	35	7002.000	3250.000	34	1700.000	50.000	4134.000	2968.000	0	11345	0.241	0.882	22.007	35	0	0	0.731	0.558	135	340	1	340	340	0	26	0	0	0	18	0	344	T?/M?	live	0	0	0	650	142.614	650.000	174.143	283	21	310	1	3	336	18	0	0		0	0	0	0	0	0.587	0.659	0.824	0	0	8.000	197.000	30.000	0.000	790.000	26.000	340.000	10.000	324.143	0.6830	0.9714
hadur2.Hadur 3.10	demetrix.nano.SledgeHammer 0.22	gun-gap8.1		3	true	35	6967.000	3258.000	34	1650.000	50.000	4041.000	2927.000	0	11094	0.241	0.759	16.324	35	0	0	0.742	0.577	153	325	1	325	325	0	28	0	0	0	14	0	327	T?/M?	live	0	0	0	650	133.037	650.000	166.971	261	6	300	1	11	324	14	0	0		0	0	0	0	0	0.510	0.693	0.910	0	0	132.000	220.000	55.000	0.000	759.000	52.000	330.000	10.000	316.971	0.6814	0.9706
hadur2.Hadur 3.10	dmh.robocode.robot.PinkPanther 1.1	gun-gap10.7		1	true	35	3207.000	994.000	34	1700.000	50.000	976.000	921.000	17	26137	0.574	1.480	14.662	35	0	0	0.113	0.056	68	1317	6	1317	1317	15	12	0	0	0	112	468	1580	T?/M?	live	0	0	0	650	599.146	650.000	596.771	1463	192	4	3	45	1315	112	0	0		0	0	0	0	0	0.484	0.675	0.831	0	0	0.000	0.000	0.000	0.000	191.000	13.000	340.000	10.000	746.771	0.7634	0.9714
hadur2.Hadur 3.10	dmh.robocode.robot.PinkPanther 1.1	gun-gap10.7		2	true	35	2618.000	1648.000	30	1500.000	250.000	695.000	1289.000	18	29506	0.581	1.394	20.985	35	0	0	0.104	0.069	126	1570	49	1553	1553	19	14	0	0	0	142	1904	1948	T?/M?	live	0	0	0	650	613.717	650.000	693.229	1883	222	0	3	6853	1553	140	0	0		247	0	0	0	0	0.307	0.695	0.965	0	0	0.000	0.000	0.000	0.000	123.000	60.000	300.000	50.000	843.029	0.6137	0.8571
hadur2.Hadur 3.10	dmh.robocode.robot.PinkPanther 1.1	gun-gap10.7		3	true	35	3044.000	947.000	33	1650.000	100.000	893.000	803.000	12	25370	0.490	1.360	22.736	35	0	0	0.112	0.042	70	1255	22	1255	1254	20	4	0	0	0	95	1481	1508	T?/M?	live	0	0	0	650	607.894	650.000	574.857	824	206	13	3	39	1255	95	0	0		0	0	0	0	0	0.249	0.668	0.889	0	0	0.000	1.000	0.000	0.000	171.000	23.000	330.000	20.000	724.857	0.7627	0.9429
hadur2.Hadur 3.10	ender.EnderRobot 1.1	gun-gap9.1		1	true	35	4813.000	480.000	35	1750.000	0.000	2261.000	480.000	4	16842	0.308	0.970	17.140	35	0	0	0.224	0.062	3	762	0	762	762	5	15	0	0	0	25	0	708	T?/M?	live	0	0	0	650	398.983	400.000	331.200	556	166	462	2	13	762	25	0	0		0	0	0	0	0	0.505	0.716	0.980	0	0	0.000	0.000	0.000	0.000	452.000	0.000	350.000	0.000	481.200	0.9093	1.0000
hadur2.Hadur 3.10	ender.EnderRobot 1.1	gun-gap9.1		2	true	35	4789.000	570.000	35	1750.000	0.000	2241.000	570.000	5	17446	0.346	1.059	16.893	35	0	0	0.227	0.064	15	799	3	798	798	5	15	0	0	0	42	0	756	T?/M?	live	0	0	0	650	396.666	400.000	348.457	632	191	495	3	22	798	42	0	0		0	0	0	0	0	0.542	0.739	0.980	0	0	0.000	0.000	0.000	0.000	448.000	0.000	350.000	0.000	498.457	0.8936	1.0000
hadur2.Hadur 3.10	ender.EnderRobot 1.1	gun-gap9.1		3	true	35	4769.000	460.000	35	1750.000	0.000	2224.000	460.000	6	17012	0.250	0.961	15.315	35	0	0	0.220	0.059	4	774	0	774	774	6	9	0	0	0	47	0	720	T?/M?	live	0	0	0	650	409.803	400.000	336.057	609	177	467	2	20	774	47	0	0		0	0	0	0	0	0.201	0.641	0.821	0	0	0.000	0.000	0.000	0.000	445.000	0.000	350.000	0.000	486.057	0.9120	1.0000
hadur2.Hadur 3.10	ers.nano.sunderer.Sunderer 1.23a	gun-gap9.2		1	true	35	6676.000	2344.000	35	1750.000	0.000	3733.000	2195.000	4	11464	0.228	0.785	11.949	35	0	0	0.687	0.485	112	361	3	360	360	3	22	0	0	0	28	345	358	T?/M?	live	0	0	0	650	157.823	650.000	177.543	258	29	269	3	12	353	28	0	0		0	0	0	0	0	0.513	0.641	0.909	0	0	70.000	149.000	58.000	0.000	715.000	0.000	350.000	0.000	327.543	0.7401	1.0000
hadur2.Hadur 3.10	ers.nano.sunderer.Sunderer 1.23a	gun-gap9.2		2	true	35	6715.000	2511.000	35	1750.000	0.000	3791.000	2333.000	4	11446	0.250	0.918	11.433	35	0	0	0.698	0.499	129	357	2	358	357	3	23	0	0	0	29	348	356	T?/M?	live	0	0	0	650	161.100	650.000	177.029	285	20	259	2	10	352	29	0	0		0	0	0	0	0	0.513	0.658	0.909	0	0	50.000	178.000	30.000	0.000	743.000	0.000	350.000	0.000	327.029	0.7278	1.0000
hadur2.Hadur 3.10	ers.nano.sunderer.Sunderer 1.23a	gun-gap9.2		3	true	35	5889.000	3495.000	30	1500.000	250.000	2771.000	1878.000	3	10754	0.157	0.931	10.181	35	0	0	0.695	0.512	845	314	4	315	314	1	74	0	0	0	14	301	309	T?/M?	live	0	0	0	650	168.414	650.000	157.371	96	31	216	2	10	269	14	0	0		0	0	0	0	0	0.634	0.831	0.957	0	0	692.000	1198.000	240.000	58.000	385.000	62.000	300.000	50.000	307.257	0.6276	0.8571
hadur2.Hadur 3.10	fnc.bandit2002.Bandit2002 4.0.2	gun-gap3.2		1	true	35	4304.000	718.000	32	1600.000	150.000	2005.000	514.000	6	20042	0.254	1.003	19.549	35	0	0	0.188	0.056	8	853	0	853	853	5	2	0	0	0	66	644	939	T?/M?	live	0	0	0	650	351.340	400.000	422.629	417	116	435	3	12	853	66	0	0		0	0	0	0	0	0.486	0.682	0.922	0	0	0.000	0.000	0.000	0.000	379.000	24.000	320.000	30.000	572.629	0.8570	0.9143
hadur2.Hadur 3.10	fnc.bandit2002.Bandit2002 4.0.2	gun-gap3.2		2	true	35	4641.000	673.000	35	1750.000	0.000	2118.000	673.000	6	20246	0.292	1.078	16.840	35	0	0	0.183	0.072	8	855	2	855	855	6	13	0	0	0	70	711	955	T?/M?	live	0	0	0	650	357.729	400.000	428.457	577	228	430	3	22	855	70	0	0		0	0	0	0	0	0.486	0.694	0.922	0	0	0.000	0.000	0.000	0.000	424.000	0.000	350.000	0.000	578.457	0.8734	1.0000
hadur2.Hadur 3.10	fnc.bandit2002.Bandit2002 4.0.2	gun-gap3.2		3	true	35	4628.000	1033.000	33	1650.000	100.000	2223.000	887.000	9	19831	0.392	1.206	17.441	34	0	0	0.217	0.094	34	834	2	832	832	38	22	0	0	0	39	0	900	T?/M?	live	0	0	0	650	370.509	650.000	414.588	341	177	518	2	32	805	39	0	0	Unable to stop thread: hadur2.Hadur 3.10	0	1	0	1	0	0.572	0.712	0.951	0	0	0.000	0.000	0.000	0.000	425.000	26.000	330.000	20.000	566.600	0.8175	0.9429
hadur2.Hadur 3.10	hp.Athena 0.1	gun-gap13.0		1	true	35	4045.000	580.000	34	1700.000	50.000	1676.000	510.000	10	19134	0.304	1.001	21.533	35	0	0	0.187	0.046	13	709	2	708	707	7	12	0	0	0	79	437	908	T?/M?	live	0	0	0	650	393.303	400.000	396.714	792	415	251	3	16	708	79	0	0		34	0	0	0	0	0.484	0.688	0.936	0	0	0.000	0.000	0.000	0.000	328.000	11.000	340.000	10.000	546.686	0.8746	0.9714
hadur2.Hadur 3.10	hp.Athena 0.1	gun-gap13.0		2	true	35	3633.000	797.000	33	1650.000	100.000	1381.000	657.000	6	21313	0.295	0.996	26.202	35	0	0	0.144	0.047	28	815	1	815	815	9	8	0	0	0	70	0	1097	T?/M?	live	0	0	0	650	402.077	400.000	459.771	776	545	176	2	28	815	70	0	0		0	0	0	0	0	0.314	0.653	0.954	0	0	0.000	0.000	0.000	0.000	272.000	20.000	330.000	20.000	608.943	0.8201	0.9429
hadur2.Hadur 3.10	hp.Athena 0.1	gun-gap13.0		3	true	35	3565.000	1064.000	32	1600.000	150.000	1392.000	837.000	11	21760	0.402	1.178	19.117	35	0	0	0.141	0.060	27	853	3	835	835	7	9	0	0	0	72	639	1146	T?/M?	live	0	0	0	650	445.834	650.000	471.714	771	399	133	3	726	835	71	0	0		298	0	0	0	0	0.497	0.668	0.849	0	0	0.000	0.000	0.000	0.000	253.000	47.000	320.000	30.000	621.714	0.7701	0.9143
hadur2.Hadur 3.10	janm.Jammy 1.0	gun-gap10.0		1	true	35	3822.000	817.000	34	1700.000	50.000	1487.000	745.000	7	19283	0.263	1.094	16.807	35	0	0	0.157	0.058	41	798	1	798	798	6	10	0	0	0	36	0	936	T?/M?	live	0	0	0	650	538.020	500.000	400.971	679	479	253	2	26	798	36	0	0	Unable to stop thread: hadur2.Hadur 3.10	0	0	0	0	0	0.249	0.634	0.828	0	0	0.000	0.000	0.000	0.000	295.000	12.000	340.000	10.000	550.943	0.8239	0.9714
hadur2.Hadur 3.10	janm.Jammy 1.0	gun-gap10.0		2	true	35	3808.000	912.000	33	1650.000	100.000	1532.000	773.000	11	18934	0.257	1.153	17.779	35	0	0	0.165	0.061	36	781	4	781	781	14	14	0	0	0	43	0	916	T?/M?	live	0	0	0	650	547.854	400.000	390.971	533	394	296	3	23	781	43	0	0		0	0	0	0	0	0.423	0.732	0.889	0	0	0.000	0.000	0.000	0.000	296.000	19.000	330.000	20.000	540.971	0.8068	0.9429
hadur2.Hadur 3.10	janm.Jammy 1.0	gun-gap10.0		3	true	35	3429.000	956.000	34	1700.000	50.000	1160.000	880.000	12	21341	0.277	1.099	18.951	35	0	0	0.152	0.059	32	926	0	925	924	12	20	0	0	0	38	397	766	T?/M?	live	0	0	0	650	533.623	400.000	459.743	1117	599	179	2	18	762	38	0	0		0	0	0	0	0	0.600	0.716	0.944	0	0	0.000	0.000	0.000	0.000	229.000	16.000	340.000	10.000	609.743	0.7820	0.9714
hadur2.Hadur 3.10	kneels.ToNoone 0.2	gun-gap5.4		1	true	35	4613.000	230.000	35	1750.000	0.000	2076.000	224.000	4	14331	0.231	0.906	14.268	35	0	0	0.255	0.026	65	461	2	462	460	8	11	0	0	0	17	278	533	T?/M?	live	0	0	0	650	379.931	400.000	259.457	496	126	413	2	14	462	17	0	0		0	0	0	0	0	0.521	0.683	0.942	0	0	19.000	6.000	0.000	0.000	417.000	0.000	350.000	0.000	409.457	0.9525	1.0000
hadur2.Hadur 3.10	kneels.ToNoone 0.2	gun-gap5.4		2	true	35	4784.000	438.000	34	1700.000	50.000	2246.000	348.000	7	13572	0.199	1.166	20.233	35	0	0	0.310	0.046	73	424	2	421	421	5	12	0	0	0	16	0	484	T?/M?	live	0	0	0	650	396.429	400.000	237.771	317	181	380	3	16	415	16	0	0		36	0	0	0	0	0.521	0.703	0.942	0	0	40.000	16.000	44.000	0.000	414.000	15.000	340.000	10.000	387.771	0.9161	0.9714
hadur2.Hadur 3.10	kneels.ToNoone 0.2	gun-gap5.4		3	true	35	4659.000	557.000	34	1700.000	50.000	2104.000	464.000	5	14297	0.224	1.028	34.928	35	0	0	0.287	0.069	107	460	2	460	460	4	17	0	0	0	20	0	546	T?/M?	live	0	0	0	650	361.771	400.000	258.486	509	275	354	2	1079	452	20	0	0		0	0	0	0	0	0.287	0.612	0.910	0	0	68.000	24.000	56.000	0.000	390.000	9.000	340.000	10.000	408.486	0.8932	0.9714
hadur2.Hadur 3.10	lorneswork.Predator 1.0	gun-gap9.9		1	true	35	5543.000	702.000	34	1700.000	50.000	2923.000	619.000	4	13313	0.217	0.989	17.289	35	0	0	0.423	0.124	24	481	1	481	481	2	21	0	0	0	25	0	461	T?/M?	live	0	0	0	650	241.089	400.000	230.600	334	0	363	1	7	480	25	0	0		0	0	0	0	0	0.593	0.716	0.905	0	0	11.000	5.000	0.000	0.000	570.000	18.000	340.000	10.000	380.371	0.8876	0.9714
hadur2.Hadur 3.10	lorneswork.Predator 1.0	gun-gap9.9		2	true	35	5577.000	787.000	34	1700.000	50.000	2965.000	708.000	9	13730	0.213	0.995	15.000	35	0	0	0.411	0.131	11	495	3	495	495	13	22	0	0	0	26	0	484	T?/M?	live	0	0	0	650	236.566	400.000	242.343	262	0	396	3	13	495	26	0	0		2	0	0	0	0	0.421	0.686	0.970	0	0	0.000	0.000	0.000	0.000	572.000	20.000	340.000	10.000	392.286	0.8763	0.9714
hadur2.Hadur 3.10	lorneswork.Predator 1.0	gun-gap9.9		3	true	35	5487.000	351.000	35	1750.000	0.000	2822.000	351.000	4	12960	0.190	0.808	16.017	35	0	0	0.421	0.065	15	451	3	451	451	3	10	0	0	0	17	0	437	T?/M?	live	0	0	0	650	235.457	400.000	220.286	375	0	330	3	8	451	17	0	0		0	0	0	0	0	0.421	0.657	0.910	0	0	1.000	0.000	0.000	0.000	564.000	0.000	350.000	0.000	370.286	0.9399	1.0000
hadur2.Hadur 3.10	lxx.ConceptA 0.8	gun-gap4.6		1	true	35	3306.000	466.000	35	1750.000	0.000	1005.000	466.000	7	21187	0.351	1.160	42.262	35	0	0	0.109	0.033	13	930	0	911	911	5	6	0	0	0	79	716	1101	T?/M?	live	0	0	0	650	479.443	550.000	455.343	749	440	53	3	23	911	77	0	0		298	0	0	0	0	0.538	0.713	0.957	0	0	0.000	0.000	0.000	0.000	201.000	0.000	350.000	0.000	605.343	0.8765	1.0000
hadur2.Hadur 3.10	lxx.ConceptA 0.8	gun-gap4.6		2	true	35	3399.000	612.000	34	1700.000	50.000	1137.000	542.000	8	20861	0.398	1.218	31.802	35	0	0	0.118	0.035	9	900	13	900	900	7	12	0	0	0	74	778	1070	T?/M?	live	0	0	0	650	481.557	400.000	446.029	878	737	50	3	47	900	74	0	0		0	0	0	0	0	0.538	0.720	0.957	0	0	0.000	0.000	0.000	0.000	223.000	10.000	340.000	10.000	596.029	0.8474	0.9714
hadur2.Hadur 3.10	lxx.ConceptA 0.8	gun-gap4.6		3	true	35	3405.000	481.000	35	1750.000	0.000	1087.000	481.000	5	20880	0.449	1.267	26.409	35	0	0	0.114	0.034	10	902	4	901	901	32	5	0	0	0	68	943	1075	T?/M?	live	0	0	0	650	482.854	650.000	446.571	1107	634	51	3	13	901	68	0	0		0	0	0	0	0	0.547	0.695	0.903	0	0	0.000	0.000	0.000	0.000	217.000	0.000	350.000	0.000	596.571	0.8762	1.0000
hadur2.Hadur 3.10	mn.nano.perceptual.Impact 1.3.0	gun-gap8.3		1	true	35	6994.000	3162.000	33	1650.000	100.000	4110.000	2791.000	1	11245	0.241	0.866	14.090	35	0	0	0.735	0.629	143	350	0	350	350	2	35	0	0	0	20	0	335	T?/M?	live	0	0	0	650	155.106	650.000	171.286	294	22	302	1	4	333	20	0	0		0	0	0	0	0	0.443	0.698	0.947	0	0	103.000	205.000	27.000	0.000	774.000	46.000	330.000	20.000	321.286	0.6887	0.9429
hadur2.Hadur 3.10	mn.nano.perceptual.Impact 1.3.0	gun-gap8.3		2	true	35	6930.000	3507.000	32	1550.000	150.000	4188.000	3020.000	6	11346	0.269	0.851	9.769	35	0	0	0.735	0.646	142	352	3	353	352	4	24	0	0	0	24	0	343	T?/M?	live	0	0	0	650	146.429	650.000	174.229	269	14	311	3	9	340	24	0	0		0	0	0	0	0	0.567	0.700	0.947	0	0	97.000	205.000	29.000	0.000	756.000	102.000	310.000	30.000	324.171	0.6640	0.9118
hadur2.Hadur 3.10	mn.nano.perceptual.Impact 1.3.0	gun-gap8.3		3	true	35	7238.000	3383.000	34	1700.000	50.000	4163.000	2990.000	3	10984	0.234	0.851	16.624	35	0	0	0.782	0.713	216	327	1	327	327	1	19	0	0	0	13	0	320	T?/M?	live	0	0	0	650	140.911	650.000	163.857	262	27	291	2	15	314	13	0	0		0	0	0	0	0	0.575	0.787	0.956	0	0	182.000	304.000	58.000	30.000	795.000	0.000	340.000	10.000	313.829	0.6815	0.9714
hadur2.Hadur 3.10	mz.NanoDeath 2.56	gun-gap11.9		1	true	35	6820.000	3012.000	34	1700.000	50.000	3946.000	2764.000	2	11131	0.251	0.955	18.539	35	0	0	0.702	0.521	103	325	0	324	324	1	19	0	0	0	6	0	328	T?/M?	live	0	0	0	650	166.460	650.000	168.029	284	20	303	2	13	317	6	0	0		0	0	0	0	0	0.561	0.657	0.726	0	0	64.000	146.000	0.000	42.000	770.000	0.000	340.000	10.000	318.029	0.6937	0.9714
hadur2.Hadur 3.10	mz.NanoDeath 2.56	gun-gap11.9		2	true	35	7188.000	3356.000	35	1750.000	0.000	4181.000	3170.000	3	11141	0.237	0.758	13.890	35	0	0	0.742	0.587	130	329	0	329	329	1	12	0	0	0	7	0	329	T?/M?	live	0	0	0	650	151.460	650.000	168.314	285	9	312	1	5	326	7	0	0		0	0	0	0	0	0.560	0.687	0.859	0	0	56.000	186.000	26.000	0.000	825.000	0.000	350.000	0.000	318.314	0.6817	1.0000
hadur2.Hadur 3.10	mz.NanoDeath 2.56	gun-gap11.9		3	true	35	6555.000	3317.000	31	1550.000	200.000	3888.000	2795.000	4	11154	0.239	0.792	19.869	35	0	0	0.701	0.542	131	326	1	326	326	2	19	0	0	0	21	0	331	T?/M?	live	0	0	0	650	153.451	650.000	169.886	267	14	297	2	5	324	21	0	0		0	0	0	0	0	0.533	0.705	0.900	0	0	96.000	178.000	29.000	28.000	682.000	76.000	310.000	40.000	318.686	0.6640	0.8857
hadur2.Hadur 3.10	nan.Ihivatar_Mk_1 1.0	gun-gap7.7		1	true	35	3758.000	245.000	35	1750.000	0.000	1381.000	245.000	5	18292	0.254	0.996	20.315	35	0	0	0.164	0.022	2	759	2	759	759	8	8	0	0	0	62	665	847	T?/M?	live	0	0	0	650	377.680	400.000	372.629	812	226	186	2	212	759	62	0	0		0	0	0	0	0	0.443	0.654	0.808	0	0	0.000	0.000	0.000	0.000	276.000	0.000	350.000	0.000	522.629	0.9388	1.0000
hadur2.Hadur 3.10	nan.Ihivatar_Mk_1 1.0	gun-gap7.7		2	true	35	3451.000	900.000	35	1750.000	0.000	1123.000	900.000	17	21914	0.415	1.163	22.123	35	0	0	0.118	0.057	27	973	2	973	973	11	10	0	0	0	108	991	1147	T?/M?	live	0	0	0	650	428.629	650.000	476.114	547	601	88	2	2967	973	108	0	0		0	0	0	0	0	0.492	0.655	0.823	0	0	1.000	0.000	6.000	0.000	221.000	0.000	350.000	0.000	626.114	0.7932	1.0000
hadur2.Hadur 3.10	nan.Ihivatar_Mk_1 1.0	gun-gap7.7		3	true	35	3593.000	261.000	35	1750.000	0.000	1245.000	261.000	2	19156	0.258	0.968	31.478	35	0	0	0.144	0.020	4	809	1	809	809	3	14	0	0	0	76	583	919	T?/M?	live	0	0	0	650	393.440	400.000	397.314	954	318	136	2	21	809	76	0	0		0	0	0	0	0	0.560	0.698	0.949	0	0	0.000	0.000	0.000	0.000	249.000	0.000	350.000	0.000	547.314	0.9323	1.0000
hadur2.Hadur 3.10	sL300.Mozart life	gun-gap7.7		1	true	35	3334.000	1413.000	28	1400.000	350.000	1399.000	919.000	14	37429	0.534	1.434	33.152	35	0	0	0.123	0.075	127	2020	1	2020	2020	16	16	0	0	0	193	1890	2233	T?/M?	live	0	0	0	650	625.589	650.000	919.857	303	0	56	2	27	1992	193	0	0		0	0	0	0	0	0.406	0.637	0.799	0	0	0.000	0.000	0.000	0.000	256.000	74.000	280.000	70.000	1069.400	0.7023	0.8000
hadur2.Hadur 3.10	sL300.Mozart life	gun-gap7.7		2	true	35	3779.000	934.000	34	1700.000	50.000	1452.000	864.000	19	36891	0.560	1.439	27.892	35	0	0	0.128	0.077	143	1978	1	1979	1977	23	24	0	0	0	175	439	2365	T?/M?	live	0	0	0	650	620.094	650.000	904.029	76	128	95	3	63	1965	175	0	0		0	0	0	0	0	0.519	0.661	0.799	0	0	0.000	0.000	0.000	0.000	287.000	10.000	340.000	10.000	1054.029	0.8018	0.9714
hadur2.Hadur 3.10	sL300.Mozart life	gun-gap7.7		3	true	35	3562.000	941.000	32	1600.000	150.000	1385.000	738.000	16	36978	0.543	1.474	35.734	35	0	0	0.117	0.066	124	1962	2	1969	1961	20	15	0	0	0	151	1906	2144	T?/M?	live	0	0	0	650	625.926	650.000	906.971	480	52	18	3	62	1940	151	0	0		0	0	0	0	0	0.443	0.661	0.823	0	0	0.000	0.000	0.000	0.000	257.000	23.000	320.000	30.000	1056.514	0.7910	0.9143
hadur2.Hadur 3.10	serenity.nonSense 1.39	gun-gap3.9		1	true	35	4061.000	660.000	34	1700.000	50.000	1689.000	586.000	10	23153	0.513	1.276	17.109	35	0	0	0.148	0.063	41	1220	2	1220	1220	10	20	0	0	0	118	1139	1220	T?/M?	live	0	0	0	650	511.129	650.000	511.514	784	120	315	3	38	1220	118	0	0	Unable to stop thread: hadur2.Hadur 3.10	0	0	0	0	0	0.511	0.688	0.941	0	0	0.000	0.000	0.000	0.000	332.000	14.000	340.000	10.000	661.514	0.8602	0.9714
hadur2.Hadur 3.10	serenity.nonSense 1.39	gun-gap3.9		2	true	35	3678.000	683.000	33	1650.000	100.000	1420.000	544.000	13	24650	0.470	1.271	17.175	35	0	0	0.123	0.051	28	1304	1	1304	1304	17	13	0	0	0	127	701	1362	T?/M?	live	0	0	0	650	542.417	650.000	554.286	670	84	96	2	13	1304	127	0	0		0	0	0	0	0	0.511	0.688	0.941	0	0	0.000	0.000	0.000	0.000	278.000	18.000	330.000	20.000	704.286	0.8434	0.9429
hadur2.Hadur 3.10	serenity.nonSense 1.39	gun-gap3.9		3	true	35	3719.000	871.000	32	1600.000	150.000	1524.000	654.000	19	24792	0.533	1.504	41.939	35	0	0	0.135	0.062	36	1326	2	1326	1326	19	12	0	0	0	145	1356	1378	T?/M?	live	0	0	0	650	522.043	600.000	558.571	688	255	136	3	57	1326	145	0	0		0	0	0	0	0	0.577	0.703	0.842	0	0	0.000	0.000	0.000	0.000	275.000	37.000	320.000	30.000	708.343	0.8102	0.9143
hadur2.Hadur 3.10	slugzilla.RandomGF 1.0	gun-gap6.8		1	true	35	3649.000	780.000	35	1750.000	0.000	1291.000	780.000	12	25257	0.455	1.242	25.412	35	0	0	0.127	0.054	38	1345	4	1345	1345	9	15	0	0	0	135	946	1425	T?/M?	live	0	0	0	650	517.271	650.000	571.629	411	495	92	3	46	1345	135	0	0		0	0	0	0	0	0.342	0.657	0.955	0	0	0.000	0.000	0.000	0.000	258.000	0.000	350.000	0.000	721.629	0.8239	1.0000
hadur2.Hadur 3.10	slugzilla.RandomGF 1.0	gun-gap6.8		2	true	35	3396.000	999.000	33	1650.000	100.000	1190.000	856.000	13	26292	0.487	1.253	18.196	35	0	0	0.118	0.060	51	1410	0	1404	1404	14	12	0	0	0	165	1351	1529	T?/M?	live	0	0	0	650	507.629	475.000	601.200	449	770	80	3	45	1404	165	0	0		82	0	0	0	0	0.340	0.634	0.816	0	0	0.000	0.000	0.000	0.000	226.000	23.000	330.000	20.000	751.200	0.7727	0.9429
hadur2.Hadur 3.10	slugzilla.RandomGF 1.0	gun-gap6.8		3	true	35	3547.000	946.000	34	1700.000	50.000	1261.000	874.000	12	25838	0.477	1.352	29.121	35	0	0	0.117	0.059	35	1375	4	1375	1375	14	17	0	0	0	148	1437	1488	T?/M?	live	0	0	0	650	537.511	650.000	588.371	761	671	9	3	62	1375	148	0	0		0	0	0	0	0	0.379	0.687	0.917	0	0	0.000	0.000	0.000	0.000	246.000	12.000	340.000	10.000	738.229	0.7895	0.9714
hadur2.Hadur 3.10	stelo.Lifestealer 1.0	gun-gap8.3		1	true	35	5847.000	980.000	35	1750.000	0.000	3019.000	922.000	5	10899	0.272	0.967	16.796	35	0	0	0.599	0.192	117	284	2	284	284	5	20	0	0	0	6	0	309	T?/M?	live	0	0	0	650	240.689	400.000	161.400	358	12	264	2	11	276	6	0	0		0	0	0	0	0	0.575	0.716	0.822	0	0	96.000	59.000	59.000	0.000	574.000	0.000	350.000	0.000	311.400	0.8565	1.0000
hadur2.Hadur 3.10	stelo.Lifestealer 1.0	gun-gap8.3		2	true	35	5957.000	1329.000	35	1750.000	0.000	3180.000	1302.000	3	11164	0.249	0.940	19.724	35	0	0	0.609	0.264	62	306	3	306	306	3	20	0	0	0	11	0	323	T?/M?	live	0	0	0	650	227.366	650.000	168.971	390	0	279	3	6	300	11	0	0		0	0	0	0	0	0.594	0.756	0.898	0	0	26.000	28.000	34.000	0.000	616.000	0.000	350.000	0.000	318.971	0.8176	1.0000
hadur2.Hadur 3.10	stelo.Lifestealer 1.0	gun-gap8.3		3	true	35	5970.000	1402.000	35	1750.000	0.000	3222.000	1328.000	1	11176	0.256	0.914	19.433	35	0	0	0.605	0.270	76	302	2	303	302	1	16	0	0	0	13	0	323	T?/M?	live	0	0	0	650	215.886	650.000	169.314	393	31	286	2	9	292	13	0	0		0	0	0	0	0	0.478	0.685	0.946	0	0	4.000	74.000	0.000	0.000	645.000	0.000	350.000	0.000	319.314	0.8098	1.0000
hadur2.Hadur 3.10	stranger.nano.TestBot 1.0	gun-gap6.7		1	true	35	4938.000	386.000	35	1750.000	0.000	2359.000	360.000	5	13147	0.199	1.078	14.149	35	0	0	0.350	0.057	123	489	3	489	489	5	21	0	0	0	41	0	462	T?/M?	live	0	0	0	650	372.477	400.000	225.629	283	148	345	2	13	489	41	0	0		0	0	0	0	0	0.540	0.669	0.804	0	0	6.000	26.000	0.000	0.000	472.000	0.000	350.000	0.000	375.629	0.9275	1.0000
hadur2.Hadur 3.10	stranger.nano.TestBot 1.0	gun-gap6.7		2	true	35	4598.000	468.000	35	1750.000	0.000	2071.000	440.000	5	14901	0.261	0.966	16.221	35	0	0	0.249	0.071	157	618	0	618	617	6	19	0	0	0	55	528	578	T?/M?	live	0	0	0	650	439.426	400.000	275.743	477	146	398	2	12	618	55	0	0		0	0	0	0	0	0.593	0.787	0.972	0	0	2.000	28.000	28.000	0.000	396.000	0.000	350.000	0.000	425.743	0.9076	1.0000
hadur2.Hadur 3.10	stranger.nano.TestBot 1.0	gun-gap6.7		3	true	35	4596.000	738.000	34	1700.000	50.000	2134.000	657.000	3	15267	0.302	1.077	18.904	35	0	0	0.263	0.101	141	631	1	631	630	5	21	0	0	0	59	0	605	T?/M?	live	0	0	0	650	429.406	400.000	286.286	456	336	422	2	20	631	59	0	0		0	0	0	0	0	0.469	0.651	0.883	0	0	5.000	1.000	0.000	0.000	417.000	20.000	340.000	10.000	436.200	0.8616	0.9714
hadur2.Hadur 3.10	strider.Festis 1.2.1	gun-gap2.3		1	true	35	3456.000	893.000	33	1650.000	100.000	1233.000	742.000	8	18656	0.384	1.141	16.068	35	0	0	0.156	0.056	131	773	3	773	772	8	16	0	0	0	89	678	903	T?/M?	live	0	0	0	650	455.586	650.000	383.057	868	409	177	3	14	773	88	0	0	Unable to stop thread: hadur2.Hadur 3.10	0	0	0	0	0	0.367	0.694	0.921	0	0	0.000	1.000	0.000	0.000	244.000	29.000	330.000	20.000	533.029	0.7947	0.9429
hadur2.Hadur 3.10	strider.Festis 1.2.1	gun-gap2.3		2	true	35	4033.000	327.000	35	1750.000	0.000	1611.000	327.000	6	16192	0.247	0.973	15.143	35	0	0	0.195	0.035	78	619	3	617	617	25	16	0	0	0	64	674	691	T?/M?	live	0	0	0	650	384.346	400.000	312.629	655	284	258	2	10	617	64	0	0		0	0	0	0	0	0.367	0.676	0.921	0	0	0.000	0.000	0.000	0.000	322.000	0.000	350.000	0.000	462.629	0.9250	1.0000
hadur2.Hadur 3.10	strider.Festis 1.2.1	gun-gap2.3		3	true	35	3551.000	550.000	35	1750.000	0.000	1209.000	550.000	8	19040	0.388	1.113	28.097	35	0	0	0.146	0.044	99	793	0	793	793	6	22	0	0	0	76	885	939	T?/M?	live	0	0	0	650	447.609	575.000	394.000	804	410	59	2	9	793	76	0	0		0	0	0	0	0	0.283	0.450	0.601	0	0	0.000	0.000	0.000	0.000	242.000	0.000	350.000	0.000	544.000	0.8659	1.0000
hadur2.Hadur 3.10	vjik.UnViolation 1.1	gun-gap3.9		1	true	35	6009.000	693.000	35	1750.000	0.000	3244.000	684.000	11	14234	0.257	1.251	23.612	35	0	0	0.418	0.172	26	583	2	583	583	8	19	0	0	0	61	511	526	T?/M?	live	0	0	0	650	339.797	400.000	256.714	299	0	391	2	11	578	61	0	0		0	0	0	0	0	0.496	0.724	0.925	0	0	14.000	8.000	0.000	0.000	650.000	0.000	350.000	0.000	406.686	0.8966	1.0000
hadur2.Hadur 3.10	vjik.UnViolation 1.1	gun-gap3.9		2	true	35	5907.000	416.000	35	1750.000	0.000	3172.000	413.000	9	13096	0.232	1.085	20.538	35	0	0	0.457	0.141	14	506	3	506	506	11	23	0	0	0	56	181	453	T?/M?	live	0	0	0	650	318.134	400.000	224.171	282	0	341	2	18	504	56	0	0		0	0	0	0	0	0.608	0.722	0.889	0	0	0.000	2.000	0.000	0.000	634.000	0.000	350.000	0.000	374.171	0.9342	1.0000
hadur2.Hadur 3.10	vjik.UnViolation 1.1	gun-gap3.9		3	true	35	6019.000	537.000	35	1750.000	0.000	3266.000	537.000	4	13346	0.272	1.170	15.110	35	0	0	0.474	0.173	7	518	3	518	518	5	12	0	0	0	41	0	467	T?/M?	live	0	0	0	650	345.046	400.000	231.314	274	27	357	2	12	518	41	0	0		0	0	0	0	0	0.632	0.748	0.857	0	0	0.000	0.000	0.000	0.000	653.000	0.000	350.000	0.000	381.314	0.9181	1.0000
hadur2.Hadur 3.10	wiki.WaveRammer 1.0	gun-gap7.3		1	true	35	5057.000	2161.000	28	1400.000	350.000	2629.000	1383.000	4	14086	0.306	1.182	19.306	35	0	0	0.359	0.230	223	565	6	565	565	5	31	0	0	0	37	431	513	T?/M?	live	0	0	0	650	265.046	525.000	252.543	237	7	425	2	16	546	37	0	0		0	0	0	0	0	0.560	0.703	0.949	0	0	256.000	245.000	53.000	25.000	440.000	88.000	280.000	70.000	402.457	0.7006	0.8000
hadur2.Hadur 3.10	wiki.WaveRammer 1.0	gun-gap7.3		2	true	35	5524.000	1868.000	32	1600.000	150.000	2844.000	1465.000	3	15015	0.284	1.169	15.245	35	0	0	0.351	0.224	159	635	7	635	635	4	31	0	0	0	45	0	565	T?/M?	live	0	0	0	650	268.329	650.000	279.257	193	7	463	2	20	610	45	0	0		0	0	0	0	0	0.602	0.729	0.977	0	0	174.000	181.000	111.000	0.000	476.000	42.000	320.000	30.000	429.000	0.7473	0.9143
hadur2.Hadur 3.10	wiki.WaveRammer 1.0	gun-gap7.3		3	true	35	5442.000	1814.000	32	1600.000	150.000	2771.000	1409.000	6	14897	0.318	1.258	25.522	35	0	0	0.367	0.242	175	631	3	631	631	8	27	0	0	0	37	0	569	T?/M?	live	0	0	0	650	257.931	600.000	275.629	209	1	451	3	15	625	37	0	0		0	0	0	0	0	0.591	0.730	0.926	0	0	194.000	178.000	57.000	0.000	500.000	47.000	320.000	30.000	425.629	0.7500	0.9143
hadur2.Hadur 3.10	xander.cat.Mikey 1.2	gun-gap6.7		1	true	35	4665.000	769.000	33	1650.000	100.000	2250.000	625.000	4	18720	0.492	1.451	16.506	35	0	0	0.208	0.078	44	878	1	878	877	17	16	0	0	0	48	0	850	T?/M?	live	0	0	0	650	466.469	475.000	384.857	615	0	483	2	36	878	48	0	0		0	0	0	0	0	0.512	0.719	0.928	0	0	0.000	0.000	0.000	0.000	435.000	24.000	330.000	20.000	534.857	0.8585	0.9429
hadur2.Hadur 3.10	xander.cat.Mikey 1.2	gun-gap6.7		2	true	35	4432.000	1001.000	32	1600.000	150.000	2106.000	790.000	8	20910	0.511	1.420	22.965	35	0	0	0.196	0.087	77	982	1	982	982	7	20	0	0	0	77	770	1022	T?/M?	live	0	0	0	650	438.991	400.000	447.429	295	0	547	2	29	982	77	0	0		0	0	0	0	0	0.365	0.659	0.843	0	0	0.000	0.000	0.000	0.000	406.000	31.000	320.000	30.000	597.429	0.8158	0.9143
hadur2.Hadur 3.10	xander.cat.Mikey 1.2	gun-gap6.7		3	true	35	4679.000	535.000	35	1750.000	0.000	2149.000	535.000	3	19897	0.420	1.251	20.341	35	0	0	0.204	0.060	62	920	2	921	919	4	26	0	0	0	80	518	938	T?/M?	live	0	0	0	650	434.337	400.000	418.486	473	36	503	2	30	921	80	0	0		0	0	0	0	0	0.470	0.733	0.972	0	0	0.000	0.000	0.000	0.000	430.000	0.000	350.000	0.000	568.486	0.8974	1.0000
