build	opponent	role	rank	seed	ok	rounds	score	theirScore	firsts	survival	theirSurvival	bulletDamage	theirBulletDamage	skippedTurns	turns	turnP50Ms	turnP95Ms	turnMaxMs	roundRecords	faults	faultRecords	ourHitRate	theirHitRate	phantomWaves	enemyShots	unseenShots	inferredWaves	matchedWaves	radarReacquired	hiddenShots	profileFound	memoryFailures	seedsEvicted	bulletsIntercepted	jitteredShots	shotsFired	tiers	openingGun	gunSeed	surfSeed	seedDecays	openingDistance	meanDistance	targetDistance	roundTicks	finishTicks	ramTicks	fullPowerShots	maxLevel	slowTicks	shadowedWaves	interceptsShadowed	flavourChanges	flavourStep	errors	duressTicks	engineDisables	securityErrors	rShortfall	finalRMissing	hostCpuMin	hostCpuMean	hostCpuMax	otherJvms	score_share	survival_share
3.8.5	kc.mega.BeepBoop 2.0	rumble-1	1	1	true	35	1338.000	2722.000	8	400.000	1350.000	809.000	940.000	26	76595	1.013	2.029	568.493	35	0	0	0.058	0.091	288	5965	51	6353	5939	32	41	0	0	0	690	5893	6011	T?/M?	live	0	0	0	650	540.857	650.000	2038.429	42	31	0	3	27	6336	686	0	0		298	0	0	0	0	0.230	0.356	0.562	0	0.3296	0.2286
3.8.5	kc.mega.BeepBoop 2.0	rumble-1	1	2	true	35	622.000	3446.000	1	50.000	1700.000	552.000	1174.000	27	54791	0.946	1.860	48.464	35	0	0	0.047	0.102	142	4057	83	4077	4031	33	24	0	0	0	414	3815	3981	T?/M?	live	0	0	0	650	536.031	650.000	1415.457	0	0	0	3	21	4013	413	0	0		298	0	0	0	0	0.270	0.368	0.562	0	0.1529	0.0286
3.8.5	kc.mega.BeepBoop 2.0	rumble-1	1	3	true	35	958.000	3137.000	4	200.000	1550.000	696.000	1085.000	26	69491	0.971	1.997	48.127	35	0	0	0.050	0.093	246	5343	62	5540	5340	23	37	0	0	0	548	5228	5356	T?/M?	live	0	0	0	650	535.937	650.000	1835.457	155	0	0	2	4	5501	548	0	0		0	0	0	0	0	0.252	0.362	0.562	0	0.2339	0.1143
3.8.5	kc.mega.BeepBoop 2.0	rumble-1	1	4	true	35	882.000	3098.000	4	200.000	1550.000	623.000	1044.000	25	63183	0.963	1.964	49.086	35	0	0	0.049	0.088	213	4733	64	4924	4711	20	22	0	0	0	493	4737	4798	T?/M?	live	0	0	0	650	547.906	650.000	1655.229	222	1	0	3	24	4893	488	0	0		298	0	0	0	0	0.252	0.364	0.562	0	0.2216	0.1143
3.8.5	jk.mega.DrussGT 3.1.16	rumble-3	3	1	true	35	2287.000	2235.000	19	950.000	800.000	1025.000	1166.000	44	114877	0.797	1.544	38.596	35	0	0	0.079	0.106	629	9491	1	9469	9468	33	71	0	0	0	1189	9442	9532	T?/M?	live	0	0	0	650	515.551	650.000	3132.200	332	118	0	3	36	9455	1166	0	0		298	0	0	0	0	0.230	0.354	0.562	1	0.5057	0.5429
3.8.5	jk.mega.DrussGT 3.1.16	rumble-3	3	2	true	35	2098.000	2184.000	17	850.000	900.000	965.000	994.000	38	106002	0.813	1.551	518.097	34	0	0	0.079	0.100	560	8706	2	8707	8706	32	62	0	0	0	1054	8596	8603	T?/M?	live	0	0	0	650	519.059	650.000	2924.000	1630	85	26	3	37	8580	1054	0	0		0	0	0	1	1	0.230	0.354	0.562	1	0.4900	0.4857
3.8.5	jk.mega.DrussGT 3.1.16	rumble-3	3	3	true	35	2044.000	2339.000	17	850.000	900.000	911.000	1130.000	41	107192	0.782	1.494	332.953	35	0	0	0.069	0.102	531	8830	2	8830	8830	31	70	0	0	0	1076	8844	8850	T?/M?	live	0	0	0	650	517.246	650.000	2912.629	1895	64	3	3	38	8817	1076	0	0		0	0	0	0	0	0.230	0.354	0.562	1	0.4663	0.4857
3.8.5	jk.mega.DrussGT 3.1.16	rumble-3	3	4	true	35	1481.000	2747.000	10	500.000	1250.000	817.000	1094.000	46	101824	0.818	1.556	38.972	34	0	0	0.078	0.103	542	8357	1	8337	8335	31	60	0	0	0	1092	7918	8151	T?/M?	live	0	0	0	650	513.041	650.000	2801.647	338	0	0	3	2	8143	1069	0	0		298	0	0	1	1	0.230	0.355	0.562	0	0.3503	0.2857
3.8.5	oog.mega.saguaro.Saguaro 1.0	rumble-4	4	1	true	35	3758.000	1184.000	31	1550.000	200.000	1601.000	904.000	12	24356	0.882	1.950	9.273	35	0	0	0.187	0.064	65	1218	3	1218	1217	2	13	0	0	0	121	1366	1371	T?/M?	live	0	0	0	650	469.014	650.000	545.886	390	50	141	2	8	1212	120	0	0		0	0	0	0	0	0.272	0.407	0.562	0	0.7604	0.8857
3.8.5	oog.mega.saguaro.Saguaro 1.0	rumble-4	4	2	true	35	3788.000	910.000	34	1700.000	50.000	1457.000	836.000	14	23331	0.827	1.916	9.814	35	0	0	0.172	0.061	76	1061	2	1039	1037	5	17	0	0	0	97	1267	1301	T?/M?	live	0	0	0	650	445.931	400.000	516.600	809	97	75	3	9	1039	78	0	0		298	0	0	0	0	0.272	0.414	0.562	0	0.8063	0.9714
3.8.5	oog.mega.saguaro.Saguaro 1.0	rumble-4	4	3	true	35	3196.000	1648.000	28	1400.000	350.000	1286.000	1147.000	8	26873	1.110	2.062	10.219	35	0	0	0.173	0.072	86	1286	9	1286	1285	3	16	0	0	0	105	1589	1593	T?/M?	live	0	0	0	650	496.734	650.000	617.800	293	198	129	3	10	1267	105	0	0		0	0	0	0	0	0.270	0.394	0.562	0	0.6598	0.8000
3.8.5	oog.mega.saguaro.Saguaro 1.0	rumble-4	4	4	true	35	3812.000	1336.000	29	1450.000	300.000	1744.000	912.000	16	24497	0.754	1.886	10.645	35	0	0	0.189	0.070	78	1302	2	1256	1254	6	20	0	0	0	167	1294	1368	T?/M?	live	0	0	0	650	423.486	400.000	549.914	491	37	217	3	2	1256	122	0	0		596	0	0	0	0	0.304	0.420	0.562	0	0.7405	0.8286
3.8.5	aaa.r.ScalarR 0.005h.053-noshield	rumble-5	5	1	true	35	1501.000	2992.000	10	500.000	1250.000	852.000	1290.000	141	98400	1.045	1.800	50.632	35	0	0	0.078	0.105	538	7873	3	8111	7873	25	96	0	0	0	966	7612	7993	T?/M?	live	0	0	0	650	486.354	650.000	2661.429	268	1	0	3	69	8098	966	0	0	Unable to stop thread: hadur2.Hadur 3.8.5	0	1	0	0	0	0.222	0.318	0.403	1	0.3341	0.2857
3.8.5	aaa.r.ScalarR 0.005h.053-noshield	rumble-5	5	2	true	35	1565.000	2772.000	11	550.000	1200.000	831.000	1167.000	34	100955	1.032	1.803	577.633	35	0	0	0.067	0.100	475	8099	3	8311	8099	32	109	0	0	0	996	8040	8249	T?/M?	live	0	0	0	650	484.603	650.000	2734.429	426	0	0	3	62	8302	995	0	0		0	0	0	0	0	0.222	0.317	0.403	1	0.3608	0.3143
3.8.5	aaa.r.ScalarR 0.005h.053-noshield	rumble-5	5	3	true	35	1365.000	2870.000	9	450.000	1300.000	779.000	1143.000	40	91976	1.038	1.801	44.838	35	0	0	0.065	0.102	428	7239	2	7599	7215	31	96	0	0	0	934	7270	7384	T?/M?	live	0	0	0	650	483.483	650.000	2477.886	142	1	0	3	83	7591	932	0	0		298	0	0	0	0	0.222	0.317	0.403	1	0.3223	0.2571
3.8.5	aaa.r.ScalarR 0.005h.053-noshield	rumble-5	5	4	true	35	1732.000	2588.000	13	650.000	1100.000	873.000	1127.000	30	98638	1.098	1.850	55.561	35	0	0	0.074	0.103	517	7877	4	8189	7877	27	88	0	0	0	979	7837	8050	T?/M?	live	0	0	0	650	487.180	650.000	2668.229	293	0	0	3	78	8179	977	0	0		0	0	0	0	0	0.222	0.316	0.385	1	0.4009	0.3714
3.8.5	voidious.Diamond 1.8.22	rumble-6	6	1	true	35	2095.000	2231.000	19	950.000	800.000	853.000	1160.000	28	98283	1.028	1.788	39.256	34	0	0	0.075	0.088	532	7857	170	8101	7857	26	58	0	0	0	856	7979	8022	T?/M?	live	0	0	0	650	540.644	650.000	2718.765	1516	2	22	2	44	8050	855	0	0		0	0	0	1	1	0.216	0.307	0.395	0	0.4843	0.5429
3.8.5	voidious.Diamond 1.8.22	rumble-6	6	2	true	35	1922.000	2324.000	18	900.000	850.000	772.000	1170.000	29	87173	0.979	1.764	37.081	35	0	0	0.070	0.093	467	6938	157	7164	6917	33	48	0	0	0	728	7019	7067	T?/M?	live	0	0	0	650	533.237	650.000	2340.657	2746	19	20	2	39	7160	726	0	0		0	0	0	0	0	0.216	0.308	0.395	0	0.4527	0.5143
3.8.5	voidious.Diamond 1.8.22	rumble-6	6	3	true	35	1824.000	2245.000	18	900.000	850.000	668.000	1110.000	29	96394	0.967	1.674	38.355	34	0	0	0.057	0.089	436	7713	174	7958	7713	25	43	0	0	0	835	7765	7782	T?/M?	live	0	0	0	650	531.888	650.000	2649.471	1510	41	18	2	2126	7834	831	0	0		0	0	0	1	1	0.216	0.307	0.395	0	0.4483	0.5143
3.8.5	voidious.Diamond 1.8.22	rumble-6	6	4	true	35	1841.000	2475.000	17	850.000	900.000	743.000	1247.000	32	94043	0.968	1.680	39.667	35	0	0	0.070	0.092	473	7521	181	7819	7518	68	36	0	0	0	855	7638	7665	T?/M?	live	0	0	0	650	536.809	650.000	2536.943	1570	56	27	3	36	7779	853	0	0		0	0	0	0	0	0.216	0.307	0.395	0	0.4266	0.4857
3.8.5	cb.fire.Firestarter 2.0f	rumble-7	7	1	true	35	1918.000	2496.000	13	650.000	1100.000	1054.000	1050.000	21	104511	1.029	1.746	26.511	35	0	0	0.082	0.087	662	7496	248	8546	7496	19	69	0	0	0	787	7685	8597	T?/M?	live	0	0	0	650	543.251	650.000	2836.029	594	64	20	2	4758	8523	785	0	0		0	0	0	0	0	0.214	0.302	0.395	0	0.4345	0.3714
3.8.5	cb.fire.Firestarter 2.0f	rumble-7	7	2	true	35	2082.000	2173.000	16	800.000	950.000	1024.000	932.000	31	114925	1.001	1.735	62.133	35	0	0	0.083	0.078	717	8307	200	10168	8295	33	82	0	0	0	886	9288	9516	T?/M?	live	0	0	0	650	549.414	650.000	3133.571	1002	4	37	2	25	10132	881	0	0		0	0	0	0	0	0.214	0.304	0.395	0	0.4893	0.4571
3.8.5	cb.fire.Firestarter 2.0f	rumble-7	7	3	true	35	2218.000	2014.000	19	950.000	800.000	1001.000	972.000	23	125710	1.023	1.767	27.792	35	0	0	0.080	0.083	778	9066	171	10582	9060	105	56	0	0	0	960	10416	10547	T?/M?	live	0	0	0	650	554.451	650.000	3441.714	1232	39	0	3	3435	10553	954	0	0		0	0	0	0	0	0.214	0.304	0.395	0	0.5241	0.5429
3.8.5	cb.fire.Firestarter 2.0f	rumble-7	7	4	true	35	2330.000	2082.000	18	900.000	850.000	1107.000	962.000	31	114779	1.009	1.769	28.061	35	0	0	0.091	0.082	774	8226	189	9568	8226	26	70	0	0	0	893	9470	9502	T?/M?	live	0	0	0	650	550.703	650.000	3129.400	924	65	3	2	21	9526	889	0	0		0	0	0	0	0	0.214	0.300	0.395	0	0.5281	0.5143
3.8.5	dsekercioglu.mega.Raven 3.56j8	rumble-8	8	1	true	35	2318.000	2007.000	23	1150.000	600.000	814.000	1185.000	8	47500	0.665	1.174	23.079	34	0	0	0.097	0.090	239	3216	17	3216	3216	6	42	0	0	0	336	3323	3389	T?/M?	live	0	0	0	650	455.756	650.000	1216.235	2331	354	40	2	16	3147	335	0	0		0	0	0	1	1	0.214	0.298	0.363	0	0.5360	0.6571
3.8.5	dsekercioglu.mega.Raven 3.56j8	rumble-8	8	2	true	35	2670.000	1780.000	26	1300.000	450.000	949.000	1162.000	13	45473	0.663	1.178	17.923	35	0	0	0.105	0.085	225	3049	19	3049	3049	6	34	0	0	0	356	3157	3256	T?/M?	live	0	0	0	650	447.686	650.000	1149.229	1910	398	83	2	16	3036	355	0	0		0	0	0	0	0	0.214	0.293	0.363	0	0.6000	0.7429
3.8.5	dsekercioglu.mega.Raven 3.56j8	rumble-8	8	3	true	35	2494.000	2090.000	24	1200.000	550.000	910.000	1316.000	10	43483	0.640	1.153	17.431	35	0	0	0.100	0.101	214	2890	13	2890	2890	4	32	0	0	0	283	2179	3121	T?/M?	live	0	0	0	650	452.034	650.000	1092.371	2536	287	61	2	450	2887	282	0	0		0	0	0	0	0	0.214	0.294	0.363	0	0.5441	0.6857
3.8.5	dsekercioglu.mega.Raven 3.56j8	rumble-8	8	4	true	35	2440.000	2055.000	25	1250.000	500.000	804.000	1352.000	20	46416	0.660	1.197	19.100	35	0	0	0.091	0.100	233	3130	17	3129	3128	15	38	0	0	0	328	3222	3373	T?/M?	live	0	0	0	650	454.357	650.000	1176.171	3294	391	9	3	21	3108	326	0	0		0	0	0	0	0	0.273	0.345	0.434	1	0.5428	0.7143
3.8.5	xander.cat.XanderCat 12.9	rumble-9	9	1	true	35	2554.000	1857.000	23	1150.000	600.000	1094.000	1077.000	10	43323	0.467	1.086	14.217	35	0	0	0.104	0.072	216	2007	1	2239	2007	9	35	0	0	0	202	2747	2940	T?/M?	live	0	0	0	650	461.506	650.000	1087.800	730	13	24	2	13	2234	202	0	0	"Preventing xander.cat.XanderCat 12.9 from access: (""java.io.FilePermission"" ""D:\code\H117-int\hadur-bench\target\classes\META-INF\services\java.time.zone.ZoneRulesProvider"" ""read""). You may only read files in your own root package directory."	0	0	1	0	0	0.273	0.353	0.434	1	0.5790	0.6571
3.8.5	xander.cat.XanderCat 12.9	rumble-9	9	2	true	35	2986.000	1604.000	25	1250.000	500.000	1293.000	944.000	21	51163	0.530	1.192	16.156	35	0	0	0.125	0.079	301	2858	0	2894	2858	12	39	0	0	0	295	3664	3668	T?/M?	live	0	0	0	650	450.900	650.000	1311.800	440	2	97	3	17	2887	295	0	0	"Preventing xander.cat.XanderCat 12.9 from access: (""java.io.FilePermission"" ""D:\code\H117-int\hadur-bench\target\classes\META-INF\services\java.time.zone.ZoneRulesProvider"" ""read""). You may only read files in your own root package directory."	0	0	1	0	0	0.249	0.347	0.434	1	0.6505	0.7143
3.8.5	xander.cat.XanderCat 12.9	rumble-9	9	3	true	35	2678.000	2101.000	21	1050.000	700.000	1279.000	1164.000	17	62687	0.527	1.160	383.548	34	0	0	0.126	0.088	438	3669	2	3738	3669	12	61	0	0	0	372	4509	4603	T?/M?	live	0	0	0	650	452.185	650.000	1638.941	107	5	87	2	21	3637	372	0	0	"Preventing xander.cat.XanderCat 12.9 from access: (""java.io.FilePermission"" ""D:\code\H117-int\hadur-bench\target\classes\META-INF\services\java.time.zone.ZoneRulesProvider"" ""read""). You may only read files in your own root package directory."	0	0	1	1	1	0.249	0.345	0.434	1	0.5604	0.6000
3.8.5	xander.cat.XanderCat 12.9	rumble-9	9	4	true	35	3016.000	1636.000	26	1300.000	450.000	1296.000	1071.000	15	45963	0.513	1.172	358.355	35	0	0	0.117	0.075	226	2343	0	2589	2343	9	32	0	0	0	274	2758	3149	T?/M?	live	0	0	0	650	453.511	650.000	1163.229	567	74	27	3	12	2577	272	0	0	"Preventing xander.cat.XanderCat 12.9 from access: (""java.io.FilePermission"" ""D:\code\H117-int\hadur-bench\target\classes\META-INF\services\java.time.zone.ZoneRulesProvider"" ""read""). You may only read files in your own root package directory."	0	0	1	0	0	0.249	0.344	0.434	1	0.6483	0.7429
3.8.5	lxx.Tomcat 3.68	rumble-10	10	1	true	35	2520.000	2032.000	24	1200.000	550.000	939.000	1273.000	27	84631	0.777	2.110	62.579	34	0	0	0.091	0.099	531	6644	107	6673	6644	23	50	0	0	0	777	6638	6678	T?/M?	live	0	0	0	650	519.838	650.000	2304.912	4053	1	13	2	35	6521	777	0	0		0	0	0	1	1	0.249	0.330	0.434	1	0.5536	0.6857
3.8.5	lxx.Tomcat 3.68	rumble-10	10	2	true	35	2770.000	1994.000	26	1300.000	450.000	1058.000	1359.000	36	84211	0.747	2.103	81.922	35	0	0	0.102	0.104	603	6555	92	6597	6555	28	55	0	0	0	782	6698	6800	T?/M?	live	0	0	0	650	515.703	650.000	2256.029	5340	3	25	3	52	6597	781	0	0		0	0	0	0	0	0.249	0.322	0.382	0	0.5814	0.7429
3.8.5	lxx.Tomcat 3.68	rumble-10	10	3	true	35	2456.000	1875.000	25	1200.000	500.000	886.000	1191.000	33	81420	0.765	2.093	56.205	35	0	0	0.097	0.103	549	6374	98	6473	6374	25	81	0	0	0	738	6431	6534	T?/M?	live	0	0	0	650	506.329	650.000	2176.286	4097	3	7	3	39	6445	737	0	0		0	0	0	0	0	0.249	0.323	0.382	0	0.5671	0.7059
3.8.5	lxx.Tomcat 3.68	rumble-10	10	4	true	35	2288.000	2260.000	21	1050.000	700.000	897.000	1284.000	26	68947	0.703	1.939	54.025	34	0	0	0.083	0.109	382	5242	128	5235	5234	26	36	0	0	0	579	5183	5335	T?/M?	live	0	0	0	650	505.332	650.000	1853.676	3402	1	22	2	35	5192	579	0	0		0	0	0	1	1	0.253	0.321	0.377	0	0.5031	0.6000
3.8.5	rsalesc.mega.Knight 0.6.28	rumble-11	11	1	true	35	2016.000	2560.000	14	700.000	1050.000	1089.000	1157.000	31	100909	1.075	2.092	37.380	34	0	0	0.092	0.101	626	8120	123	8125	8120	28	59	0	0	0	935	7844	8062	T?/M?	live	0	0	0	650	506.841	650.000	2770.235	1063	3	67	2	33	7971	933	0	0		0	0	0	1	1	0.200	0.316	0.380	0	0.4406	0.4000
3.8.5	rsalesc.mega.Knight 0.6.28	rumble-11	11	2	true	35	2132.000	2350.000	17	850.000	900.000	996.000	1135.000	33	105768	1.049	2.033	23.923	34	0	0	0.092	0.098	692	8636	109	8615	8611	30	76	0	0	0	968	8065	8580	T?/M?	live	0	0	0	650	511.712	650.000	2912.147	2199	11	48	3	30	8459	968	0	0		298	0	0	1	1	0.200	0.318	0.380	0	0.4757	0.4857
3.8.5	rsalesc.mega.Knight 0.6.28	rumble-11	11	3	true	35	2230.000	2069.000	18	900.000	850.000	1014.000	950.000	30	106609	1.062	2.110	118.735	34	0	0	0.095	0.095	679	8651	34	8652	8651	27	60	0	0	0	996	8254	8268	T?/M?	live	0	0	0	650	506.612	650.000	2855.529	1135	0	40	3	37	8181	995	0	0		0	0	0	1	1	0.200	0.320	0.393	0	0.5187	0.5143
3.8.5	rsalesc.mega.Knight 0.6.28	rumble-11	11	4	true	35	2422.000	2050.000	19	950.000	800.000	1151.000	990.000	32	110443	1.097	2.116	70.565	34	0	0	0.094	0.095	695	8990	91	8995	8990	28	59	0	0	0	1025	8599	8785	T?/M?	live	0	0	0	650	510.891	650.000	2990.765	814	2	103	3	50	8639	1024	0	0		0	0	0	1	1	0.200	0.323	0.396	1	0.5416	0.5429
3.8.5	aw.Gilgalad 1.99.5c	rumble-12	12	1	true	35	2032.000	2447.000	19	950.000	800.000	791.000	1358.000	31	73171	0.753	1.483	18.574	35	0	0	0.076	0.107	387	5659	0	5713	5658	27	57	0	0	0	608	5517	5819	T?/M?	live	0	0	0	650	509.314	650.000	1940.600	4476	17	3	3	29	5709	607	0	0		0	0	0	0	0	0.264	0.314	0.377	0	0.4537	0.5429
3.8.5	aw.Gilgalad 1.99.5c	rumble-12	12	2	true	35	2092.000	2333.000	20	1000.000	750.000	826.000	1298.000	32	68417	0.768	1.524	19.538	35	0	0	0.078	0.098	345	5200	0	5263	5198	47	40	0	0	0	559	5320	5355	T?/M?	live	0	0	0	650	502.440	650.000	1804.771	3587	8	11	2	31	5234	558	0	0		0	0	0	0	0	0.200	0.309	0.377	0	0.4728	0.5714
3.8.5	aw.Gilgalad 1.99.5c	rumble-12	12	3	true	35	1879.000	2364.000	18	900.000	850.000	715.000	1206.000	28	60884	0.719	1.478	19.327	34	0	0	0.087	0.107	372	4587	1	4628	4586	35	45	0	0	0	498	4500	4576	T?/M?	live	0	0	0	650	474.029	650.000	1603.765	4145	1	61	3	23	4521	498	0	0		0	0	0	1	1	0.200	0.308	0.356	0	0.4428	0.5143
3.8.5	aw.Gilgalad 1.99.5c	rumble-12	12	4	true	35	1959.000	2444.000	18	900.000	850.000	777.000	1271.000	25	65814	0.767	1.513	19.732	33	0	0	0.092	0.103	400	5004	5	5015	5004	22	41	0	0	0	514	4901	4960	T?/M?	live	0	0	0	650	476.409	650.000	1767.061	5276	29	42	2	26	4823	514	0	0		0	0	0	2	1	0.200	0.320	0.393	0	0.4449	0.5143
3.8.5	pc.Wavelet 1.5	rumble-13	13	1	true	35	2346.000	2066.000	20	950.000	750.000	1072.000	1061.000	8	52310	1.040	1.859	26.330	34	0	0	0.102	0.086	275	3184	0	3191	3184	8	29	0	0	0	366	3373	3719	T?/M?	live	0	0	0	650	444.971	650.000	1339.676	653	2	37	2	11	3077	366	0	0		0	0	0	1	1	0.269	0.336	0.396	1	0.5317	0.5588
3.8.5	pc.Wavelet 1.5	rumble-13	13	2	true	35	2239.000	2051.000	19	950.000	800.000	1002.000	961.000	13	52631	1.024	1.834	65.627	34	0	0	0.108	0.073	287	3196	0	3218	3196	11	18	0	0	0	357	3404	3774	T?/M?	live	0	0	0	650	443.429	650.000	1354.971	747	4	49	2	6	3116	357	0	0		0	0	0	1	1	0.269	0.336	0.396	1	0.5219	0.5429
3.8.5	pc.Wavelet 1.5	rumble-13	13	3	true	35	2101.000	2351.000	17	850.000	900.000	990.000	1097.000	11	50914	1.043	1.895	25.537	34	0	0	0.098	0.080	257	3009	1	3016	3009	8	38	0	0	0	335	3567	3645	T?/M?	live	0	0	0	650	441.459	650.000	1326.353	903	2	15	2	15	2987	334	0	0		0	0	0	1	1	0.269	0.339	0.396	1	0.4719	0.4857
3.8.5	pc.Wavelet 1.5	rumble-13	13	4	true	35	2243.000	2383.000	16	800.000	950.000	1165.000	1079.000	16	51019	1.049	1.864	25.432	35	0	0	0.106	0.088	263	3142	1	3209	3142	11	34	0	0	0	317	3490	3669	T?/M?	live	0	0	0	650	444.714	650.000	1307.686	416	0	96	2	11	3209	317	0	0		0	0	0	0	0	0.269	0.340	0.396	1	0.4849	0.4571
3.8.5	gh.GresSuffurd 0.4.13	rumble-14	14	1	true	35	2903.000	1351.000	29	1450.000	300.000	992.000	940.000	19	42485	0.485	1.001	20.076	35	0	0	0.111	0.080	219	2793	4	2794	2793	12	21	0	0	0	314	2235	2954	T?/M?	live	0	0	0	650	455.383	650.000	1063.857	2534	24	40	2	8	2794	313	0	0		0	0	0	0	0	0.269	0.321	0.396	1	0.6824	0.8286
3.8.5	gh.GresSuffurd 0.4.13	rumble-14	14	2	true	35	2551.000	1892.000	24	1200.000	550.000	952.000	1141.000	14	41106	0.528	1.069	21.567	34	0	0	0.106	0.084	190	2644	1	2643	2642	39	26	0	0	0	268	2652	2769	T?/M?	live	0	0	0	650	464.400	650.000	1033.000	673	15	88	2	12	2584	268	0	0		0	0	0	1	1	0.298	0.344	0.398	0	0.5742	0.6857
3.8.5	gh.GresSuffurd 0.4.13	rumble-14	14	3	true	35	2947.000	1808.000	26	1300.000	450.000	1184.000	1174.000	13	36068	0.563	1.077	18.903	35	0	0	0.117	0.088	142	2254	3	2254	2254	7	14	0	0	0	242	1823	2356	T?/M?	live	0	0	0	650	468.706	650.000	880.514	278	33	94	2	221	2240	242	0	0		0	0	0	0	0	0.291	0.337	0.398	0	0.6198	0.7429
3.8.5	gh.GresSuffurd 0.4.13	rumble-14	14	4	true	35	2906.000	1612.000	28	1400.000	350.000	1031.000	1125.000	15	40676	0.534	1.056	19.230	34	0	0	0.113	0.083	191	2654	3	2654	2653	24	18	0	0	0	292	2677	2724	T?/M?	live	0	0	0	650	465.988	650.000	1019.794	477	1	62	3	11	2593	292	0	0		0	0	0	1	1	0.291	0.335	0.398	0	0.6432	0.8000
3.8.5	kc.serpent.WaveSerpent 2.11	rumble-15	15	1	true	35	2375.000	1916.000	24	1200.000	550.000	805.000	1154.000	11	36198	0.962	2.132	385.390	35	0	0	0.092	0.077	139	1897	1	1897	1897	5	12	0	0	0	168	1042	2409	T?/M?	live	0	0	0	650	475.237	650.000	884.229	1223	0	24	2	9	1873	168	0	0		0	0	0	0	0	0.239	0.325	0.399	0	0.5535	0.6857
3.8.5	kc.serpent.WaveSerpent 2.11	rumble-15	15	2	true	35	2399.000	1807.000	25	1250.000	500.000	779.000	1124.000	15	38986	0.959	2.138	54.777	35	0	0	0.083	0.069	147	2034	0	2034	2034	6	14	0	0	0	187	1049	2721	T?/M?	live	0	0	0	650	468.351	650.000	963.886	1635	0	9	2	6	2033	187	0	0		0	0	0	0	0	0.257	0.320	0.399	0	0.5704	0.7143
3.8.5	kc.serpent.WaveSerpent 2.11	rumble-15	15	3	true	35	2682.000	1463.000	29	1450.000	300.000	798.000	1060.000	12	38544	0.952	2.190	54.627	35	0	0	0.083	0.067	144	1989	2	1989	1989	2	11	0	0	0	222	2577	2698	T?/M?	live	0	0	0	650	478.597	650.000	951.257	1765	0	16	2	15	1989	222	0	0		0	0	0	0	0	0.259	0.323	0.399	0	0.6470	0.8286
3.8.5	kc.serpent.WaveSerpent 2.11	rumble-15	15	4	true	35	2653.000	1507.000	28	1400.000	350.000	829.000	1025.000	12	36402	0.945	2.113	55.993	35	0	0	0.084	0.068	124	1908	1	1908	1908	8	12	0	0	0	193	1985	2485	T?/M?	live	0	0	0	650	493.637	650.000	890.057	1646	0	13	2	12	1908	193	0	0		0	0	0	0	0	0.259	0.326	0.443	0	0.6377	0.8000
3.8.5	dsekercioglu.mega.WhiteFang 2.8.1	rumble-17	17	1	true	35	3009.000	1331.000	30	1500.000	250.000	1022.000	991.000	12	45713	0.630	1.161	24.941	35	0	0	0.106	0.071	242	2873	2	2873	2873	5	28	0	0	0	305	3106	3282	T?/M?	live	0	0	0	650	470.991	650.000	1156.086	2019	66	68	2	12	2864	305	0	0		0	0	0	0	0	0.259	0.323	0.399	0	0.6933	0.8571
3.8.5	dsekercioglu.mega.WhiteFang 2.8.1	rumble-17	17	2	true	35	3014.000	1353.000	30	1500.000	250.000	1023.000	1009.000	21	46259	0.635	1.184	26.351	35	0	0	0.107	0.079	241	2915	2	2915	2914	26	23	0	0	0	333	3201	3350	T?/M?	live	0	0	0	650	469.711	650.000	1171.686	2483	81	81	2	11	2915	333	0	0		0	0	0	0	0	0.259	0.320	0.399	0	0.6902	0.8571
3.8.5	dsekercioglu.mega.WhiteFang 2.8.1	rumble-17	17	3	true	35	2809.000	1780.000	25	1200.000	500.000	1196.000	1088.000	14	44927	0.645	1.189	24.969	35	0	0	0.115	0.083	229	2762	1	2762	2762	7	31	0	0	0	250	2447	3123	T?/M?	live	0	0	0	650	463.863	650.000	1133.629	2275	3	132	2	39	2714	250	0	0		0	0	0	0	0	0.259	0.321	0.399	0	0.6121	0.7059
3.8.5	dsekercioglu.mega.WhiteFang 2.8.1	rumble-17	17	4	true	35	2668.000	1703.000	26	1300.000	450.000	962.000	1097.000	18	47799	0.651	1.217	23.482	35	0	0	0.104	0.078	269	2987	1	2987	2987	10	21	0	0	0	370	3284	3492	T?/M?	live	0	0	0	650	463.191	650.000	1215.686	3147	3	77	3	14	2966	369	0	0		0	0	0	0	0	0.259	0.322	0.399	0	0.6104	0.7429
3.8.5	cs.Nene 1.0.5	rumble-18	18	1	true	35	2671.000	1814.000	27	1350.000	400.000	908.000	1253.000	8	32728	0.690	1.285	19.585	35	0	0	0.099	0.086	120	1922	20	1922	1922	8	21	0	0	0	192	2107	2162	T?/M?	live	0	0	0	650	466.326	650.000	785.086	1603	464	21	2	10	1922	190	0	0		0	0	0	0	0	0.259	0.351	0.456	0	0.5955	0.7714
3.8.5	cs.Nene 1.0.5	rumble-18	18	2	true	35	2629.000	1572.000	29	1450.000	300.000	756.000	1154.000	12	33967	0.693	1.248	20.277	35	0	0	0.099	0.072	136	2014	18	2014	2014	4	15	0	0	0	196	1991	2282	T?/M?	live	0	0	0	650	472.363	650.000	820.486	1569	380	7	2	7	2014	196	0	0		0	0	0	0	0	0.290	0.362	0.456	0	0.6258	0.8286
3.8.5	cs.Nene 1.0.5	rumble-18	18	3	true	35	2665.000	1610.000	29	1450.000	300.000	787.000	1190.000	13	33151	0.700	1.256	19.913	35	0	0	0.097	0.078	133	1965	18	1963	1963	5	9	0	0	0	187	2177	2209	T?/M?	live	0	0	0	650	467.317	650.000	797.171	1310	283	8	2	1004	1963	184	0	0		0	0	0	0	0	0.303	0.363	0.456	0	0.6234	0.8286
3.8.5	cs.Nene 1.0.5	rumble-18	18	4	true	35	2415.000	2070.000	26	1300.000	450.000	739.000	1443.000	15	34251	0.688	1.277	251.430	35	0	0	0.089	0.087	132	2039	16	2039	2039	9	21	0	0	0	209	2093	2312	T?/M?	live	0	0	0	650	478.463	650.000	828.600	1113	337	28	3	11	2038	208	0	0		0	0	0	0	0	0.167	0.337	0.399	0	0.5385	0.7429
3.8.5	jk.melee.Neuromancer 7.12	rumble-19	19	1	true	35	2422.000	2256.000	19	950.000	800.000	1171.000	1178.000	39	73514	0.725	1.753	28.362	35	0	0	0.100	0.093	419	5448	0	5670	5448	32	52	0	0	0	627	5161	5674	T?/M?	live	0	0	0	650	533.663	650.000	1950.400	1654	6	13	2	15	5606	626	0	0		0	0	0	0	0	0.167	0.345	0.418	0	0.5177	0.5429
3.8.5	jk.melee.Neuromancer 7.12	rumble-19	19	2	true	35	1894.000	2711.000	13	650.000	1100.000	1038.000	1225.000	40	66079	0.727	1.753	25.024	35	0	0	0.097	0.099	401	4822	3	4885	4822	37	39	0	0	0	553	4880	5069	T?/M?	live	0	0	0	650	531.980	650.000	1737.971	1149	3	42	3	9	4845	549	0	0		0	0	0	0	0	0.252	0.352	0.418	0	0.4113	0.3714
3.8.5	jk.melee.Neuromancer 7.12	rumble-19	19	3	true	35	2217.000	2372.000	18	900.000	850.000	1044.000	1214.000	27	65675	0.747	1.760	294.288	35	0	0	0.099	0.100	402	4717	1	4808	4717	24	53	0	0	0	536	4895	5065	T?/M?	live	0	0	0	650	523.503	650.000	1726.429	1898	6	43	3	1156	4786	535	0	0		0	0	0	0	0	0.172	0.345	0.418	0	0.4831	0.5143
3.8.5	jk.melee.Neuromancer 7.12	rumble-19	19	4	true	35	2412.000	2159.000	20	1000.000	750.000	1090.000	1155.000	34	71458	0.727	1.734	541.226	35	0	0	0.096	0.105	443	5111	1	5169	5111	33	59	0	0	0	604	5500	5574	T?/M?	live	0	0	0	650	530.763	650.000	1891.657	2477	2	66	3	14	5140	601	0	0		0	0	0	0	0	0.172	0.351	0.466	0	0.5277	0.5714
3.8.5	voidious.Dookious 1.573c	rumble-20	20	1	true	35	2556.000	1655.000	27	1350.000	400.000	806.000	1111.000	11	35168	0.670	1.162	15.766	35	0	0	0.090	0.069	129	1905	1	1905	1905	5	14	0	0	0	175	1335	2354	T?/M?	live	0	0	0	650	494.651	650.000	854.800	1089	662	2	2	16	1905	175	0	0		0	0	0	0	0	0.252	0.359	0.418	0	0.6070	0.7714
3.8.5	voidious.Dookious 1.573c	rumble-20	20	2	true	35	2688.000	1408.000	29	1450.000	300.000	804.000	999.000	10	34871	0.665	1.139	16.071	35	0	0	0.095	0.064	135	1893	4	1893	1893	5	12	0	0	0	170	2176	2330	T?/M?	live	0	0	0	650	492.491	650.000	846.314	1157	551	23	2	36	1893	170	0	0		0	0	0	0	0	0.252	0.352	0.418	0	0.6562	0.8286
3.8.5	voidious.Dookious 1.573c	rumble-20	20	3	true	35	2577.000	1736.000	26	1300.000	450.000	869.000	1119.000	8	33811	0.676	1.173	16.148	35	0	0	0.100	0.072	134	1831	3	1831	1831	2	18	0	0	0	205	2113	2235	T?/M?	live	0	0	0	650	490.094	650.000	816.029	1031	528	22	2	19	1831	205	0	0		0	0	0	0	0	0.252	0.351	0.418	0	0.5975	0.7429
3.8.5	voidious.Dookious 1.573c	rumble-20	20	4	true	35	2662.000	1456.000	29	1450.000	300.000	789.000	1037.000	10	34987	0.635	1.124	16.554	35	0	0	0.091	0.071	144	1906	6	1906	1906	3	14	0	0	0	181	2120	2373	T?/M?	live	0	0	0	650	476.326	400.000	849.629	1927	617	22	2	9	1906	180	0	0		0	0	0	0	0	0.252	0.340	0.413	0	0.6464	0.8286
3.8.5	davidalves.Phoenix 1.02	rumble-21	21	1	true	35	2316.000	2224.000	23	1150.000	600.000	808.000	1391.000	8	35028	0.579	1.064	14.320	34	0	0	0.087	0.085	123	1877	0	1877	1877	7	19	0	0	0	189	1886	2299	T?/M?	live	0	0	0	650	452.888	650.000	854.412	912	31	10	3	16	1821	189	0	0		0	0	0	1	1	0.252	0.333	0.413	0	0.5101	0.6571
3.8.5	davidalves.Phoenix 1.02	rumble-21	21	2	true	35	2589.000	1827.000	26	1300.000	450.000	883.000	1200.000	13	34970	0.569	1.052	12.789	35	0	0	0.101	0.078	152	1878	1	1878	1878	4	12	0	0	0	191	1813	2346	T?/M?	live	0	0	0	650	458.371	650.000	849.143	1343	51	8	3	11	1877	191	0	0		0	0	0	0	0	0.252	0.334	0.413	0	0.5863	0.7429
3.8.5	davidalves.Phoenix 1.02	rumble-21	21	3	true	35	2393.000	2048.000	24	1200.000	550.000	821.000	1274.000	9	34185	0.569	1.056	19.928	34	0	0	0.104	0.077	146	1861	3	1861	1861	5	16	0	0	0	165	1907	2259	T?/M?	live	0	0	0	650	438.747	650.000	836.029	1488	5	55	2	8	1827	165	0	0		0	0	0	1	1	0.286	0.345	0.404	0	0.5388	0.6857
3.8.5	davidalves.Phoenix 1.02	rumble-21	21	4	true	35	2851.000	1565.000	30	1500.000	250.000	893.000	1215.000	15	35837	0.581	1.066	16.803	35	0	0	0.097	0.076	138	1882	1	1884	1882	6	14	0	0	0	185	2052	2459	T?/M?	live	0	0	0	650	464.180	650.000	873.914	1601	70	9	3	16	1884	185	0	0		0	0	0	0	0	0.265	0.340	0.404	0	0.6456	0.8571
3.8.5	rsalesc.roborio.Roborio 1.2.4	rumble-22	22	1	true	35	3105.000	1577.000	24	1200.000	550.000	1429.000	856.000	24	101761	0.795	1.410	21.003	35	0	0	0.117	0.088	761	7263	1	7263	7263	18	58	0	0	0	775	8289	8297	T?/M?	live	0	0	0	650	510.800	650.000	2757.457	924	0	159	3	39	7237	775	0	0		0	0	0	0	0	0.063	0.204	0.466	0	0.6632	0.6857
3.8.5	rsalesc.roborio.Roborio 1.2.4	rumble-22	22	2	true	35	2381.000	2161.000	17	850.000	900.000	1213.000	967.000	26	107735	0.797	1.436	20.822	35	0	0	0.106	0.092	767	7807	0	7808	7806	23	64	0	0	0	846	8746	8753	T?/M?	live	0	0	0	650	506.880	650.000	2928.143	932	0	80	2	46	7705	846	0	0		0	0	0	0	0	0.063	0.195	0.466	0	0.5242	0.4857
3.8.5	rsalesc.roborio.Roborio 1.2.4	rumble-22	22	3	true	35	2913.000	1840.000	20	1000.000	750.000	1503.000	843.000	16	83067	0.834	1.476	19.014	35	0	0	0.126	0.087	575	5950	3	5951	5950	9	51	0	0	0	643	6502	6508	T?/M?	live	0	0	0	650	493.323	650.000	2223.371	197	0	129	2	4317	5889	643	0	0		0	0	0	0	0	0.063	0.214	0.466	0	0.6129	0.5714
3.8.5	rsalesc.roborio.Roborio 1.2.4	rumble-22	22	4	true	35	3421.000	1458.000	25	1250.000	500.000	1653.000	799.000	17	104139	0.803	1.442	20.223	34	0	0	0.120	0.093	775	7547	3	7547	7547	15	57	0	0	0	806	8486	8494	T?/M?	live	0	0	0	650	504.468	650.000	2895.735	2507	29	219	2	47	7496	806	0	0		0	0	0	1	1	0.063	0.193	0.466	0	0.7012	0.7143
