build	opponent	role	rank	seed	ok	rounds	score	theirScore	firsts	survival	theirSurvival	bulletDamage	theirBulletDamage	skippedTurns	turns	turnP50Ms	turnP95Ms	turnMaxMs	roundRecords	faults	faultRecords	ourHitRate	theirHitRate	phantomWaves	enemyShots	unseenShots	inferredWaves	matchedWaves	radarReacquired	hiddenShots	profileFound	memoryFailures	seedsEvicted	bulletsIntercepted	jitteredShots	shotsFired	tiers	openingGun	gunSeed	surfSeed	seedDecays	openingDistance	meanDistance	targetDistance	roundTicks	finishTicks	ramTicks	fullPowerShots	maxLevel	slowTicks	shadowedWaves	interceptsShadowed	flavourChanges	flavourStep	errors	score_share	survival_share
3.8	RobotMarco.MarcoV 0.1	weak		1	true	35	5952.000	1.000	35	1750.000	0.000	3210.000	0.000	12	14173	0.177	0.561	9.603	35	0	0	0.435	0.000	0	97	0	97	97	3	2	0	0	0	3	0	534	T?/M?	live	0	0	0	650	398.866	400.000	254.943	74	29	325	2	4	97	3	0	0		0.9998	1.0000
3.8	RobotMarco.MarcoV 0.1	weak		2	true	35	5831.000	0.000	35	1750.000	0.000	3109.000	0.000	11	14935	0.185	0.563	20.551	35	0	0	0.361	0.000	0	131	0	131	131	3	1	0	0	0	7	0	572	T?/M?	live	0	0	0	650	425.291	400.000	276.714	138	11	394	3	4	131	7	0	0		1.0000	1.0000
3.8	RobotMarco.MarcoV 0.1	weak		3	true	35	5962.000	64.000	35	1750.000	0.000	3218.000	64.000	12	14329	0.212	0.639	9.759	35	0	0	0.415	0.038	0	106	0	106	106	3	2	0	0	0	4	0	542	T?/M?	live	0	0	0	650	443.789	400.000	259.400	51	0	346	2	3	106	4	0	0		0.9894	1.0000
3.8	RobotMarco.MarcoV 0.1	weak		4	true	35	5911.000	0.000	35	1750.000	0.000	3176.000	0.000	11	14326	0.183	0.576	11.136	35	0	0	0.394	0.000	0	108	0	108	108	5	2	0	0	0	8	0	539	T?/M?	live	0	0	0	650	420.223	400.000	259.314	79	0	354	3	3	108	8	0	0		1.0000	1.0000
3.8	ags.Midboss 1q.fast	mid		1	true	35	3395.000	1571.000	29	1450.000	300.000	1401.000	1143.000	23	34039	0.717	1.363	44.343	35	0	0	0.132	0.086	121	2110	5	2110	2109	14	35	0	0	0	196	2153	2198	T?/M?	live	0	0	0	650	408.000	650.000	822.543	448	91	70	3	3	2110	195	0	0		0.6836	0.8286
3.8	ags.Midboss 1q.fast	mid		2	true	35	3280.000	1498.000	27	1350.000	400.000	1408.000	934.000	28	30287	0.672	1.349	48.764	35	0	0	0.125	0.089	80	1809	5	1786	1786	16	31	0	0	0	175	1583	1848	T?/M?	live	0	0	0	650	413.671	650.000	715.343	645	60	103	3	5	1773	174	0	0		0.6865	0.7714
3.8	ags.Midboss 1q.fast	mid		3	true	35	3670.000	1128.000	32	1600.000	150.000	1464.000	914.000	28	32176	0.703	1.352	49.377	35	0	0	0.125	0.083	93	1976	8	1954	1954	13	40	0	0	0	181	1792	2030	T?/M?	live	0	0	0	650	409.623	650.000	769.314	724	176	78	3	15	1954	180	0	0		0.7649	0.9143
3.8	ags.Midboss 1q.fast	mid		4	true	35	3412.000	1418.000	30	1500.000	250.000	1367.000	1060.000	29	33423	0.699	1.352	34.783	35	0	0	0.127	0.090	118	2046	6	1999	1998	24	30	0	0	0	203	1763	2140	T?/M?	live	0	0	0	650	407.640	650.000	804.943	438	183	60	3	7	1998	201	0	0		0.7064	0.8571
3.8	apv.NanoLauLectrik 1.0	lower		1	true	35	3496.000	1164.000	31	1550.000	200.000	1385.000	871.000	11	19635	0.424	1.025	14.768	35	0	0	0.162	0.057	70	823	1	823	822	3	12	0	0	0	63	0	972	T?/M?	live	0	0	0	650	461.826	550.000	411.000	566	443	241	3	7	823	63	0	0		0.7502	0.8857
3.8	apv.NanoLauLectrik 1.0	lower		2	true	35	3891.000	973.000	34	1700.000	50.000	1549.000	899.000	12	18990	0.345	0.974	15.606	35	0	0	0.170	0.069	78	784	0	785	783	3	13	0	0	0	67	544	913	T?/M?	live	0	0	0	650	439.509	400.000	392.571	570	522	294	3	5	785	67	0	0		0.8000	0.9714
3.8	apv.NanoLauLectrik 1.0	lower		3	true	35	3780.000	929.000	33	1650.000	100.000	1507.000	780.000	13	17865	0.402	0.991	16.174	35	0	0	0.164	0.064	92	717	1	718	713	3	15	0	0	0	57	775	821	T?/M?	live	0	0	0	650	466.077	400.000	360.429	743	355	282	1	54	718	57	0	0		0.8027	0.9429
3.8	apv.NanoLauLectrik 1.0	lower		4	true	35	3641.000	768.000	34	1700.000	50.000	1338.000	692.000	11	19039	0.417	0.991	14.499	35	0	0	0.147	0.051	71	794	0	795	794	4	15	0	0	0	74	816	934	T?/M?	live	0	0	0	650	451.814	450.000	393.971	816	325	129	3	4	795	74	0	0		0.8258	0.9714
3.8	bvh.fnr.Fenrir 0.36l	lower		1	true	35	3838.000	1053.000	33	1650.000	100.000	1557.000	910.000	14	25574	0.428	1.046	15.616	35	0	0	0.143	0.070	48	1216	3	1216	1216	4	11	0	0	0	100	554	1471	T?/M?	live	0	0	0	650	482.860	650.000	580.686	514	0	69	2	8	1216	100	0	0		0.7847	0.9429
3.8	bvh.fnr.Fenrir 0.36l	lower		2	true	35	3858.000	1166.000	32	1600.000	150.000	1628.000	948.000	17	25305	0.432	1.013	15.470	35	0	0	0.153	0.074	54	1198	18	1198	1198	6	22	0	0	0	88	676	1425	T?/M?	live	0	0	0	650	477.966	650.000	573.000	382	0	226	2	629	1197	88	0	0		0.7679	0.9143
3.8	bvh.fnr.Fenrir 0.36l	lower		3	true	35	3703.000	1316.000	31	1550.000	200.000	1547.000	1032.000	16	25198	0.440	1.033	16.952	35	0	0	0.146	0.081	48	1214	5	1214	1214	5	23	0	0	0	89	1129	1434	T?/M?	live	0	0	0	650	495.443	650.000	569.943	488	44	207	2	19	1214	89	0	0		0.7378	0.8857
3.8	bvh.fnr.Fenrir 0.36l	lower		4	true	35	3642.000	1347.000	31	1550.000	200.000	1496.000	1056.000	20	25529	0.459	1.068	16.738	35	0	0	0.143	0.084	58	1214	22	1214	1214	10	21	0	0	0	94	884	1467	T?/M?	live	0	0	0	650	496.363	650.000	579.400	420	31	194	2	7	1214	94	0	0		0.7300	0.8857
3.8	cw.megas.Silhouette 1.1	mid		1	true	35	3734.000	1431.000	30	1500.000	250.000	1622.000	1059.000	12	22598	0.477	1.025	16.001	35	0	0	0.160	0.119	41	1081	3	1062	1062	3	10	0	0	0	94	35	1177	T?/M?	live	0	0	0	650	395.200	650.000	495.657	447	457	308	3	7	1060	92	0	0		0.7229	0.8571
3.8	cw.megas.Silhouette 1.1	mid		2	true	35	3554.000	1554.000	30	1500.000	250.000	1476.000	1191.000	16	24310	0.517	1.060	15.935	35	0	0	0.147	0.087	56	1200	1	1200	1200	4	4	0	0	0	110	751	1338	T?/M?	live	0	0	0	650	414.714	650.000	544.571	236	399	200	3	5	1200	110	0	0		0.6958	0.8571
3.8	cw.megas.Silhouette 1.1	mid		3	true	35	3471.000	1374.000	31	1550.000	200.000	1362.000	1093.000	10	24781	0.517	1.060	16.142	35	0	0	0.147	0.076	66	1235	4	1235	1235	2	12	0	0	0	99	1273	1381	T?/M?	live	0	0	0	650	407.251	650.000	558.029	481	326	210	2	251	1234	99	0	0		0.7164	0.8857
3.8	cw.megas.Silhouette 1.1	mid		4	true	35	3715.000	1562.000	29	1450.000	300.000	1666.000	1128.000	12	22459	0.458	1.018	15.699	35	0	0	0.160	0.091	42	1083	1	1083	1083	4	14	0	0	0	101	675	1170	T?/M?	live	0	0	0	650	378.369	550.000	491.686	519	254	363	3	5	1082	101	0	0		0.7040	0.8286
3.8	dggp.haiku.gpBot_0 1.1	weak		1	true	35	4342.000	699.000	33	1650.000	100.000	1972.000	551.000	7	15388	0.270	0.714	538.658	34	0	0	0.241	0.054	69	535	0	518	518	3	11	0	0	0	27	0	586	T?/M?	live	0	0	0	650	442.294	400.000	285.294	397	230	413	3	3	494	25	0	0		0.8613	0.9429
3.8	dggp.haiku.gpBot_0 1.1	weak		2	true	35	4641.000	290.000	35	1750.000	0.000	2107.000	288.000	4	14040	0.205	0.704	15.251	35	0	0	0.277	0.033	62	458	3	458	458	4	17	0	0	0	22	0	516	T?/M?	live	0	0	0	650	392.537	400.000	251.143	310	173	386	2	4	457	22	0	0		0.9412	1.0000
3.8	dggp.haiku.gpBot_0 1.1	weak		3	true	35	4538.000	170.000	35	1750.000	0.000	2032.000	170.000	10	14021	0.182	0.649	371.802	35	0	0	0.268	0.024	53	470	1	470	470	1	12	0	0	0	28	0	517	T?/M?	live	0	0	0	650	402.911	400.000	250.600	446	167	371	2	5	470	28	0	0		0.9639	1.0000
3.8	dggp.haiku.gpBot_0 1.1	weak		4	true	35	4560.000	235.000	35	1750.000	0.000	2027.000	224.000	8	14347	0.234	0.734	24.785	34	0	0	0.274	0.030	62	479	3	479	479	1	16	0	0	0	17	0	523	T?/M?	live	0	0	0	650	395.544	400.000	257.824	510	207	345	1	4	459	17	0	0		0.9510	1.0000
3.8	eat.HumblePieLite 1.0	lower		1	true	35	5300.000	560.000	35	1750.000	0.000	2666.000	560.000	11	13080	0.178	0.672	8.432	35	0	0	0.364	0.087	1	388	3	388	388	3	11	0	0	0	21	0	450	T?/M?	live	0	0	0	650	490.331	400.000	223.714	271	0	351	2	4	388	21	0	0		0.9044	1.0000
3.8	eat.HumblePieLite 1.0	lower		2	true	35	5296.000	608.000	35	1750.000	0.000	2664.000	608.000	11	13168	0.186	0.694	84.592	35	0	0	0.353	0.090	3	402	1	402	402	2	14	0	0	0	27	0	460	T?/M?	live	0	0	0	650	495.937	400.000	226.229	232	0	352	2	1	402	27	0	0		0.8970	1.0000
3.8	eat.HumblePieLite 1.0	lower		3	true	35	5254.000	482.000	35	1750.000	0.000	2629.000	480.000	10	13084	0.189	0.713	12.226	35	0	0	0.353	0.075	3	383	1	383	383	3	8	0	0	0	14	0	453	T?/M?	live	0	0	0	650	482.900	400.000	223.829	310	0	347	2	5	383	14	0	0		0.9160	1.0000
3.8	eat.HumblePieLite 1.0	lower		4	true	35	5199.000	288.000	35	1750.000	0.000	2582.000	288.000	9	12841	0.180	0.653	9.117	35	0	0	0.371	0.044	0	363	4	363	363	5	12	0	0	0	24	0	436	T?/M?	live	0	0	0	650	479.140	400.000	216.886	285	0	334	2	4	363	24	0	0		0.9475	1.0000
3.8	exauge.GateKeeper 1.1.121g	lower		1	true	35	3762.000	804.000	34	1700.000	50.000	1442.000	731.000	12	22300	0.414	0.934	18.889	35	0	0	0.133	0.059	112	918	1	925	915	3	21	0	0	0	65	975	1190	T?/M?	live	0	0	0	650	537.571	650.000	487.143	557	215	131	3	6	925	65	0	0		0.8239	0.9714
3.8	exauge.GateKeeper 1.1.121g	lower		2	true	35	3743.000	1216.000	32	1600.000	150.000	1538.000	993.000	8	21559	0.398	0.887	14.761	34	0	0	0.156	0.077	115	931	1	938	931	4	18	0	0	0	62	0	1076	T?/M?	live	0	0	0	650	465.629	400.000	458.471	502	145	166	3	5	893	62	0	0		0.7548	0.9143
3.8	exauge.GateKeeper 1.1.121g	lower		3	true	35	3655.000	1020.000	32	1600.000	150.000	1456.000	813.000	11	21869	0.409	0.945	14.826	35	0	0	0.152	0.063	123	917	4	923	915	3	25	0	0	0	60	0	1133	T?/M?	live	0	0	0	650	512.983	525.000	474.829	518	165	126	2	8	917	60	0	0		0.7818	0.9143
3.8	exauge.GateKeeper 1.1.121g	lower		4	true	35	3927.000	912.000	34	1700.000	50.000	1577.000	838.000	14	21711	0.405	0.915	15.831	35	0	0	0.156	0.070	125	891	4	892	889	5	22	0	0	0	46	0	1142	T?/M?	live	0	0	0	650	503.457	650.000	470.314	366	112	221	3	6	892	46	0	0		0.8115	0.9714
3.8	exauge.Leopard 1.1.019	weak		1	true	35	6448.000	1322.000	35	1750.000	0.000	3623.000	1318.000	11	10247	0.207	0.552	16.595	35	0	0	0.805	0.407	15	278	1	278	278	3	24	0	0	0	6	0	275	T?/M?	live	0	0	0	650	202.134	400.000	142.771	345	0	230	3	3	277	6	0	0		0.8299	1.0000
3.8	exauge.Leopard 1.1.019	weak		2	true	35	6511.000	1560.000	35	1750.000	0.000	3663.000	1500.000	11	10187	0.214	0.583	8.453	35	0	0	0.808	0.433	56	280	2	280	280	2	25	0	0	0	4	0	268	T?/M?	live	0	0	0	650	196.771	650.000	141.057	354	0	234	3	3	280	4	0	0		0.8067	1.0000
3.8	exauge.Leopard 1.1.019	weak		3	true	35	6313.000	1096.000	35	1750.000	0.000	3468.000	1046.000	10	10030	0.217	0.585	9.337	35	0	0	0.799	0.339	43	261	1	262	260	3	35	0	0	0	6	0	258	T?/M?	live	0	0	0	650	225.446	600.000	136.571	329	5	222	1	2	260	6	0	0		0.8521	1.0000
3.8	exauge.Leopard 1.1.019	weak		4	true	35	6299.000	1462.000	34	1700.000	50.000	3538.000	1326.000	12	10212	0.215	0.555	8.060	35	0	0	0.816	0.569	20	276	2	263	262	5	20	0	0	0	2	0	272	T?/M?	live	0	0	0	650	202.129	400.000	141.771	350	0	214	3	3	263	2	0	0		0.8116	0.9714
3.8	fowl3628800.SitAndGo 1.0.0	weak		1	true	35	5233.000	62.000	35	1750.000	0.000	2611.000	62.000	12	15418	0.264	0.733	14.653	35	0	0	0.292	0.023	170	680	3	682	667	4	17	0	0	0	32	0	598	T?/M?	live	0	0	0	650	456.277	400.000	290.514	186	81	471	3	5	682	32	0	0		0.9883	1.0000
3.8	fowl3628800.SitAndGo 1.0.0	weak		2	true	35	5325.000	75.000	35	1750.000	0.000	2688.000	75.000	11	15120	0.265	0.729	15.819	35	0	0	0.306	0.026	135	666	3	668	651	2	18	0	0	0	39	0	581	T?/M?	live	0	0	0	650	444.726	400.000	282.000	235	49	467	3	3	668	37	0	0		0.9861	1.0000
3.8	fowl3628800.SitAndGo 1.0.0	weak		3	true	35	5293.000	26.000	35	1750.000	0.000	2660.000	26.000	11	15031	0.256	0.712	46.068	35	0	0	0.336	0.012	167	665	2	665	657	4	12	0	0	0	32	0	573	T?/M?	live	0	0	0	650	472.237	400.000	279.457	171	78	452	1	5	665	32	0	0		0.9951	1.0000
3.8	fowl3628800.SitAndGo 1.0.0	weak		4	true	35	5275.000	40.000	35	1750.000	0.000	2646.000	40.000	12	15457	0.249	0.708	14.310	35	0	0	0.305	0.018	160	690	4	690	681	4	20	0	0	0	48	382	607	T?/M?	live	0	0	0	650	475.234	400.000	291.629	172	50	466	3	3	690	47	0	0		0.9925	1.0000
3.8	gh.nano.Grofvuil 0.2	weak		1	true	35	5238.000	117.000	35	1750.000	0.000	2615.000	117.000	10	12508	0.206	0.662	8.349	35	0	0	0.400	0.020	14	437	2	440	436	4	11	0	0	0	33	0	410	T?/M?	live	0	0	0	650	350.746	400.000	207.371	272	0	300	2	4	440	33	0	0		0.9782	1.0000
3.8	gh.nano.Grofvuil 0.2	weak		2	true	35	5331.000	107.000	35	1750.000	0.000	2693.000	107.000	13	12653	0.203	0.620	8.518	35	0	0	0.431	0.023	3	458	4	441	439	4	8	0	0	0	31	0	432	T?/M?	live	0	0	0	650	331.180	400.000	211.514	338	0	287	3	4	441	29	0	0		0.9803	1.0000
3.8	gh.nano.Grofvuil 0.2	weak		3	true	35	5284.000	94.000	35	1750.000	0.000	2653.000	94.000	13	12503	0.205	0.685	40.177	35	0	0	0.418	0.012	9	440	4	442	440	0	8	0	0	0	28	324	412	T?/M?	live	0	0	0	650	363.271	400.000	207.229	238	0	294	1	4	442	28	0	0		0.9825	1.0000
3.8	gh.nano.Grofvuil 0.2	weak		4	true	35	5278.000	32.000	35	1750.000	0.000	2649.000	32.000	13	12365	0.207	0.669	13.859	35	0	0	0.419	0.010	11	433	4	433	433	6	13	0	0	0	29	261	408	T?/M?	live	0	0	0	650	356.846	400.000	203.286	350	0	275	3	3	433	29	0	0		0.9940	1.0000
3.8	gwah.GBotMarkIV 1.0	weak		1	true	35	5549.000	48.000	35	1750.000	0.000	2874.000	48.000	12	9870	0.150	0.513	9.033	35	0	0	0.768	0.086	4	246	3	230	229	3	9	0	0	0	5	0	248	T?/M?	live	0	0	0	650	226.966	400.000	132.000	255	11	180	3	3	230	5	0	0		0.9914	1.0000
3.8	gwah.GBotMarkIV 1.0	weak		2	true	35	5553.000	22.000	35	1750.000	0.000	2877.000	22.000	10	9736	0.147	0.551	9.234	35	0	0	0.767	0.009	6	233	1	233	233	3	4	0	0	0	3	0	236	T?/M?	live	0	0	0	650	206.086	400.000	128.171	271	21	186	2	4	233	3	0	0		0.9961	1.0000
3.8	gwah.GBotMarkIV 1.0	weak		3	true	35	5576.000	34.000	35	1750.000	0.000	2896.000	34.000	8	9657	0.136	0.519	12.661	35	0	0	0.771	0.010	3	229	0	229	229	1	8	0	0	0	5	0	231	T?/M?	live	0	0	0	650	207.280	400.000	125.914	284	6	184	1	5	229	5	0	0		0.9939	1.0000
3.8	gwah.GBotMarkIV 1.0	weak		4	true	35	5552.000	33.000	35	1750.000	0.000	2877.000	33.000	9	9823	0.141	0.495	8.622	35	0	0	0.746	0.012	11	234	1	234	234	5	4	0	0	0	6	0	241	T?/M?	live	0	0	0	650	217.989	400.000	130.657	280	10	191	2	2	234	6	0	0		0.9941	1.0000
3.8	japs.Serenity 1.0	weak		1	true	35	6189.000	6.000	35	1750.000	0.000	3404.000	0.000	14	22488	0.194	0.636	72.925	35	0	0	0.289	0.000	45	0	0	3	0	4	0	0	0	0	0	0	1157	T?/M?	live	0	0	0	650	525.854	650.000	492.514	0	18	205	3	4	3	0	0	0		0.9990	1.0000
3.8	japs.Serenity 1.0	weak		2	true	35	6196.000	32.000	35	1750.000	0.000	3382.000	0.000	14	21704	0.187	0.625	14.045	35	0	0	0.313	0.000	59	0	0	2	0	4	0	0	0	0	0	0	1093	T?/M?	live	0	0	0	650	517.726	650.000	470.114	0	39	192	3	3	2	0	0	0		0.9949	1.0000
3.8	japs.Serenity 1.0	weak		3	true	35	6102.000	80.000	34	1700.000	50.000	3368.000	0.000	11	22438	0.216	0.676	39.210	35	0	0	0.269	0.000	74	0	0	81	0	1	0	0	0	0	0	0	1095	T?/M?	live	0	0	0	650	482.249	400.000	491.086	3	0	586	2	6	81	0	0	0		0.9871	0.9714
3.8	japs.Serenity 1.0	weak		4	true	35	6240.000	36.000	35	1750.000	0.000	3403.000	0.000	12	19725	0.190	0.611	14.542	35	0	0	0.363	0.000	65	0	0	1	0	4	0	0	0	0	0	0	951	T?/M?	live	0	0	0	650	474.814	650.000	413.571	0	14	211	2	4	0	0	0	0		0.9943	1.0000
3.8	jeremyreeder.Bully 1	weak		1	true	35	5646.000	194.000	35	1750.000	0.000	2938.000	176.000	11	9335	0.203	0.536	34.188	35	0	0	0.819	0.043	17	209	1	209	209	1	4	0	0	0	0	0	217	T?/M?	live	0	0	0	650	195.214	400.000	116.714	420	4	182	3	3	208	0	0	0		0.9668	1.0000
3.8	jeremyreeder.Bully 1	weak		2	true	35	5608.000	130.000	35	1750.000	0.000	2916.000	80.000	12	9312	0.209	0.554	31.185	35	0	0	0.824	0.028	35	200	0	200	200	2	11	0	0	0	0	0	214	T?/M?	live	0	0	0	650	225.780	400.000	116.057	357	9	178	3	2	197	0	0	0		0.9773	1.0000
3.8	jeremyreeder.Bully 1	weak		3	true	35	5620.000	125.000	35	1750.000	0.000	2919.000	112.000	26	9378	0.199	0.551	62.039	35	0	0	0.811	0.031	13	209	1	209	209	0	8	0	0	0	2	0	218	T?/M?	live	0	0	0	650	223.183	400.000	117.943	345	5	188	1	2	209	2	0	0		0.9782	1.0000
3.8	jeremyreeder.Bully 1	weak		4	true	35	5564.000	380.000	34	1700.000	50.000	2924.000	243.000	13	9401	0.204	0.524	8.903	35	0	0	0.829	0.191	11	211	1	203	203	4	5	0	0	0	0	0	220	T?/M?	live	0	0	0	650	199.960	400.000	118.600	396	9	178	3	2	202	0	0	0		0.9361	0.9714
3.8	jgap.JGAP7247_2 1.0	weak		1	true	35	4949.000	112.000	35	1750.000	0.000	2374.000	112.000	12	12141	0.206	0.686	8.085	35	0	0	0.395	0.017	161	294	1	306	293	2	16	0	0	0	21	0	395	T?/M?	live	0	0	0	650	449.391	400.000	196.886	185	183	286	3	3	306	21	0	0		0.9779	1.0000
3.8	jgap.JGAP7247_2 1.0	weak		2	true	35	5000.000	275.000	35	1750.000	0.000	2417.000	275.000	13	12069	0.224	0.740	8.414	35	0	0	0.411	0.102	154	294	4	297	282	3	10	0	0	0	19	0	396	T?/M?	live	0	0	0	650	425.323	400.000	194.829	268	111	261	3	5	297	19	0	0		0.9479	1.0000
3.8	jgap.JGAP7247_2 1.0	weak		3	true	35	5066.000	224.000	35	1750.000	0.000	2472.000	224.000	16	12026	0.205	0.730	15.410	35	0	0	0.412	0.036	130	291	4	309	291	0	21	0	0	0	15	0	387	T?/M?	live	0	0	0	650	422.914	400.000	193.600	222	117	280	1	4	309	15	0	0		0.9577	1.0000
3.8	jgap.JGAP7247_2 1.0	weak		4	true	35	4839.000	144.000	35	1750.000	0.000	2283.000	144.000	12	12376	0.205	0.678	8.113	35	0	0	0.379	0.020	166	309	1	327	309	3	15	0	0	0	10	0	414	T?/M?	live	0	0	0	650	446.969	400.000	203.600	348	125	280	2	3	327	10	0	0		0.9711	1.0000
3.8	kc.micro.Needle 0.101	mid		1	true	35	3830.000	841.000	35	1750.000	0.000	1442.000	841.000	9	29135	0.524	1.108	16.040	35	0	0	0.148	0.060	99	1432	0	1432	1432	1	22	0	0	0	123	1754	1773	T?/M?	live	0	0	0	650	395.029	400.000	682.429	356	0	54	2	7	1432	123	0	0		0.8200	1.0000
3.8	kc.micro.Needle 0.101	mid		2	true	35	3747.000	1107.000	33	1650.000	100.000	1479.000	959.000	12	29262	0.585	1.211	15.397	35	0	0	0.141	0.073	87	1424	1	1424	1424	5	11	0	0	0	105	143	1788	T?/M?	live	0	0	0	650	456.691	650.000	686.057	318	0	47	2	8	1424	105	0	0		0.7719	0.9429
3.8	kc.micro.Needle 0.101	mid		3	true	35	2899.000	1990.000	24	1200.000	550.000	1250.000	1205.000	5	27594	0.657	1.239	15.797	34	0	0	0.143	0.084	92	1478	3	1483	1478	2	25	0	0	0	126	1584	1599	T?/M?	live	0	0	0	650	444.629	650.000	639.029	333	0	134	2	9	1432	126	0	0		0.5930	0.6857
3.8	kc.micro.Needle 0.101	mid		4	true	35	3303.000	1331.000	30	1500.000	250.000	1263.000	997.000	12	30440	0.598	1.215	17.515	35	0	0	0.131	0.071	102	1541	3	1542	1541	5	17	0	0	0	163	1816	1859	T?/M?	live	0	0	0	650	437.266	525.000	719.714	317	0	126	3	9	1538	163	0	0		0.7128	0.8571
3.8	kinsen.nano.Quarrelet 1.0	lower		1	true	35	3654.000	1009.000	32	1600.000	150.000	1461.000	782.000	14	18411	0.362	0.924	15.833	35	0	0	0.166	0.063	80	749	1	755	748	5	9	0	0	0	54	0	871	T?/M?	live	0	0	0	650	478.123	625.000	376.029	643	383	244	2	5	755	54	0	0		0.7836	0.9143
3.8	kinsen.nano.Quarrelet 1.0	lower		2	true	35	3478.000	978.000	33	1650.000	100.000	1263.000	830.000	11	19443	0.409	0.947	15.489	35	0	0	0.139	0.059	91	812	0	832	811	3	13	0	0	0	48	0	969	T?/M?	live	0	0	0	650	523.189	550.000	405.514	883	455	111	2	4	832	48	0	0		0.7805	0.9429
3.8	kinsen.nano.Quarrelet 1.0	lower		3	true	35	3654.000	1125.000	32	1600.000	150.000	1454.000	901.000	13	18553	0.355	0.886	15.292	35	0	0	0.168	0.068	120	767	0	773	764	3	20	0	0	0	51	267	886	T?/M?	live	0	0	0	650	423.946	400.000	380.086	766	261	249	2	52	773	51	0	0		0.7646	0.9143
3.8	kinsen.nano.Quarrelet 1.0	lower		4	true	35	3427.000	1080.000	32	1600.000	150.000	1265.000	863.000	15	20208	0.415	0.954	14.757	35	0	0	0.159	0.056	85	862	1	872	860	7	13	0	0	0	47	0	1041	T?/M?	live	0	0	0	650	493.943	650.000	427.371	739	570	115	3	6	872	47	0	0		0.7604	0.9143
3.8	nat.Hikari dev0001	lower		1	true	35	4238.000	615.000	35	1750.000	0.000	1781.000	615.000	9	21674	0.333	0.811	10.287	35	0	0	0.154	0.059	9	1105	1	1105	1105	2	20	0	0	0	103	798	1098	T?/M?	live	0	0	0	650	406.706	400.000	469.257	609	228	223	2	4	1105	103	0	0		0.8733	1.0000
3.8	nat.Hikari dev0001	lower		2	true	35	4010.000	852.000	32	1600.000	150.000	1764.000	637.000	9	21684	0.312	0.789	13.502	35	0	0	0.156	0.057	10	1108	1	1108	1108	2	13	0	0	0	111	952	1099	T?/M?	live	0	0	0	650	395.637	400.000	469.543	507	198	258	2	4	1108	111	0	0		0.8248	0.9143
3.8	nat.Hikari dev0001	lower		3	true	35	4025.000	984.000	33	1650.000	100.000	1710.000	848.000	12	23065	0.376	0.935	13.509	35	0	0	0.159	0.072	38	1198	3	1198	1198	3	16	0	0	0	138	1074	1220	T?/M?	live	0	0	0	650	406.003	425.000	509.000	529	400	310	2	6	1198	138	0	0		0.8036	0.9429
3.8	nat.Hikari dev0001	lower		4	true	35	4032.000	808.000	33	1650.000	100.000	1718.000	672.000	11	22312	0.290	0.765	14.049	35	0	0	0.159	0.062	27	1145	3	1145	1145	5	20	0	0	0	111	1099	1132	T?/M?	live	0	0	0	650	403.223	500.000	487.486	563	297	308	3	5	1132	111	0	0		0.8331	0.9429
3.8	ne.Chimera 1.2	lower		1	true	35	2221.000	107.000	35	1750.000	0.000	101.000	107.000	7	6425	0.047	0.630	16.752	35	0	0	0.012	0.011	4	72	0	53	53	3	1	0	0	0	10	0	83	T?/M?	live	0	0	0	650	349.150	650.000	33.571	3	0	0	3	3	53	7	0	0	"Preventing ne.Chimera 1.2 from access: (""java.io.FilePermission"" ""D:\code\Hadur_Robot\hadur-bench\target\classes\META-INF\services\java.time.zone.ZoneRulesProvider"" ""read""). You may only read files in your own root package directory."	0.9540	1.0000
3.8	ne.Chimera 1.2	lower		2	true	35	2186.000	32.000	35	1750.000	0.000	71.000	32.000	7	5600	0.045	0.623	15.045	35	0	0	0.010	0.003	0	18	1	18	18	2	0	0	0	0	0	0	21	T?/M?	live	0	0	0	650	306.100	650.000	10.000	15	0	0	2	2	18	0	0	0	"Preventing ne.Chimera 1.2 from access: (""java.io.FilePermission"" ""D:\code\Hadur_Robot\hadur-bench\target\classes\META-INF\services\java.time.zone.ZoneRulesProvider"" ""read""). You may only read files in your own root package directory."	0.9856	1.0000
3.8	ne.Chimera 1.2	lower		3	true	35	2158.000	58.000	35	1750.000	0.000	48.000	58.000	5	5870	0.044	0.735	13.013	35	0	0	0.005	0.004	3	37	0	37	37	1	1	0	0	0	3	0	42	T?/M?	live	0	0	0	650	312.600	650.000	17.714	0	0	0	2	2	37	3	0	0	"Preventing ne.Chimera 1.2 from access: (""java.io.FilePermission"" ""D:\code\Hadur_Robot\hadur-bench\target\classes\META-INF\services\java.time.zone.ZoneRulesProvider"" ""read""). You may only read files in your own root package directory."	0.9738	1.0000
3.8	ne.Chimera 1.2	lower		4	true	35	2178.000	67.000	35	1750.000	0.000	65.000	67.000	6	5756	0.044	0.657	14.800	35	0	0	0.008	0.005	4	29	0	29	29	3	0	0	0	0	2	0	35	T?/M?	live	0	0	0	650	356.600	650.000	14.457	0	0	1	3	2	29	2	0	0	"Preventing ne.Chimera 1.2 from access: (""java.io.FilePermission"" ""D:\code\Hadur_Robot\hadur-bench\target\classes\META-INF\services\java.time.zone.ZoneRulesProvider"" ""read""). You may only read files in your own root package directory."	0.9702	1.0000
3.8	ntw.Sighup 1.5	weak		1	true	35	4540.000	504.000	35	1750.000	0.000	1974.000	494.000	28	16328	0.308	0.775	16.572	35	0	0	0.237	0.074	195	635	2	636	633	4	18	0	0	0	26	0	689	T?/M?	live	0	0	0	650	445.006	400.000	316.514	435	169	407	3	4	632	26	0	0		0.9001	1.0000
3.8	ntw.Sighup 1.5	weak		2	true	35	4574.000	682.000	34	1700.000	50.000	2090.000	606.000	10	15491	0.292	0.757	17.149	35	0	0	0.264	0.082	167	593	7	594	590	3	22	0	0	0	26	0	619	T?/M?	live	0	0	0	650	388.817	400.000	292.600	502	158	432	3	4	590	26	0	0		0.8702	0.9714
3.8	ntw.Sighup 1.5	weak		3	true	35	4611.000	435.000	35	1750.000	0.000	2090.000	434.000	13	16096	0.294	0.782	18.706	35	0	0	0.258	0.058	135	597	2	597	596	3	21	0	0	0	28	0	674	T?/M?	live	0	0	0	650	415.743	400.000	309.886	602	215	395	2	5	596	27	0	0		0.9138	1.0000
3.8	ntw.Sighup 1.5	weak		4	true	35	4469.000	583.000	34	1700.000	50.000	1999.000	499.000	16	16015	0.279	0.743	17.192	35	0	0	0.259	0.148	167	608	5	577	574	5	20	0	0	0	27	0	670	T?/M?	live	0	0	0	650	384.154	400.000	307.571	429	83	398	3	5	577	26	0	0		0.8846	0.9714
3.8	nz.jdc.nano.AralR 1.1	lower		1	true	35	5005.000	525.000	35	1750.000	0.000	2421.000	525.000	12	18487	0.259	0.733	15.784	35	0	0	0.212	0.086	48	905	1	911	902	6	19	0	0	0	64	770	806	T?/M?	live	0	0	0	650	323.006	400.000	378.200	586	138	519	2	4	911	64	0	0		0.9051	1.0000
3.8	nz.jdc.nano.AralR 1.1	lower		2	true	35	5102.000	592.000	35	1750.000	0.000	2502.000	592.000	13	18675	0.290	0.843	15.682	35	0	0	0.211	0.106	57	916	1	897	892	3	19	0	0	0	72	0	816	T?/M?	live	0	0	0	650	336.500	400.000	383.571	579	228	554	3	4	897	71	0	0		0.8960	1.0000
3.8	nz.jdc.nano.AralR 1.1	lower		3	true	35	4985.000	484.000	35	1750.000	0.000	2404.000	484.000	10	18659	0.243	0.731	16.116	35	0	0	0.226	0.080	53	924	0	927	921	0	14	0	0	0	73	554	809	T?/M?	live	0	0	0	650	330.346	400.000	383.114	451	193	549	1	6	927	73	0	0		0.9115	1.0000
3.8	nz.jdc.nano.AralR 1.1	lower		4	true	35	5071.000	492.000	35	1750.000	0.000	2476.000	492.000	12	18207	0.239	0.733	16.089	35	0	0	0.226	0.082	41	885	1	890	885	3	13	0	0	0	75	510	783	T?/M?	live	0	0	0	650	329.851	400.000	370.200	389	196	516	3	4	890	75	0	0		0.9116	1.0000
3.8	ola.Puffin 1.0	weak		1	true	35	5815.000	207.000	34	1700.000	50.000	3154.000	135.000	11	12056	0.210	0.632	19.099	35	0	0	0.554	0.062	9	387	10	387	387	2	19	0	0	0	33	0	389	T?/M?	live	0	0	0	650	319.226	400.000	194.457	158	20	278	2	3	387	33	0	0		0.9656	0.9714
3.8	ola.Puffin 1.0	weak		2	true	35	5947.000	92.000	35	1750.000	0.000	3206.000	92.000	11	11701	0.219	0.640	9.135	35	0	0	0.565	0.057	0	360	3	361	360	4	13	0	0	0	30	132	361	T?/M?	live	0	0	0	650	313.203	400.000	184.314	196	17	269	3	2	361	30	0	0		0.9848	1.0000
3.8	ola.Puffin 1.0	weak		3	true	35	5896.000	188.000	35	1750.000	0.000	3163.000	188.000	12	13142	0.255	0.707	8.765	35	0	0	0.468	0.079	0	476	2	476	476	0	12	0	0	0	43	300	455	T?/M?	live	0	0	0	650	354.669	400.000	225.486	299	34	337	1	3	476	43	0	0		0.9691	1.0000
3.8	ola.Puffin 1.0	weak		4	true	35	5907.000	60.000	35	1750.000	0.000	3172.000	60.000	12	11660	0.192	0.616	8.406	35	0	0	0.565	0.041	0	370	3	370	370	5	9	0	0	0	27	0	360	T?/M?	live	0	0	0	650	314.820	400.000	183.143	238	16	253	3	3	368	27	0	0		0.9899	1.0000
3.8	pa3k.Viper 5.03	lower		1	true	35	4139.000	1000.000	32	1600.000	150.000	1841.000	755.000	9	25659	0.460	1.014	15.915	35	0	0	0.168	0.088	79	1167	3	1168	1167	1	21	0	0	0	87	0	1436	T?/M?	live	0	0	0	650	451.063	650.000	583.114	576	44	272	2	5	1165	87	0	0		0.8054	0.9143
3.8	pa3k.Viper 5.03	lower		2	true	35	3979.000	1044.000	31	1550.000	200.000	1790.000	740.000	13	27263	0.455	1.049	17.253	35	0	0	0.153	0.064	76	1245	5	1246	1245	3	14	0	0	0	112	824	1540	T?/M?	live	0	0	0	650	463.151	650.000	628.943	565	11	288	2	6	1246	112	0	0		0.7922	0.8857
3.8	pa3k.Viper 5.03	lower		3	true	35	4038.000	969.000	32	1600.000	150.000	1777.000	756.000	11	25878	0.472	1.009	17.334	35	0	0	0.163	0.067	73	1184	0	1184	1184	4	12	0	0	0	98	91	1452	T?/M?	live	0	0	0	650	436.117	400.000	589.371	525	0	319	2	8	1184	98	0	0		0.8065	0.9143
3.8	pa3k.Viper 5.03	lower		4	true	35	3959.000	1087.000	30	1500.000	250.000	1822.000	727.000	13	25616	0.488	1.079	16.455	35	0	0	0.162	0.071	83	1179	4	1179	1179	5	17	0	0	0	95	616	1427	T?/M?	live	0	0	0	650	462.994	650.000	581.886	667	0	381	3	6	1179	95	0	0		0.7846	0.8571
3.8	pez.nano.Icarus 0.3	weak		1	true	35	4017.000	158.000	35	1750.000	0.000	1594.000	158.000	13	19394	0.246	0.671	131.824	35	0	0	0.159	0.023	94	921	4	906	905	2	13	0	0	0	67	856	921	T?/M?	live	0	0	0	650	373.569	400.000	404.114	672	265	231	3	4	906	66	0	0		0.9622	1.0000
3.8	pez.nano.Icarus 0.3	weak		2	true	35	4162.000	201.000	35	1750.000	0.000	1718.000	201.000	10	19245	0.247	0.679	29.884	35	0	0	0.165	0.021	69	912	1	913	911	2	14	0	0	0	95	873	903	T?/M?	live	0	0	0	650	362.529	400.000	399.857	954	302	257	2	4	913	95	0	0		0.9539	1.0000
3.8	pez.nano.Icarus 0.3	weak		3	true	35	4331.000	65.000	35	1750.000	0.000	1859.000	65.000	12	17561	0.227	0.655	36.195	35	0	0	0.198	0.009	64	797	3	797	795	3	17	0	0	0	75	611	773	T?/M?	live	0	0	0	650	322.103	400.000	351.743	627	237	329	2	15	797	75	0	0		0.9852	1.0000
3.8	pez.nano.Icarus 0.3	weak		4	true	35	3940.000	47.000	35	1750.000	0.000	1533.000	47.000	13	20080	0.233	0.675	50.688	35	0	0	0.155	0.008	72	969	1	970	966	3	14	0	0	0	71	0	981	T?/M?	live	0	0	0	650	352.506	400.000	423.714	708	348	144	3	3	970	71	0	0		0.9882	1.0000
3.8	rapture.Rapture 2.13	weak		1	true	35	5130.000	160.000	35	1750.000	0.000	2525.000	160.000	15	19013	0.270	0.731	9.143	35	0	0	0.213	0.035	20	950	2	951	950	3	16	0	0	0	49	420	852	T?/M?	live	0	0	0	650	388.274	400.000	393.229	631	49	587	3	5	951	49	0	0		0.9698	1.0000
3.8	rapture.Rapture 2.13	weak		2	true	35	5248.000	275.000	35	1750.000	0.000	2623.000	274.000	15	21111	0.285	0.732	16.769	35	0	0	0.224	0.053	31	1138	6	1116	1116	3	17	0	0	0	81	238	1017	T?/M?	live	0	0	0	650	422.111	400.000	453.171	479	149	616	3	3	1116	81	0	0		0.9502	1.0000
3.8	rapture.Rapture 2.13	weak		3	true	35	5211.000	256.000	34	1700.000	50.000	2657.000	191.000	4	21686	0.292	0.757	17.728	34	0	0	0.211	0.039	30	1200	1	1200	1200	2	11	0	0	0	82	235	987	T?/M?	live	0	0	0	650	423.741	400.000	451.588	481	179	566	2	6	1111	82	0	0		0.9532	0.9714
3.8	rapture.Rapture 2.13	weak		4	true	35	5272.000	118.000	35	1750.000	0.000	2643.000	116.000	13	17699	0.254	0.711	14.422	35	0	0	0.237	0.026	9	861	0	861	861	4	13	0	0	0	41	0	763	T?/M?	live	0	0	0	650	394.380	400.000	355.686	559	133	565	2	3	861	41	0	0		0.9781	1.0000
3.8	repositorio.NanoStep 1.0	weak		1	true	35	5064.000	17.000	35	1750.000	0.000	2470.000	16.000	13	14924	0.240	0.686	37.630	35	0	0	0.278	0.004	19	644	2	644	644	4	7	0	0	0	29	0	572	T?/M?	live	0	0	0	650	431.037	400.000	276.400	365	66	422	3	4	644	28	0	0		0.9967	1.0000
3.8	repositorio.NanoStep 1.0	weak		2	true	35	5193.000	164.000	35	1750.000	0.000	2577.000	163.000	11	14709	0.286	0.759	15.438	35	0	0	0.282	0.039	13	625	3	625	625	4	13	0	0	0	35	538	551	T?/M?	live	0	0	0	650	473.040	400.000	270.257	391	39	441	3	5	625	35	0	0		0.9694	1.0000
3.8	repositorio.NanoStep 1.0	weak		3	true	35	5005.000	7.000	35	1750.000	0.000	2421.000	4.000	11	15221	0.228	0.686	27.334	35	0	0	0.272	0.001	18	663	3	663	663	3	9	0	0	0	33	0	591	T?/M?	live	0	0	0	650	438.606	400.000	284.886	393	24	434	2	6	663	33	0	0		0.9986	1.0000
3.8	repositorio.NanoStep 1.0	weak		4	true	35	5113.000	207.000	35	1750.000	0.000	2511.000	206.000	14	15502	0.263	0.706	34.979	35	0	0	0.277	0.026	35	690	3	671	671	4	15	0	0	0	33	0	614	T?/M?	live	0	0	0	650	442.386	400.000	292.914	295	0	463	3	4	671	32	0	0		0.9611	1.0000
3.8	robar.nano.MosquitoPM 1.0	lower		1	true	35	3739.000	1095.000	31	1550.000	200.000	1582.000	806.000	14	18506	0.403	0.965	14.862	35	0	0	0.176	0.070	110	807	0	810	805	5	16	0	0	0	63	597	859	T?/M?	live	0	0	0	650	498.323	650.000	378.743	593	204	334	3	5	810	62	0	0		0.7735	0.8857
3.8	robar.nano.MosquitoPM 1.0	lower		2	true	35	4052.000	811.000	33	1650.000	100.000	1743.000	660.000	15	17829	0.344	0.860	14.672	35	0	0	0.190	0.069	92	760	3	741	739	6	9	0	0	0	48	0	813	T?/M?	live	0	0	0	650	462.554	400.000	359.400	464	226	304	3	7	741	47	0	0		0.8332	0.9429
3.8	robar.nano.MosquitoPM 1.0	lower		3	true	35	3868.000	924.000	33	1650.000	100.000	1581.000	783.000	13	19293	0.388	0.963	15.222	35	0	0	0.165	0.069	89	855	3	857	855	2	21	0	0	0	69	564	923	T?/M?	live	0	0	0	650	509.677	650.000	401.229	669	366	322	2	7	857	69	0	0		0.8072	0.9429
3.8	robar.nano.MosquitoPM 1.0	lower		4	true	35	3831.000	1143.000	32	1600.000	150.000	1605.000	923.000	18	19432	0.389	0.976	15.173	35	0	0	0.183	0.083	112	863	1	848	844	7	15	0	0	0	59	0	955	T?/M?	live	0	0	0	650	497.929	650.000	405.200	684	405	279	3	6	848	57	0	0		0.7702	0.9143
3.8	robar.nano.Scytodes 0.3	weak		1	true	35	5355.000	130.000	35	1750.000	0.000	2713.000	128.000	12	10706	0.183	0.614	8.567	35	0	0	0.554	0.026	4	283	3	284	283	2	14	0	0	0	13	0	307	T?/M?	live	0	0	0	650	386.126	400.000	155.886	391	103	211	3	4	283	13	0	0		0.9763	1.0000
3.8	robar.nano.Scytodes 0.3	weak		2	true	35	5394.000	392.000	35	1750.000	0.000	2745.000	392.000	12	11308	0.232	0.742	8.222	35	0	0	0.509	0.075	11	321	1	321	321	2	16	0	0	0	20	0	343	T?/M?	live	0	0	0	650	392.371	400.000	173.086	467	103	238	3	2	321	20	0	0		0.9323	1.0000
3.8	robar.nano.Scytodes 0.3	weak		3	true	35	5314.000	272.000	35	1750.000	0.000	2679.000	272.000	10	11381	0.229	0.729	9.094	35	0	0	0.499	0.047	11	321	1	322	321	2	6	0	0	0	34	150	348	T?/M?	live	0	0	0	650	403.506	400.000	175.171	603	202	232	2	4	322	34	0	0		0.9513	1.0000
3.8	robar.nano.Scytodes 0.3	weak		4	true	35	5376.000	436.000	35	1750.000	0.000	2730.000	436.000	13	11463	0.217	0.687	13.580	35	0	0	0.517	0.071	13	335	1	318	317	7	9	0	0	0	28	0	360	T?/M?	live	0	0	0	650	364.540	400.000	177.514	531	129	225	3	4	318	28	0	0		0.9250	1.0000
3.8	sadoner.killer 0.2	weak		1	true	35	4357.000	904.000	32	1600.000	150.000	2047.000	692.000	12	17566	0.290	0.762	398.132	35	0	0	0.199	0.078	8	765	0	765	765	5	10	0	0	0	65	699	734	T?/M?	live	0	0	0	650	296.531	625.000	351.886	507	29	433	3	6	738	65	0	0		0.8282	0.9143
3.8	sadoner.killer 0.2	weak		2	true	35	4487.000	663.000	34	1700.000	50.000	2042.000	595.000	13	17437	0.290	0.790	215.586	35	0	0	0.197	0.063	8	750	3	750	750	3	13	0	0	0	59	465	759	T?/M?	live	0	0	0	650	295.103	625.000	348.200	692	0	392	3	4	750	59	0	0		0.8713	0.9714
3.8	sadoner.killer 0.2	weak		3	true	35	4748.000	653.000	35	1750.000	0.000	2207.000	653.000	9	16769	0.279	0.787	8.733	35	0	0	0.226	0.085	7	705	2	705	705	4	9	0	0	0	43	0	702	T?/M?	live	0	0	0	650	294.346	400.000	329.114	647	0	423	1	5	705	43	0	0		0.8791	1.0000
3.8	sadoner.killer 0.2	weak		4	true	35	4403.000	899.000	33	1650.000	100.000	2023.000	756.000	11	17669	0.319	0.878	15.371	35	0	0	0.204	0.096	14	775	3	775	775	8	15	0	0	0	68	726	778	T?/M?	live	0	0	0	650	293.066	650.000	354.829	627	0	371	2	7	775	68	0	0		0.8304	0.9429
3.8	sample.Target 1.0	weak		1	true	35	6252.000	0.000	35	1750.000	0.000	3460.000	0.000	12	15305	0.154	0.467	23.922	35	0	0	0.527	0.000	16	0	0	0	0	1	0	0	0	0	0	0	664	T?/M?	live	0	0	0	650	502.834	650.000	287.286	0	0	0	3	2	0	0	0	0		1.0000	1.0000
3.8	sample.Target 1.0	weak		2	true	35	6274.000	0.000	35	1750.000	0.000	3479.000	0.000	11	15571	0.143	0.440	9.378	35	0	0	0.517	0.000	9	0	0	0	0	1	0	0	0	0	0	0	685	T?/M?	live	0	0	0	650	489.503	650.000	294.886	0	0	0	2	2	0	0	0	0		1.0000	1.0000
3.8	sample.Target 1.0	weak		3	true	35	6250.000	0.000	35	1750.000	0.000	3459.000	0.000	8	16120	0.141	0.449	10.004	35	0	0	0.488	0.000	16	0	0	0	0	1	0	0	0	0	0	0	725	T?/M?	live	0	0	0	650	526.454	650.000	310.571	0	0	0	1	3	0	0	0	0		1.0000	1.0000
3.8	sample.Target 1.0	weak		4	true	35	6261.000	0.000	35	1750.000	0.000	3468.000	0.000	9	15701	0.132	0.423	8.519	35	0	0	0.509	0.000	14	0	0	0	0	3	0	0	0	0	0	0	692	T?/M?	live	0	0	0	650	504.303	650.000	298.600	0	0	0	3	3	0	0	0	0		1.0000	1.0000
3.8	wcsv.PowerHouse.PowerHouse 1.7e3	mid		1	true	35	2866.000	1621.000	27	1350.000	400.000	1064.000	1055.000	13	29775	0.540	1.016	12.829	35	0	0	0.102	0.078	63	1699	10	1699	1699	4	19	0	0	0	158	1646	1837	T?/M?	live	0	0	0	650	469.263	650.000	700.714	1578	141	61	3	9	1693	158	0	0		0.6387	0.7714
3.8	wcsv.PowerHouse.PowerHouse 1.7e3	mid		2	true	35	3015.000	1759.000	27	1350.000	400.000	1180.000	1185.000	17	28786	0.526	1.020	11.681	35	0	0	0.116	0.084	73	1613	7	1573	1573	5	16	0	0	0	139	296	1758	T?/M?	live	0	0	0	650	464.283	650.000	672.457	671	105	26	3	7	1573	137	0	0		0.6315	0.7714
3.8	wcsv.PowerHouse.PowerHouse 1.7e3	mid		3	true	35	3113.000	1418.000	29	1450.000	300.000	1159.000	999.000	11	30263	0.515	1.000	13.084	35	0	0	0.113	0.070	64	1733	12	1733	1733	4	24	0	0	0	156	1411	1884	T?/M?	live	0	0	0	650	455.360	650.000	714.657	959	275	43	2	118	1733	155	0	0		0.6870	0.8286
3.8	wcsv.PowerHouse.PowerHouse 1.7e3	mid		4	true	35	2786.000	1917.000	25	1250.000	500.000	1106.000	1205.000	13	29337	0.528	1.015	12.423	35	0	0	0.115	0.077	80	1641	13	1641	1641	6	19	0	0	0	155	1788	1803	T?/M?	live	0	0	0	650	464.154	650.000	688.200	381	154	47	3	8	1641	154	0	0		0.5924	0.7143
3.8	yk.JahMicro 1.0	weak		1	true	35	5321.000	436.000	34	1700.000	50.000	2739.000	370.000	14	23492	0.279	0.782	19.544	35	0	0	0.205	0.086	44	804	0	804	788	4	6	0	0	0	74	147	1180	T?/M?	live	0	0	0	650	444.983	400.000	521.200	260	0	708	3	2	803	73	0	0		0.9243	0.9714
3.8	yk.JahMicro 1.0	weak		2	true	35	4992.000	566.000	32	1600.000	150.000	2585.000	376.000	13	26819	0.289	0.802	17.867	35	0	0	0.190	0.071	116	943	1	944	943	9	11	0	0	0	76	1424	1441	T?/M?	live	0	0	0	650	485.280	400.000	616.257	204	1	736	2	6	944	76	0	0		0.8982	0.9143
3.8	yk.JahMicro 1.0	weak		3	true	35	5028.000	641.000	32	1600.000	150.000	2603.000	457.000	13	27211	0.291	0.825	15.741	35	0	0	0.199	0.079	96	967	0	967	967	3	16	0	0	0	80	0	1459	T?/M?	live	0	0	0	650	453.429	400.000	627.457	167	0	660	2	5	967	80	0	0		0.8869	0.9143
3.8	yk.JahMicro 1.0	weak		4	true	35	5099.000	563.000	32	1600.000	150.000	2621.000	358.000	8	23794	0.264	0.760	24.322	34	0	0	0.208	0.092	74	848	3	835	835	5	13	0	0	0	58	712	1143	T?/M?	live	0	0	0	650	463.603	400.000	515.676	178	0	668	3	4	776	58	0	0		0.9006	0.9143
3.7	RobotMarco.MarcoV 0.1	weak		1	true	35	5825.000	1.000	35	1750.000	0.000	3104.000	0.000	11	14912	0.179	0.547	12.648	35	0	0	0.356	0.000	1	132	0	132	132	3	4	0	0	0	8	0	576	T?/M?	live	0	0	0	650	425.497	400.000	276.057	78	7	396	2	4	132	8	0	0		0.9998	1.0000
3.7	RobotMarco.MarcoV 0.1	weak		2	true	35	5907.000	0.000	35	1750.000	0.000	3172.000	0.000	11	14677	0.167	0.521	8.514	35	0	0	0.376	0.000	0	109	1	109	109	2	1	0	0	0	6	0	561	T?/M?	live	0	0	0	650	416.574	400.000	269.343	74	37	374	2	3	109	6	0	0		1.0000	1.0000
3.7	RobotMarco.MarcoV 0.1	weak		3	true	35	5844.000	161.000	34	1700.000	50.000	3178.000	90.000	9	14317	0.170	0.545	11.913	35	0	0	0.401	0.029	0	106	0	106	106	1	1	0	0	0	6	0	547	T?/M?	live	0	0	0	650	432.617	400.000	259.057	82	31	333	1	5	106	6	0	0		0.9732	0.9714
3.7	RobotMarco.MarcoV 0.1	weak		4	true	35	5922.000	0.000	35	1750.000	0.000	3185.000	0.000	10	14260	0.174	0.543	10.710	35	0	0	0.403	0.000	0	106	0	106	106	4	3	0	0	0	5	0	541	T?/M?	live	0	0	0	650	422.074	400.000	257.429	53	34	322	3	5	106	5	0	0		1.0000	1.0000
3.7	ags.Midboss 1q.fast	mid		1	true	35	3306.000	1719.000	28	1400.000	350.000	1386.000	1220.000	16	33428	0.673	1.288	52.822	34	0	0	0.133	0.099	119	2055	6	2055	2055	11	32	0	0	0	171	1929	2103	T?/M?	live	0	0	0	650	408.665	650.000	813.206	355	141	84	3	20	2014	171	0	0		0.6579	0.8000
3.7	ags.Midboss 1q.fast	mid		2	true	35	3385.000	1525.000	29	1450.000	300.000	1388.000	1092.000	21	32870	0.670	1.276	37.125	35	0	0	0.139	0.088	132	2012	4	2012	2012	11	29	0	0	0	194	2037	2092	T?/M?	live	0	0	0	650	406.177	650.000	789.143	448	157	136	3	26	2008	194	0	0		0.6894	0.8286
3.7	ags.Midboss 1q.fast	mid		3	true	35	3606.000	1203.000	30	1500.000	250.000	1522.000	849.000	19	32971	0.657	1.277	37.208	35	0	0	0.139	0.076	111	2070	9	2070	2070	9	24	0	0	0	223	1955	2083	T?/M?	live	0	0	0	650	407.817	400.000	792.029	523	117	145	3	11	2069	222	0	0		0.7498	0.8571
3.7	ags.Midboss 1q.fast	mid		4	true	35	3535.000	1400.000	30	1500.000	250.000	1451.000	1042.000	23	33021	0.620	1.240	36.106	35	0	0	0.132	0.088	113	2032	7	2032	2032	16	32	0	0	0	196	2027	2119	T?/M?	live	0	0	0	650	411.657	650.000	793.457	677	77	88	3	16	2032	196	0	0		0.7163	0.8571
3.7	apv.NanoLauLectrik 1.0	lower		1	true	35	3662.000	608.000	35	1750.000	0.000	1302.000	608.000	10	18945	0.367	0.839	15.802	35	0	0	0.153	0.042	89	781	3	785	780	2	12	0	0	0	77	849	933	T?/M?	live	0	0	0	650	483.106	400.000	391.286	677	376	132	2	5	785	77	0	0		0.8576	1.0000
3.7	apv.NanoLauLectrik 1.0	lower		2	true	35	3898.000	769.000	34	1700.000	50.000	1548.000	695.000	11	17952	0.404	0.905	16.481	35	0	0	0.177	0.054	73	720	2	720	720	4	18	0	0	0	68	409	836	T?/M?	live	0	0	0	650	471.266	400.000	362.914	764	329	250	2	3	720	68	0	0		0.8352	0.9714
3.7	apv.NanoLauLectrik 1.0	lower		3	true	35	3603.000	1010.000	33	1650.000	100.000	1358.000	863.000	12	19385	0.375	0.961	16.062	35	0	0	0.163	0.063	101	804	2	806	803	3	12	0	0	0	63	823	964	T?/M?	live	0	0	0	650	487.706	650.000	403.857	522	516	186	2	163	806	63	0	0		0.7811	0.9429
3.7	apv.NanoLauLectrik 1.0	lower		4	true	35	3690.000	560.000	35	1750.000	0.000	1325.000	560.000	11	19025	0.352	0.820	15.982	35	0	0	0.150	0.041	68	782	0	782	781	3	8	0	0	0	66	129	928	T?/M?	live	0	0	0	650	470.263	525.000	393.571	950	507	135	2	8	782	66	0	0		0.8682	1.0000
3.7	bvh.fnr.Fenrir 0.36l	lower		1	true	35	3230.000	1506.000	27	1350.000	400.000	1373.000	943.000	16	25156	0.374	1.006	17.658	35	0	0	0.127	0.069	42	1252	29	1252	1252	7	12	0	0	0	96	1182	1420	T?/M?	live	0	0	0	650	500.020	625.000	568.743	718	0	173	2	5	1250	96	0	0		0.6820	0.7714
3.7	bvh.fnr.Fenrir 0.36l	lower		2	true	35	3415.000	1705.000	28	1400.000	350.000	1472.000	1201.000	17	25996	0.434	1.027	18.305	35	0	0	0.158	0.097	70	1242	12	1242	1242	9	17	0	0	0	92	585	1509	T?/M?	live	0	0	0	650	505.951	650.000	592.743	311	0	193	3	689	1239	92	0	0		0.6670	0.8000
3.7	bvh.fnr.Fenrir 0.36l	lower		3	true	35	3589.000	1313.000	30	1500.000	250.000	1517.000	953.000	17	25029	0.448	1.002	16.318	35	0	0	0.150	0.070	72	1215	8	1215	1215	6	17	0	0	0	102	1135	1417	T?/M?	live	0	0	0	650	469.409	475.000	565.114	423	0	219	3	659	1215	101	0	0		0.7322	0.8571
3.7	bvh.fnr.Fenrir 0.36l	lower		4	true	35	4006.000	950.000	35	1750.000	0.000	1588.000	950.000	15	25776	0.474	1.022	16.073	35	0	0	0.149	0.077	57	1222	3	1222	1222	4	25	0	0	0	99	355	1488	T?/M?	live	0	0	0	650	498.480	650.000	586.457	805	0	113	2	8	1222	98	0	0		0.8083	1.0000
3.7	cw.megas.Silhouette 1.1	mid		1	true	35	3809.000	1122.000	32	1600.000	150.000	1589.000	907.000	15	22789	0.355	0.894	17.830	35	0	0	0.152	0.071	19	1099	3	1099	1099	7	22	0	0	0	86	1147	1181	T?/M?	live	0	0	0	650	409.840	650.000	501.114	341	335	224	2	5	1090	86	0	0		0.7725	0.9143
3.7	cw.megas.Silhouette 1.1	mid		2	true	35	3744.000	1338.000	31	1550.000	200.000	1580.000	1047.000	12	22839	0.366	0.953	17.409	35	0	0	0.161	0.077	64	1105	2	1105	1105	5	13	0	0	0	82	990	1217	T?/M?	live	0	0	0	650	403.683	600.000	502.543	516	366	303	2	6	1105	82	0	0		0.7367	0.8857
3.7	cw.megas.Silhouette 1.1	mid		3	true	35	3322.000	1597.000	28	1400.000	350.000	1395.000	1094.000	10	23684	0.393	0.930	15.663	35	0	0	0.145	0.082	51	1161	0	1161	1161	2	18	0	0	0	108	412	1256	T?/M?	live	0	0	0	650	404.160	650.000	526.686	405	306	214	2	108	1154	108	0	0		0.6753	0.8000
3.7	cw.megas.Silhouette 1.1	mid		4	true	35	3870.000	1379.000	32	1600.000	150.000	1631.000	1169.000	13	23053	0.371	0.937	17.246	35	0	0	0.159	0.094	34	1111	3	1110	1110	7	22	0	0	0	105	995	1210	T?/M?	live	0	0	0	650	399.023	650.000	508.657	414	473	265	3	7	1107	105	0	0		0.7373	0.9143
3.7	dggp.haiku.gpBot_0 1.1	weak		1	true	35	4389.000	317.000	34	1700.000	50.000	1961.000	241.000	12	14451	0.238	0.629	18.865	35	0	0	0.257	0.164	56	487	2	460	460	3	13	0	0	0	29	0	548	T?/M?	live	0	0	0	650	409.231	400.000	262.886	393	203	368	3	4	460	27	0	0		0.9326	0.9714
3.7	dggp.haiku.gpBot_0 1.1	weak		2	true	35	4706.000	268.000	35	1750.000	0.000	2156.000	256.000	13	13485	0.228	0.677	8.408	35	0	0	0.294	0.030	72	437	1	437	437	3	11	0	0	0	25	0	481	T?/M?	live	0	0	0	650	387.400	400.000	235.286	555	158	347	2	5	437	25	0	0		0.9461	1.0000
3.7	dggp.haiku.gpBot_0 1.1	weak		3	true	35	4717.000	244.000	35	1750.000	0.000	2180.000	244.000	8	13692	0.237	0.684	15.101	35	0	0	0.299	0.037	48	442	1	442	442	1	10	0	0	0	20	0	497	T?/M?	live	0	0	0	650	378.594	400.000	241.200	477	233	355	1	6	441	20	0	0		0.9508	1.0000
3.7	dggp.haiku.gpBot_0 1.1	weak		4	true	35	4215.000	747.000	33	1650.000	100.000	1871.000	599.000	11	15816	0.260	0.721	15.821	35	0	0	0.225	0.062	81	565	2	565	565	3	11	0	0	0	32	0	650	T?/M?	live	0	0	0	650	465.989	400.000	301.886	649	297	419	2	5	565	32	0	0		0.8495	0.9429
3.7	eat.HumblePieLite 1.0	lower		1	true	35	5233.000	416.000	35	1750.000	0.000	2611.000	416.000	12	12775	0.196	0.677	8.843	35	0	0	0.377	0.065	1	379	3	379	379	2	6	0	0	0	17	0	428	T?/M?	live	0	0	0	650	484.226	400.000	215.000	248	0	334	2	5	379	17	0	0		0.9264	1.0000
3.7	eat.HumblePieLite 1.0	lower		2	true	35	5269.000	432.000	35	1750.000	0.000	2641.000	432.000	12	13020	0.181	0.642	8.781	35	0	0	0.364	0.068	2	374	2	374	374	2	9	0	0	0	21	0	448	T?/M?	live	0	0	0	650	496.377	400.000	222.000	203	0	349	2	4	374	21	0	0		0.9242	1.0000
3.7	eat.HumblePieLite 1.0	lower		3	true	35	5203.000	400.000	35	1750.000	0.000	2585.000	400.000	10	12834	0.175	0.655	8.867	35	0	0	0.366	0.063	3	386	3	386	386	0	7	0	0	0	16	0	435	T?/M?	live	0	0	0	650	486.946	400.000	216.686	307	0	336	1	3	386	16	0	0		0.9286	1.0000
3.7	eat.HumblePieLite 1.0	lower		4	true	35	5141.000	354.000	35	1750.000	0.000	2534.000	352.000	11	13052	0.184	0.641	8.679	35	0	0	0.340	0.048	3	387	1	387	387	5	5	0	0	0	25	0	449	T?/M?	live	0	0	0	650	507.254	400.000	222.914	356	0	351	2	1	387	25	0	0		0.9356	1.0000
3.7	exauge.GateKeeper 1.1.121g	lower		1	true	35	3891.000	1049.000	32	1600.000	150.000	1652.000	833.000	13	19929	0.372	0.824	15.631	35	0	0	0.184	0.073	96	817	2	843	814	5	20	0	0	0	48	0	1007	T?/M?	live	0	0	0	650	435.580	400.000	419.400	530	137	149	2	5	843	48	0	0		0.7877	0.9143
3.7	exauge.GateKeeper 1.1.121g	lower		2	true	35	3794.000	826.000	34	1700.000	50.000	1467.000	752.000	10	21444	0.421	0.858	14.933	35	0	0	0.150	0.061	104	913	1	917	912	4	20	0	0	0	52	0	1129	T?/M?	live	0	0	0	650	488.309	525.000	462.686	356	130	135	3	7	917	52	0	0		0.8212	0.9714
3.7	exauge.GateKeeper 1.1.121g	lower		3	true	35	3669.000	999.000	33	1650.000	100.000	1414.000	858.000	12	22854	0.432	0.903	15.509	35	0	0	0.152	0.065	127	966	0	969	965	2	16	0	0	0	67	0	1253	T?/M?	live	0	0	0	650	510.229	650.000	502.971	615	149	148	2	8	969	67	0	0		0.7860	0.9429
3.7	exauge.GateKeeper 1.1.121g	lower		4	true	35	3789.000	907.000	33	1650.000	100.000	1512.000	759.000	12	20996	0.432	0.886	15.344	35	0	0	0.150	0.059	101	897	1	900	896	6	19	0	0	0	50	0	1084	T?/M?	live	0	0	0	650	523.803	650.000	449.886	548	73	172	2	6	900	50	0	0		0.8069	0.9429
3.7	exauge.Leopard 1.1.019	weak		1	true	35	6363.000	1216.000	35	1750.000	0.000	3543.000	1194.000	11	10002	0.200	0.551	8.063	35	0	0	0.806	0.368	28	264	1	265	264	3	21	0	0	0	2	0	255	T?/M?	live	0	0	0	650	207.557	450.000	135.771	273	0	223	2	4	264	2	0	0		0.8396	1.0000
3.7	exauge.Leopard 1.1.019	weak		2	true	35	6214.000	984.000	35	1750.000	0.000	3422.000	950.000	9	10087	0.183	0.514	8.342	35	0	0	0.765	0.311	30	266	1	266	266	2	22	0	0	0	7	0	263	T?/M?	live	0	0	0	650	218.306	400.000	138.200	288	1	230	2	2	265	7	0	0		0.8633	1.0000
3.7	exauge.Leopard 1.1.019	weak		3	true	35	6526.000	1430.000	35	1750.000	0.000	3644.000	1380.000	11	10090	0.182	0.494	10.818	35	0	0	0.830	0.441	43	274	0	274	274	1	45	0	0	0	5	0	262	T?/M?	live	0	0	0	650	182.834	650.000	138.286	430	0	229	1	4	273	5	0	0		0.8203	1.0000
3.7	exauge.Leopard 1.1.019	weak		4	true	35	6415.000	1248.000	35	1750.000	0.000	3574.000	1220.000	11	10018	0.175	0.491	7.477	35	0	0	0.822	0.407	32	265	1	264	264	2	29	0	0	0	2	0	260	T?/M?	live	0	0	0	650	198.891	400.000	136.229	295	0	219	2	2	264	2	0	0		0.8371	1.0000
3.7	fowl3628800.SitAndGo 1.0.0	weak		1	true	35	5279.000	58.000	35	1750.000	0.000	2650.000	58.000	18	15149	0.268	0.702	20.000	35	0	0	0.312	0.021	157	657	3	658	647	2	18	0	0	0	41	115	584	T?/M?	live	0	0	0	650	450.520	400.000	282.829	181	110	453	3	6	658	38	0	0		0.9891	1.0000
3.7	fowl3628800.SitAndGo 1.0.0	weak		2	true	35	5455.000	44.000	35	1750.000	0.000	2796.000	44.000	8	13873	0.248	0.684	15.848	35	0	0	0.387	0.017	130	571	1	571	564	2	15	0	0	0	25	0	500	T?/M?	live	0	0	0	650	456.380	400.000	246.371	197	26	395	2	6	571	25	0	0		0.9920	1.0000
3.7	fowl3628800.SitAndGo 1.0.0	weak		3	true	35	5356.000	55.000	35	1750.000	0.000	2714.000	55.000	14	14957	0.268	0.737	9.553	35	0	0	0.324	0.026	149	647	5	648	640	1	18	0	0	0	44	308	576	T?/M?	live	0	0	0	650	458.374	400.000	277.343	275	81	430	1	118	648	44	0	0		0.9898	1.0000
3.7	fowl3628800.SitAndGo 1.0.0	weak		4	true	35	5289.000	41.000	35	1750.000	0.000	2657.000	41.000	11	14732	0.221	0.654	8.805	35	0	0	0.325	0.018	167	636	2	636	619	4	19	0	0	0	34	0	555	T?/M?	live	0	0	0	650	468.983	400.000	270.914	314	19	430	3	2	636	34	0	0		0.9923	1.0000
3.7	gh.nano.Grofvuil 0.2	weak		1	true	35	5221.000	45.000	35	1750.000	0.000	2601.000	45.000	10	12826	0.192	0.594	8.728	35	0	0	0.412	0.009	14	471	3	473	471	2	17	0	0	0	36	288	437	T?/M?	live	0	0	0	650	362.697	400.000	216.457	345	0	305	1	195	473	36	0	0		0.9915	1.0000
3.7	gh.nano.Grofvuil 0.2	weak		2	true	35	5197.000	77.000	35	1750.000	0.000	2581.000	77.000	10	12407	0.174	0.560	8.523	35	0	0	0.419	0.014	29	434	2	435	434	1	16	0	0	0	25	0	408	T?/M?	live	0	0	0	650	355.920	400.000	204.486	292	0	291	2	4	435	25	0	0		0.9854	1.0000
3.7	gh.nano.Grofvuil 0.2	weak		3	true	35	5304.000	148.000	35	1750.000	0.000	2670.000	148.000	12	12584	0.194	0.587	8.360	35	0	0	0.422	0.026	22	448	3	449	447	3	14	0	0	0	35	0	422	T?/M?	live	0	0	0	650	347.151	400.000	209.543	342	0	287	2	5	449	35	0	0		0.9729	1.0000
3.7	gh.nano.Grofvuil 0.2	weak		4	true	35	5227.000	79.000	35	1750.000	0.000	2606.000	78.000	11	12889	0.186	0.569	8.615	35	0	0	0.402	0.014	6	470	4	470	470	3	14	0	0	0	35	324	442	T?/M?	live	0	0	0	650	335.523	400.000	218.257	344	0	310	2	4	470	35	0	0		0.9851	1.0000
3.7	gwah.GBotMarkIV 1.0	weak		1	true	35	5559.000	13.000	35	1750.000	0.000	2882.000	13.000	9	9640	0.148	0.487	9.894	35	0	0	0.784	0.010	3	230	0	231	230	2	5	0	0	0	6	0	230	T?/M?	live	0	0	0	650	198.949	400.000	125.429	319	33	184	3	4	231	6	0	0		0.9977	1.0000
3.7	gwah.GBotMarkIV 1.0	weak		2	true	35	5537.000	6.000	35	1750.000	0.000	2865.000	6.000	8	9824	0.140	0.501	28.117	35	0	0	0.754	0.003	6	240	0	240	240	1	10	0	0	0	4	0	242	T?/M?	live	0	0	0	650	207.777	400.000	130.686	281	44	191	2	2	240	4	0	0		0.9989	1.0000
3.7	gwah.GBotMarkIV 1.0	weak		3	true	35	5545.000	16.000	35	1750.000	0.000	2871.000	16.000	9	9753	0.136	0.495	7.685	35	0	0	0.750	0.004	6	237	1	237	237	1	3	0	0	0	5	0	236	T?/M?	live	0	0	0	650	217.437	400.000	128.657	309	20	187	2	3	237	5	0	0		0.9971	1.0000
3.7	gwah.GBotMarkIV 1.0	weak		4	true	35	5560.000	8.000	35	1750.000	0.000	2883.000	8.000	11	9681	0.136	0.475	9.881	35	0	0	0.769	0.003	5	230	1	230	230	3	4	0	0	0	3	0	231	T?/M?	live	0	0	0	650	207.829	400.000	126.600	311	18	192	3	4	230	3	0	0		0.9986	1.0000
3.7	japs.Serenity 1.0	weak		1	true	35	6207.000	42.000	35	1750.000	0.000	3377.000	0.000	10	22221	0.163	0.536	14.359	35	0	0	0.297	0.000	72	0	0	3	0	3	0	0	0	0	0	0	1135	T?/M?	live	0	0	0	650	507.903	650.000	484.886	0	118	207	2	5	3	0	0	0		0.9933	1.0000
3.7	japs.Serenity 1.0	weak		2	true	35	6213.000	59.000	35	1750.000	0.000	3365.000	0.000	10	22018	0.161	0.528	13.933	35	0	0	0.309	0.000	76	0	0	1	0	2	0	0	0	0	0	0	1118	T?/M?	live	0	0	0	650	507.934	650.000	479.086	0	0	188	2	5	1	0	0	0		0.9906	1.0000
3.7	japs.Serenity 1.0	weak		3	true	35	6211.000	31.000	35	1750.000	0.000	3387.000	0.000	8	22784	0.154	0.509	14.112	35	0	0	0.295	0.000	55	0	0	4	0	1	0	0	0	0	0	0	1176	T?/M?	live	0	0	0	650	531.123	650.000	500.971	0	0	173	2	3	4	0	0	0		0.9950	1.0000
3.7	japs.Serenity 1.0	weak		4	true	35	6182.000	47.000	35	1750.000	0.000	3344.000	0.000	8	21247	0.163	0.522	15.258	35	0	0	0.300	0.000	79	0	0	3	0	2	0	0	0	0	0	0	1055	T?/M?	live	0	0	0	650	516.486	650.000	457.057	0	0	248	2	2	3	0	0	0		0.9925	1.0000
3.7	jeremyreeder.Bully 1	weak		1	true	35	5745.000	443.000	35	1750.000	0.000	3000.000	344.000	10	9454	0.175	0.495	7.893	35	0	0	0.806	0.099	70	208	1	208	208	1	14	0	0	0	0	0	224	T?/M?	live	0	0	0	650	207.974	400.000	120.114	346	16	187	2	1	203	0	0	0		0.9284	1.0000
3.7	jeremyreeder.Bully 1	weak		2	true	35	5751.000	355.000	35	1750.000	0.000	3015.000	312.000	8	9400	0.173	0.484	8.644	35	0	0	0.816	0.096	34	208	1	208	208	1	7	0	0	0	2	0	220	T?/M?	live	0	0	0	650	209.486	400.000	118.571	413	10	190	2	4	205	2	0	0		0.9419	1.0000
3.7	jeremyreeder.Bully 1	weak		3	true	35	5681.000	225.000	35	1750.000	0.000	2981.000	208.000	10	9392	0.174	0.496	7.898	35	0	0	0.811	0.058	12	209	1	209	209	1	13	0	0	0	1	0	220	T?/M?	live	0	0	0	650	227.151	400.000	118.343	382	11	187	1	3	209	1	0	0		0.9619	1.0000
3.7	jeremyreeder.Bully 1	weak		4	true	35	5655.000	204.000	35	1750.000	0.000	2963.000	200.000	9	9394	0.171	0.462	30.804	35	0	0	0.812	0.057	6	209	2	209	209	2	9	0	0	0	1	0	220	T?/M?	live	0	0	0	650	195.680	400.000	118.400	423	13	186	2	2	208	1	0	0		0.9652	1.0000
3.7	jgap.JGAP7247_2 1.0	weak		1	true	35	4961.000	160.000	35	1750.000	0.000	2385.000	160.000	12	12271	0.208	0.635	8.504	35	0	0	0.400	0.028	146	303	4	312	303	3	14	0	0	0	20	0	405	T?/M?	live	0	0	0	650	434.960	400.000	200.600	299	144	286	3	4	312	20	0	0		0.9688	1.0000
3.7	jgap.JGAP7247_2 1.0	weak		2	true	35	4904.000	249.000	35	1750.000	0.000	2337.000	248.000	9	12501	0.217	0.689	8.716	35	0	0	0.377	0.038	154	315	3	342	315	2	21	0	0	0	21	0	424	T?/M?	live	0	0	0	650	444.577	400.000	207.171	342	136	286	2	4	342	21	0	0		0.9517	1.0000
3.7	jgap.JGAP7247_2 1.0	weak		3	true	35	5031.000	176.000	35	1750.000	0.000	2443.000	176.000	10	12120	0.199	0.618	27.371	35	0	0	0.412	0.028	144	286	4	299	286	1	12	0	0	0	14	0	395	T?/M?	live	0	0	0	650	429.934	400.000	196.286	255	182	279	2	5	299	14	0	0		0.9662	1.0000
3.7	jgap.JGAP7247_2 1.0	weak		4	true	35	4967.000	208.000	35	1750.000	0.000	2390.000	208.000	11	12385	0.186	0.612	8.254	35	0	0	0.402	0.037	161	299	2	314	298	4	23	0	0	0	17	0	415	T?/M?	live	0	0	0	650	428.400	400.000	203.857	263	305	286	3	6	314	17	0	0		0.9598	1.0000
3.7	kc.micro.Needle 0.101	mid		1	true	35	3829.000	1040.000	33	1650.000	100.000	1546.000	899.000	9	27507	0.477	1.063	15.921	35	0	0	0.150	0.070	72	1384	0	1384	1384	2	28	0	0	0	135	1354	1601	T?/M?	live	0	0	0	650	392.771	400.000	635.914	664	0	118	2	3	1372	135	0	0		0.7864	0.9429
3.7	kc.micro.Needle 0.101	mid		2	true	35	3977.000	776.000	35	1750.000	0.000	1564.000	776.000	10	27064	0.488	0.989	16.556	35	0	0	0.147	0.067	62	1355	2	1355	1355	5	25	0	0	0	126	1146	1576	T?/M?	live	0	0	0	650	391.454	400.000	623.257	514	0	77	3	7	1355	126	0	0		0.8367	1.0000
3.7	kc.micro.Needle 0.101	mid		3	true	35	3269.000	1388.000	29	1450.000	300.000	1302.000	954.000	5	28764	0.542	1.142	21.080	34	0	0	0.131	0.065	77	1491	2	1494	1491	2	17	0	0	0	145	1409	1703	T?/M?	live	0	0	0	650	450.759	650.000	673.588	456	1	37	2	8	1452	145	0	0		0.7020	0.8286
3.7	kc.micro.Needle 0.101	mid		4	true	35	3755.000	957.000	34	1700.000	50.000	1430.000	887.000	10	28304	0.530	1.124	16.217	35	0	0	0.128	0.070	61	1436	2	1436	1436	4	19	0	0	0	128	1664	1697	T?/M?	live	0	0	0	650	456.094	650.000	658.686	451	0	45	2	5	1436	128	0	0		0.7969	0.9714
3.7	kinsen.nano.Quarrelet 1.0	lower		1	true	35	3487.000	1026.000	32	1600.000	150.000	1318.000	809.000	15	19012	0.409	0.912	14.411	35	0	0	0.146	0.057	96	785	3	795	781	4	18	0	0	0	35	0	938	T?/M?	live	0	0	0	650	520.423	650.000	393.200	790	444	124	3	5	795	35	0	0		0.7727	0.9143
3.7	kinsen.nano.Quarrelet 1.0	lower		2	true	35	3383.000	1058.000	32	1600.000	150.000	1226.000	836.000	13	19944	0.375	0.890	15.191	35	0	0	0.137	0.056	97	835	0	842	835	3	11	0	0	0	55	914	1019	T?/M?	live	0	0	0	650	515.769	625.000	419.829	832	644	85	3	6	842	55	0	0		0.7618	0.9143
3.7	kinsen.nano.Quarrelet 1.0	lower		3	true	35	3788.000	889.000	34	1700.000	50.000	1459.000	816.000	11	19033	0.345	0.862	15.663	35	0	0	0.178	0.057	98	777	0	784	775	2	18	0	0	0	52	0	931	T?/M?	live	0	0	0	650	470.891	400.000	393.800	680	583	250	2	7	784	52	0	0		0.8099	0.9714
3.7	kinsen.nano.Quarrelet 1.0	lower		4	true	35	3304.000	1167.000	30	1500.000	250.000	1269.000	808.000	11	19281	0.357	0.889	14.969	35	0	0	0.150	0.054	75	798	4	805	798	2	13	0	0	0	54	565	953	T?/M?	live	0	0	0	650	480.663	650.000	400.886	640	485	139	2	6	805	54	0	0		0.7390	0.8571
3.7	nat.Hikari dev0001	lower		1	true	35	4174.000	718.000	34	1700.000	50.000	1781.000	650.000	10	21776	0.298	0.714	14.603	35	0	0	0.162	0.058	25	1103	1	1104	1103	3	17	0	0	0	123	864	1110	T?/M?	live	0	0	0	650	391.254	400.000	472.171	455	349	304	2	5	1104	123	0	0		0.8532	0.9714
3.7	nat.Hikari dev0001	lower		2	true	35	3697.000	1105.000	31	1550.000	200.000	1550.000	818.000	13	23891	0.399	0.880	14.015	35	0	0	0.151	0.061	42	1262	1	1263	1262	3	17	0	0	0	135	1074	1297	T?/M?	live	0	0	0	650	424.694	650.000	532.600	341	232	224	2	4	1263	135	0	0		0.7699	0.8857
3.7	nat.Hikari dev0001	lower		3	true	35	4139.000	834.000	34	1700.000	50.000	1753.000	765.000	9	22617	0.360	0.852	14.418	35	0	0	0.158	0.067	22	1168	2	1168	1168	3	17	0	0	0	105	498	1191	T?/M?	live	0	0	0	650	395.980	400.000	496.200	403	293	195	2	216	1168	105	0	0		0.8323	0.9714
3.7	nat.Hikari dev0001	lower		4	true	35	4073.000	554.000	35	1750.000	0.000	1644.000	554.000	9	22520	0.343	0.763	12.589	35	0	0	0.147	0.049	11	1164	3	1164	1164	2	16	0	0	0	119	887	1182	T?/M?	live	0	0	0	650	418.603	450.000	493.429	540	277	136	2	6	1164	119	0	0		0.8803	1.0000
3.7	ne.Chimera 1.2	lower		1	true	35	2049.000	143.000	34	1700.000	50.000	9.000	69.000	2	5959	0.042	0.656	15.623	35	0	0	0.005	0.003	10	42	0	42	42	3	0	0	0	0	1	0	55	T?/M?	live	0	0	0	650	399.700	650.000	20.257	0	0	0	3	3	42	1	0	0	"Preventing ne.Chimera 1.2 from access: (""java.io.FilePermission"" ""D:\code\Hadur_Robot\hadur-bench\target\classes\META-INF\services\java.time.zone.ZoneRulesProvider"" ""read""). You may only read files in your own root package directory."	0.9348	0.9714
3.7	ne.Chimera 1.2	lower		2	true	35	2119.000	168.000	34	1700.000	50.000	69.000	92.000	5	6019	0.044	0.752	14.558	35	0	0	0.007	0.009	0	45	0	45	45	2	0	0	0	0	4	0	51	T?/M?	live	0	0	0	650	381.000	650.000	21.971	33	0	0	2	3	45	4	0	0	"Preventing ne.Chimera 1.2 from access: (""java.io.FilePermission"" ""D:\code\Hadur_Robot\hadur-bench\target\classes\META-INF\services\java.time.zone.ZoneRulesProvider"" ""read""). You may only read files in your own root package directory."	0.9265	0.9714
3.7	ne.Chimera 1.2	lower		3	true	35	2166.000	27.000	35	1750.000	0.000	55.000	27.000	4	5682	0.044	0.651	21.861	35	0	0	0.005	0.002	0	24	0	24	24	0	0	0	0	0	0	0	27	T?/M?	live	0	0	0	650	312.000	650.000	12.343	8	0	0	1	2	24	0	0	0	"Preventing ne.Chimera 1.2 from access: (""java.io.FilePermission"" ""D:\code\Hadur_Robot\hadur-bench\target\classes\META-INF\services\java.time.zone.ZoneRulesProvider"" ""read""). You may only read files in your own root package directory."	0.9877	1.0000
3.7	ne.Chimera 1.2	lower		4	true	35	2164.000	19.000	35	1750.000	0.000	53.000	19.000	5	5794	0.043	0.602	14.295	35	0	0	0.005	0.003	0	34	0	34	34	2	1	0	0	0	3	0	37	T?/M?	live	0	0	0	650	406.100	650.000	15.543	42	0	0	2	1	34	3	0	0	"Preventing ne.Chimera 1.2 from access: (""java.io.FilePermission"" ""D:\code\Hadur_Robot\hadur-bench\target\classes\META-INF\services\java.time.zone.ZoneRulesProvider"" ""read""). You may only read files in your own root package directory."	0.9913	1.0000
3.7	ntw.Sighup 1.5	weak		1	true	35	4568.000	833.000	33	1650.000	100.000	2144.000	682.000	12	15796	0.265	0.721	15.704	35	0	0	0.260	0.108	153	605	10	606	603	2	16	0	0	0	28	0	633	T?/M?	live	0	0	0	650	373.783	400.000	301.314	338	157	455	2	5	601	28	0	0		0.8458	0.9429
3.7	ntw.Sighup 1.5	weak		2	true	35	4606.000	320.000	35	1750.000	0.000	2088.000	314.000	10	14802	0.235	0.609	14.268	35	0	0	0.274	0.045	131	534	2	534	531	2	16	0	0	0	33	0	573	T?/M?	live	0	0	0	650	360.011	400.000	272.914	381	152	400	3	4	533	33	0	0		0.9350	1.0000
3.7	ntw.Sighup 1.5	weak		3	true	35	4816.000	423.000	35	1750.000	0.000	2201.000	416.000	11	14141	0.226	0.678	10.169	35	0	0	0.312	0.073	175	488	2	489	488	0	16	0	0	0	27	0	524	T?/M?	live	0	0	0	650	363.797	400.000	254.029	361	135	389	1	5	486	27	0	0		0.9193	1.0000
3.7	ntw.Sighup 1.5	weak		4	true	35	4501.000	549.000	34	1700.000	50.000	2040.000	481.000	11	16041	0.251	0.685	14.608	35	0	0	0.277	0.080	151	607	4	610	605	3	22	0	0	0	12	0	665	T?/M?	live	0	0	0	650	381.546	400.000	308.314	379	80	437	2	6	608	12	0	0		0.8913	0.9714
3.7	nz.jdc.nano.AralR 1.1	lower		1	true	35	5069.000	549.000	35	1750.000	0.000	2474.000	549.000	12	18280	0.266	0.732	31.961	35	0	0	0.222	0.093	53	885	4	890	884	10	20	0	0	0	56	139	800	T?/M?	live	0	0	0	650	325.834	400.000	372.286	580	167	491	3	7	890	55	0	0		0.9023	1.0000
3.7	nz.jdc.nano.AralR 1.1	lower		2	true	35	4950.000	479.000	35	1750.000	0.000	2375.000	479.000	11	18834	0.262	0.671	14.289	35	0	0	0.216	0.083	56	935	4	942	934	3	17	0	0	0	71	636	824	T?/M?	live	0	0	0	650	325.503	400.000	388.114	506	135	554	3	4	942	71	0	0		0.9118	1.0000
3.7	nz.jdc.nano.AralR 1.1	lower		3	true	35	5061.000	547.000	35	1750.000	0.000	2468.000	547.000	11	18641	0.286	0.753	12.787	35	0	0	0.226	0.099	70	917	2	920	915	2	22	0	0	0	60	330	818	T?/M?	live	0	0	0	650	343.860	400.000	382.600	508	182	525	2	5	920	60	0	0		0.9025	1.0000
3.7	nz.jdc.nano.AralR 1.1	lower		4	true	35	4911.000	617.000	34	1700.000	50.000	2396.000	542.000	13	18299	0.226	0.611	7.429	35	0	0	0.221	0.224	48	896	2	860	851	6	19	0	0	0	67	290	787	T?/M?	live	0	0	0	650	332.529	400.000	372.829	588	81	482	3	5	860	64	0	0		0.8884	0.9714
3.7	ola.Puffin 1.0	weak		1	true	35	5957.000	221.000	35	1750.000	0.000	3214.000	220.000	10	12719	0.251	0.650	9.602	35	0	0	0.490	0.111	1	448	2	449	448	4	19	0	0	0	35	0	425	T?/M?	live	0	0	0	650	361.157	400.000	213.400	236	25	327	2	3	449	35	0	0		0.9642	1.0000
3.7	ola.Puffin 1.0	weak		2	true	35	5903.000	200.000	35	1750.000	0.000	3169.000	200.000	12	13145	0.264	0.701	7.937	35	0	0	0.475	0.090	1	479	2	479	479	3	18	0	0	0	32	439	457	T?/M?	live	0	0	0	650	363.123	400.000	225.571	328	34	348	2	2	479	32	0	0		0.9672	1.0000
3.7	ola.Puffin 1.0	weak		3	true	35	5936.000	177.000	35	1750.000	0.000	3196.000	176.000	12	12774	0.251	0.701	13.981	35	0	0	0.500	0.076	2	428	7	429	428	1	19	0	0	0	36	406	432	T?/M?	live	0	0	0	650	347.146	400.000	214.971	271	58	314	2	6	429	36	0	0		0.9710	1.0000
3.7	ola.Puffin 1.0	weak		4	true	35	5870.000	48.000	35	1750.000	0.000	3141.000	48.000	11	12091	0.208	0.569	9.847	35	0	0	0.519	0.030	0	393	2	393	393	4	9	0	0	0	39	260	389	T?/M?	live	0	0	0	650	302.557	400.000	195.457	174	20	279	2	1	393	39	0	0		0.9919	1.0000
3.7	pa3k.Viper 5.03	lower		1	true	35	4039.000	973.000	32	1600.000	150.000	1779.000	754.000	11	26094	0.419	0.899	17.654	35	0	0	0.162	0.065	83	1193	1	1193	1193	4	10	0	0	0	120	622	1467	T?/M?	live	0	0	0	650	444.054	475.000	595.543	429	0	305	2	6	1191	120	0	0		0.8059	0.9143
3.7	pa3k.Viper 5.03	lower		2	true	35	4346.000	596.000	35	1750.000	0.000	1872.000	595.000	14	24959	0.408	0.873	15.813	35	0	0	0.160	0.055	49	1127	0	1128	1127	3	11	0	0	0	92	399	1369	T?/M?	live	0	0	0	650	445.597	575.000	563.114	388	0	291	2	6	1128	92	0	0		0.8794	1.0000
3.7	pa3k.Viper 5.03	lower		3	true	35	4248.000	1193.000	31	1550.000	200.000	2000.000	861.000	4	23593	0.464	0.988	17.578	34	0	0	0.187	0.097	68	1057	3	1057	1057	2	19	0	0	0	84	433	1208	T?/M?	live	0	0	0	650	444.256	650.000	522.412	394	0	373	2	318	1023	84	0	0		0.7807	0.8857
3.7	pa3k.Viper 5.03	lower		4	true	35	3694.000	1306.000	27	1350.000	400.000	1765.000	759.000	14	25717	0.471	0.999	16.052	35	0	0	0.163	0.071	77	1181	2	1181	1180	6	12	0	0	0	90	269	1420	T?/M?	live	0	0	0	650	465.226	600.000	584.771	540	0	431	2	9	1181	90	0	0		0.7388	0.7714
3.7	pez.nano.Icarus 0.3	weak		1	true	35	3983.000	191.000	35	1750.000	0.000	1569.000	191.000	12	20181	0.244	0.632	14.586	35	0	0	0.158	0.021	80	977	4	977	975	3	15	0	0	0	59	0	983	T?/M?	live	0	0	0	650	387.957	400.000	426.600	539	318	200	2	4	977	58	0	0		0.9542	1.0000
3.7	pez.nano.Icarus 0.3	weak		2	true	35	3965.000	172.000	35	1750.000	0.000	1554.000	172.000	62	19988	0.238	0.646	250.187	35	0	0	0.165	0.017	74	972	2	973	970	1	18	0	0	0	65	0	973	T?/M?	live	0	0	0	650	388.100	400.000	421.086	604	265	164	2	5	973	64	0	0		0.9584	1.0000
3.7	pez.nano.Icarus 0.3	weak		3	true	35	4161.000	103.000	35	1750.000	0.000	1718.000	103.000	11	18189	0.236	0.605	16.793	35	0	0	0.183	0.015	92	840	4	841	835	2	25	0	0	0	75	806	822	T?/M?	live	0	0	0	650	341.266	400.000	369.686	813	206	279	1	319	841	74	0	0		0.9758	1.0000
3.7	pez.nano.Icarus 0.3	weak		4	true	35	3744.000	264.000	34	1700.000	50.000	1409.000	168.000	12	20533	0.216	0.592	544.163	35	0	0	0.153	0.107	98	999	5	965	962	6	9	0	0	0	92	833	1023	T?/M?	live	0	0	0	650	358.943	400.000	436.657	770	246	92	3	4	964	90	0	0		0.9341	0.9714
3.7	rapture.Rapture 2.13	weak		1	true	35	5133.000	478.000	32	1600.000	150.000	2711.000	273.000	17	22677	0.364	0.961	74.953	35	0	0	0.206	0.080	35	1290	1	1289	1289	7	18	0	0	0	73	705	1116	T?/M?	live	0	0	0	650	457.903	400.000	497.914	488	35	683	3	4	1289	73	0	0		0.9148	0.9143
3.7	rapture.Rapture 2.13	weak		2	true	35	4993.000	212.000	34	1700.000	50.000	2468.000	140.000	12	19740	0.229	0.594	103.598	35	0	0	0.208	0.387	5	1009	1	942	942	3	14	0	0	0	64	725	911	T?/M?	live	0	0	0	650	385.249	400.000	414.000	381	117	542	3	6	942	63	0	0		0.9593	0.9714
3.7	rapture.Rapture 2.13	weak		3	true	35	5327.000	230.000	35	1750.000	0.000	2687.000	229.000	8	18108	0.218	0.639	15.038	35	0	0	0.226	0.039	8	900	4	900	900	3	10	0	0	0	43	0	780	T?/M?	live	0	0	0	650	398.400	400.000	367.371	388	48	585	1	5	900	43	0	0		0.9586	1.0000
3.7	rapture.Rapture 2.13	weak		4	true	35	5278.000	158.000	35	1750.000	0.000	2647.000	158.000	13	17612	0.248	0.667	81.049	35	0	0	0.253	0.019	13	847	2	847	847	5	15	0	0	0	48	0	763	T?/M?	live	0	0	0	650	393.097	400.000	353.200	523	178	527	3	4	847	48	0	0		0.9709	1.0000
3.7	repositorio.NanoStep 1.0	weak		1	true	35	5329.000	454.000	35	1750.000	0.000	2691.000	453.000	11	15449	0.297	0.765	28.394	35	0	0	0.295	0.080	17	681	6	681	681	3	30	0	0	0	41	0	603	T?/M?	live	0	0	0	650	492.537	400.000	291.400	362	51	468	2	3	681	41	0	0		0.9215	1.0000
3.7	repositorio.NanoStep 1.0	weak		2	true	35	5164.000	138.000	35	1750.000	0.000	2553.000	138.000	11	14685	0.261	0.667	9.575	35	0	0	0.298	0.035	18	623	3	624	623	4	16	0	0	0	33	0	555	T?/M?	live	0	0	0	650	452.403	400.000	269.571	490	16	407	2	4	624	32	0	0		0.9740	1.0000
3.7	repositorio.NanoStep 1.0	weak		3	true	35	5222.000	162.000	35	1750.000	0.000	2602.000	162.000	12	15058	0.271	0.665	13.392	35	0	0	0.292	0.039	16	659	7	659	659	2	7	0	0	0	33	0	581	T?/M?	live	0	0	0	650	457.737	400.000	280.229	534	58	427	1	4	659	33	0	0		0.9699	1.0000
3.7	repositorio.NanoStep 1.0	weak		4	true	35	5246.000	334.000	35	1750.000	0.000	2621.000	330.000	4	15119	0.275	0.732	13.017	34	0	0	0.292	0.054	22	660	5	661	660	2	21	0	0	0	45	0	569	T?/M?	live	0	0	0	650	460.150	400.000	283.765	331	46	428	2	6	647	45	0	0		0.9401	1.0000
3.7	robar.nano.MosquitoPM 1.0	lower		1	true	35	4126.000	952.000	34	1700.000	50.000	1747.000	880.000	15	18539	0.380	0.860	16.218	35	0	0	0.191	0.081	92	808	1	811	806	2	15	0	0	0	58	485	859	T?/M?	live	0	0	0	650	421.729	400.000	379.686	600	274	333	3	8	811	58	0	0		0.8125	0.9714
3.7	robar.nano.MosquitoPM 1.0	lower		2	true	35	4052.000	533.000	34	1700.000	50.000	1679.000	459.000	9	17311	0.343	0.787	12.247	35	0	0	0.189	0.043	93	726	6	728	724	1	20	0	0	0	60	236	767	T?/M?	live	0	0	0	650	466.083	400.000	344.600	502	198	319	2	5	728	60	0	0		0.8838	0.9714
3.7	robar.nano.MosquitoPM 1.0	lower		3	true	35	4104.000	678.000	34	1700.000	50.000	1725.000	606.000	12	17989	0.362	0.855	15.410	35	0	0	0.180	0.059	85	763	2	765	763	2	18	0	0	0	56	472	814	T?/M?	live	0	0	0	650	485.411	550.000	363.971	510	309	350	2	6	765	56	0	0		0.8582	0.9714
3.7	robar.nano.MosquitoPM 1.0	lower		4	true	35	3903.000	763.000	34	1700.000	50.000	1557.000	688.000	10	18986	0.389	0.902	15.009	35	0	0	0.168	0.058	91	837	4	838	836	4	19	0	0	0	67	833	905	T?/M?	live	0	0	0	650	480.011	400.000	392.457	488	290	256	2	5	838	67	0	0		0.8365	0.9714
3.7	robar.nano.Scytodes 0.3	weak		1	true	35	5351.000	336.000	35	1750.000	0.000	2709.000	336.000	8	11289	0.226	0.690	8.494	35	0	0	0.507	0.054	5	322	0	325	322	3	12	0	0	0	30	79	345	T?/M?	live	0	0	0	650	399.631	400.000	172.543	562	137	228	2	4	325	30	0	0		0.9409	1.0000
3.7	robar.nano.Scytodes 0.3	weak		2	true	35	5362.000	346.000	35	1750.000	0.000	2718.000	346.000	11	11296	0.225	0.690	25.175	35	0	0	0.503	0.063	9	317	3	319	317	3	10	0	0	0	28	168	343	T?/M?	live	0	0	0	650	400.754	400.000	172.743	474	144	230	2	3	319	28	0	0		0.9394	1.0000
3.7	robar.nano.Scytodes 0.3	weak		3	true	35	5313.000	160.000	35	1750.000	0.000	2678.000	160.000	9	10994	0.209	0.626	8.016	35	0	0	0.524	0.032	10	300	3	300	300	1	10	0	0	0	22	0	320	T?/M?	live	0	0	0	650	413.003	400.000	164.114	397	85	229	1	6	300	22	0	0		0.9708	1.0000
3.7	robar.nano.Scytodes 0.3	weak		4	true	35	5321.000	224.000	35	1750.000	0.000	2684.000	224.000	11	11122	0.214	0.633	18.472	35	0	0	0.516	0.043	7	309	3	312	309	4	13	0	0	0	22	0	326	T?/M?	live	0	0	0	650	403.417	400.000	167.771	593	39	224	2	5	312	22	0	0		0.9596	1.0000
3.7	sadoner.killer 0.2	weak		1	true	35	4717.000	645.000	35	1750.000	0.000	2181.000	645.000	11	16902	0.297	0.738	32.634	35	0	0	0.212	0.076	12	721	1	720	720	2	10	0	0	0	45	0	713	T?/M?	live	0	0	0	650	294.454	650.000	332.914	471	0	432	2	4	720	45	0	0		0.8797	1.0000
3.7	sadoner.killer 0.2	weak		2	true	35	4455.000	721.000	33	1650.000	100.000	2073.000	579.000	11	16582	0.271	0.693	14.725	35	0	0	0.225	0.058	7	691	1	691	691	3	13	0	0	0	46	216	692	T?/M?	live	0	0	0	650	289.583	400.000	323.771	554	0	395	2	5	689	46	0	0		0.8607	0.9429
3.7	sadoner.killer 0.2	weak		3	true	35	4237.000	781.000	33	1650.000	100.000	1894.000	639.000	11	18635	0.323	0.816	16.398	35	0	0	0.188	0.076	11	837	1	837	837	3	14	0	0	0	70	491	832	T?/M?	live	0	0	0	650	295.694	650.000	382.429	636	0	391	2	8	824	70	0	0		0.8444	0.9429
3.7	sadoner.killer 0.2	weak		4	true	35	4790.000	624.000	35	1750.000	0.000	2242.000	624.000	10	16608	0.275	0.693	14.511	35	0	0	0.232	0.075	10	703	5	703	703	4	13	0	0	0	51	0	699	T?/M?	live	0	0	0	650	296.174	400.000	324.514	652	0	399	2	5	703	51	0	0		0.8847	1.0000
3.7	sample.Target 1.0	weak		1	true	35	6247.000	0.000	35	1750.000	0.000	3456.000	0.000	9	16376	0.131	0.411	9.192	35	0	0	0.467	0.000	19	0	0	0	0	1	0	0	0	0	0	0	743	T?/M?	live	0	0	0	650	535.326	650.000	317.886	0	0	0	2	2	0	0	0	0		1.0000	1.0000
3.7	sample.Target 1.0	weak		2	true	35	6274.000	0.000	35	1750.000	0.000	3479.000	0.000	9	15571	0.130	0.414	14.101	35	0	0	0.517	0.000	9	0	0	0	0	1	0	0	0	0	0	0	685	T?/M?	live	0	0	0	650	489.503	650.000	294.886	0	0	0	2	3	0	0	0	0		1.0000	1.0000
3.7	sample.Target 1.0	weak		3	true	35	6275.000	0.000	35	1750.000	0.000	3480.000	0.000	8	16014	0.118	0.396	9.257	35	0	0	0.491	0.000	8	0	0	0	0	2	0	0	0	0	0	0	714	T?/M?	live	0	0	0	650	507.563	650.000	307.543	0	0	0	1	4	0	0	0	0		1.0000	1.0000
3.7	sample.Target 1.0	weak		4	true	35	6242.000	0.000	35	1750.000	0.000	3452.000	0.000	9	15366	0.097	0.364	8.791	35	0	0	0.520	0.000	17	0	0	0	0	2	0	0	0	0	0	0	666	T?/M?	live	0	0	0	650	485.640	650.000	289.029	0	0	0	2	2	0	0	0	0		1.0000	1.0000
3.7	wcsv.PowerHouse.PowerHouse 1.7e3	mid		1	true	35	2974.000	1404.000	30	1500.000	250.000	992.000	1045.000	11	31685	0.486	0.957	13.165	35	0	0	0.102	0.065	83	1824	14	1824	1824	5	16	0	0	0	180	1550	2009	T?/M?	live	0	0	0	650	462.674	650.000	755.286	502	236	0	2	10	1824	180	0	0		0.6793	0.8571
3.7	wcsv.PowerHouse.PowerHouse 1.7e3	mid		2	true	35	2946.000	1741.000	27	1350.000	400.000	1137.000	1152.000	10	30000	0.502	0.977	12.444	35	0	0	0.100	0.079	60	1709	9	1709	1709	6	18	0	0	0	174	1492	1849	T?/M?	live	0	0	0	650	459.089	650.000	707.143	393	209	15	2	9	1707	173	0	0		0.6285	0.7714
3.7	wcsv.PowerHouse.PowerHouse 1.7e3	mid		3	true	35	3002.000	1655.000	28	1400.000	350.000	1120.000	1159.000	6	30267	0.500	0.968	13.021	34	0	0	0.099	0.078	57	1717	14	1717	1717	3	25	0	0	0	173	1531	1836	T?/M?	live	0	0	0	650	456.565	650.000	718.206	485	198	0	2	138	1677	172	0	0		0.6446	0.8000
3.7	wcsv.PowerHouse.PowerHouse 1.7e3	mid		4	true	35	3175.000	1323.000	31	1550.000	200.000	1104.000	1035.000	10	30297	0.486	0.963	12.253	35	0	0	0.090	0.073	38	1736	10	1736	1736	5	28	0	0	0	177	1168	1857	T?/M?	live	0	0	0	650	470.977	650.000	715.629	149	153	0	2	7	1736	177	0	0		0.7059	0.8857
3.7	yk.JahMicro 1.0	weak		1	true	35	5162.000	390.000	33	1650.000	100.000	2667.000	265.000	14	23233	0.267	0.698	16.626	35	0	0	0.207	0.070	54	781	1	783	780	6	8	0	0	0	83	753	1157	T?/M?	live	0	0	0	650	424.451	400.000	513.800	285	24	725	2	4	783	83	0	0		0.9298	0.9429
3.7	yk.JahMicro 1.0	weak		2	true	35	5148.000	496.000	32	1600.000	150.000	2717.000	309.000	12	23886	0.274	0.708	17.116	35	0	0	0.218	0.071	87	812	0	819	811	2	14	0	0	0	67	504	1221	T?/M?	live	0	0	0	650	450.357	400.000	532.457	242	0	704	3	4	818	67	0	0		0.9121	0.9143
3.7	yk.JahMicro 1.0	weak		3	true	35	5125.000	350.000	33	1650.000	100.000	2637.000	224.000	9	23247	0.272	0.710	16.010	35	0	0	0.191	0.058	43	829	0	840	829	1	12	0	0	0	73	61	1150	T?/M?	live	0	0	0	650	447.500	400.000	514.200	209	0	715	1	4	838	73	0	0		0.9361	0.9429
3.7	yk.JahMicro 1.0	weak		4	true	35	5131.000	450.000	33	1650.000	100.000	2636.000	328.000	7	25241	0.265	0.693	17.866	34	0	0	0.189	0.061	42	874	1	903	874	3	9	0	0	0	66	746	1202	T?/M?	live	0	0	0	650	448.909	400.000	542.529	179	0	648	2	4	841	66	0	0		0.9194	0.9429
