build	opponent	role	rank	seed	ok	rounds	score	theirScore	score_share	firsts	theirFirsts	survival	theirSurvival	bulletDamage	theirBulletDamage	roundsWon	roundsSurvived	shots	shotsWithMateInLane	countBelowTruth	countReports	bulletsOnMates	focusFireRatio	skippedTurns	duressTicks	faults	linkRejects
3.8.5	mn.CombatTeam 3.25.0	team-1	1	1	true	35	15433	60995	0.2019	0	35	8800	34950	6059	17033	0	0	6834	4	0	351	43	0.3779	7	272	0	0
3.8.5	mn.CombatTeam 3.25.0	team-1	1	2	true	35	12977	63790	0.1690	1	34	6650	37100	5727	16978	1	1	6756	8	0	308	48	0.3678	11	298	0	0
3.8.5	mn.CombatTeam 3.25.0	team-1	1	3	true	35	16458	60290	0.2144	3	32	9050	34700	6468	16758	3	3	7045	6	0	356	60	0.3613	8	0	0	0
3.8.5	mn.CombatTeam 3.25.0	team-1	1	4	true	35	12107	64624	0.1578	1	34	5900	37850	5739	16905	1	1	6464	8	0	293	59	0.3915	6	0	0	0
3.8.5	mn.CombatTeam 3.25.0	team-1	1	5	true	35	13948	62549	0.1823	1	34	7250	36450	6122	16801	1	1	6599	4	0	320	69	0.3932	9	63	0	0
3.8.5	mn.CombatTeam 3.25.0	team-1	1	6	true	35	10636	66765	0.1374	0	35	4700	39000	5624	17273	0	0	6260	5	0	269	45	0.3795	2	0	0	0
3.8.5	mn.CombatTeam 3.25.0	team-1	1	7	true	35	15744	60408	0.2067	0	35	8850	34900	6332	16463	0	0	7228	2	0	352	65	0.3530	5	0	0	0
3.8.5	mn.CombatTeam 3.25.0	team-1	1	8	true	35	15161	61677	0.1973	2	33	8000	35700	6518	16565	2	2	7064	5	0	336	59	0.3794	10	0	0	0
3.8.5	mn.CombatTeam 3.25.0	team-1	1	9	true	35	14121	62189	0.1850	2	33	7450	36250	5892	16543	2	2	6794	5	0	324	58	0.3770	4	0	0	0
3.8.5	mn.CombatTeam 3.25.0	team-1	1	10	true	35	13498	63840	0.1745	0	35	6850	36850	6133	17137	0	0	6508	6	0	312	49	0.3967	6	166	0	0
3.8.5	cb.fire.FirestarterTeam 2.0	team-2	2	1	true	35	13759	61153	0.1837	0	35	7750	36000	5436	15847	0	0	7245	2	0	330	46	0.4148	3	57	0	0
3.8.5	cb.fire.FirestarterTeam 2.0	team-2	2	2	true	35	16025	59200	0.2130	0	35	9150	34600	6210	15776	0	0	7184	6	0	358	65	0.4088	7	0	0	0
3.8.5	cb.fire.FirestarterTeam 2.0	team-2	2	3	true	35	15589	59032	0.2089	0	35	8950	34800	5970	15374	0	0	7532	3	0	354	58	0.4115	5	0	0	0
3.8.5	cb.fire.FirestarterTeam 2.0	team-2	2	4	true	35	14955	59832	0.2000	0	35	8400	35300	5923	15539	0	0	7510	3	0	343	52	0.4075	5	0	0	0
3.8.5	cb.fire.FirestarterTeam 2.0	team-2	2	5	true	35	15430	58936	0.2075	1	34	8650	35100	6057	15196	1	1	7685	3	0	345	64	0.3995	8	131	0	0
3.8.5	cb.fire.FirestarterTeam 2.0	team-2	2	6	true	35	17574	57357	0.2345	1	34	10250	33450	6466	15390	1	1	7581	3	0	380	64	0.3910	8	189	0	0
3.8.5	cb.fire.FirestarterTeam 2.0	team-2	2	7	true	35	13809	60579	0.1856	1	34	7650	36100	5543	15413	1	1	7361	7	0	328	67	0.4290	6	0	0	0
3.8.5	cb.fire.FirestarterTeam 2.0	team-2	2	8	true	35	16788	58604	0.2227	0	35	9500	34250	6549	15741	0	0	7713	1	0	365	55	0.3931	4	0	0	0
3.8.5	cb.fire.FirestarterTeam 2.0	team-2	2	9	true	35	15414	59608	0.2055	1	34	8850	34900	5929	15629	1	1	7257	4	0	352	52	0.4052	4	0	0	0
3.8.5	cb.fire.FirestarterTeam 2.0	team-2	2	10	true	35	15534	58940	0.2086	1	34	9050	34700	5711	15281	1	1	7564	5	0	356	59	0.4045	5	0	0	0
3.8.5	abc.ShadowTeam 3.83	team-3	3	1	true	35	14751	59642	0.1983	3	32	8400	35350	5672	16046	3	3	7425	5	0	343	45	0.3324	5	0	0	0
3.8.5	abc.ShadowTeam 3.83	team-3	3	2	true	35	16492	57355	0.2233	4	31	10200	33550	5479	15784	4	4	7672	3	0	379	47	0.3509	6	0	0	0
3.8.5	abc.ShadowTeam 3.83	team-3	3	3	true	35	20273	53600	0.2744	4	31	12950	30800	6212	15685	4	4	7657	4	0	434	49	0.3297	2	0	0	0
3.8.5	abc.ShadowTeam 3.83	team-3	3	4	true	35	14675	59391	0.1981	2	33	8400	35350	5652	15820	2	2	7433	7	0	342	51	0.3254	5	298	0	0
3.8.5	abc.ShadowTeam 3.83	team-3	3	5	true	35	14915	59428	0.2006	4	31	8400	35300	5837	15880	4	4	7293	4	0	343	52	0.3487	8	151	0	0
3.8.5	abc.ShadowTeam 3.83	team-3	3	6	true	35	16772	57391	0.2262	3	32	10200	33550	5573	15806	3	3	7337	3	0	379	54	0.3480	8	0	0	0
3.8.5	abc.ShadowTeam 3.83	team-3	3	7	true	35	17569	56865	0.2360	3	32	10600	33150	5993	15965	3	3	7422	5	0	387	53	0.3321	7	0	0	0
3.8.5	abc.ShadowTeam 3.83	team-3	3	8	true	35	17315	56785	0.2337	4	31	10500	33250	5758	15528	4	4	7676	6	0	385	57	0.3418	9	0	0	0
3.8.5	abc.ShadowTeam 3.83	team-3	3	9	true	35	18157	56112	0.2445	2	33	11450	32250	6077	15853	2	2	7745	5	0	404	56	0.3223	4	146	0	0
3.8.5	abc.ShadowTeam 3.83	team-3	3	10	true	35	19645	53788	0.2675	6	29	12250	31500	6137	15303	6	6	8032	3	0	420	51	0.3326	7	298	0	0
3.8.5	rz.AlephTeam 0.34	team-4	4	1	true	35	16247	56276	0.2240	2	33	10700	33050	4941	15540	2	2	6585	2	0	389	73	0.3448	10	98	0	0
3.8.5	rz.AlephTeam 0.34	team-4	4	2	true	35	19353	52960	0.2676	1	34	13250	30500	5453	15353	1	1	6987	2	0	436	66	0.3340	10	0	0	0
3.8.5	rz.AlephTeam 0.34	team-4	4	3	true	35	20727	50905	0.2894	3	32	14450	29250	5370	15133	3	3	7253	6	0	462	56	0.3529	8	0	0	0
3.8.5	rz.AlephTeam 0.34	team-4	4	4	true	35	19206	53026	0.2659	1	34	13100	30650	5344	15134	1	1	6972	6	0	437	64	0.3592	10	263	0	0
3.8.5	rz.AlephTeam 0.34	team-4	4	5	true	35	19232	52868	0.2667	3	32	13050	30700	5342	15174	3	3	6933	4	0	436	65	0.3708	6	0	0	0
3.8.5	rz.AlephTeam 0.34	team-4	4	6	true	35	17851	53856	0.2489	3	32	12250	31350	4917	15118	3	3	6915	3	0	417	50	0.3547	9	0	0	0
3.8.5	rz.AlephTeam 0.34	team-4	4	7	true	35	20840	51928	0.2864	5	30	14150	29600	5399	15162	5	5	7219	4	0	458	66	0.3678	5	0	0	0
3.8.5	rz.AlephTeam 0.34	team-4	4	8	true	35	19515	52829	0.2698	5	30	13100	30650	5369	15004	5	5	7195	7	0	437	52	0.3727	7	0	0	0
3.8.5	rz.AlephTeam 0.34	team-4	4	9	true	35	14624	58571	0.1998	4	31	8700	35050	4938	15597	4	4	6685	7	0	349	56	0.3631	9	188	0	0
3.8.5	rz.AlephTeam 0.34	team-4	4	10	true	35	19957	52145	0.2768	4	31	13600	30100	5422	15158	4	4	7237	1	0	447	59	0.3299	11	0	0	0
3.8.5	ustimaw.NightmareTeam 3.3	team-5	5	1	true	35	14086	74853	0.1584	0	35	2450	41250	10288	19436	0	0	2524	5	0	225	45	0.3199	0	0	0	0
3.8.5	ustimaw.NightmareTeam 3.3	team-5	5	2	true	35	14300	74742	0.1606	2	33	2750	41000	10247	20078	2	2	2631	3	0	230	29	0.3016	2	0	0	0
3.8.5	ustimaw.NightmareTeam 3.3	team-5	5	3	true	35	13633	75301	0.1533	1	34	2250	41500	9784	19348	1	1	2307	4	0	220	30	0.3351	4	0	0	0
3.8.5	ustimaw.NightmareTeam 3.3	team-5	5	4	true	35	14358	74363	0.1618	3	32	2650	41100	9927	19681	3	3	2632	2	0	228	34	0.3093	6	0	0	0
3.8.5	ustimaw.NightmareTeam 3.3	team-5	5	5	true	35	14589	74551	0.1637	2	33	2750	41000	10184	19644	2	2	2539	1	0	227	37	0.3280	3	0	0	0
3.8.5	ustimaw.NightmareTeam 3.3	team-5	5	6	true	35	13340	75877	0.1495	0	35	2150	41600	9976	20028	0	0	2299	5	0	218	32	0.3218	0	0	0	0
3.8.5	ustimaw.NightmareTeam 3.3	team-5	5	7	true	35	11912	76240	0.1351	0	35	1600	42150	9121	19540	0	0	2122	4	0	207	40	0.3276	0	0	0	0
3.8.5	ustimaw.NightmareTeam 3.3	team-5	5	8	true	35	13533	76802	0.1498	0	35	1950	41800	10239	20362	0	0	2358	3	0	214	27	0.3226	1	0	0	0
3.8.5	ustimaw.NightmareTeam 3.3	team-5	5	9	true	35	14989	73676	0.1691	3	32	3200	40550	10138	19237	3	3	2579	5	0	239	34	0.3312	7	243	0	0
3.8.5	ustimaw.NightmareTeam 3.3	team-5	5	10	true	35	13353	75938	0.1495	0	35	2300	41450	9768	20128	0	0	2145	5	0	221	34	0.3096	0	0	0	0
3.8.5	florent.XSeries.Xmen 0.9	team-6	6	1	true	35	24600	46720	0.3449	13	22	16950	26700	5688	15289	13	13	7509	10	0	514	43	0.3077	8	0	0	0
3.8.5	florent.XSeries.Xmen 0.9	team-6	6	2	true	35	26272	44808	0.3696	17	18	17950	25800	6043	14661	17	17	7331	10	0	534	85	0.3286	8	0	0	0
3.8.5	florent.XSeries.Xmen 0.9	team-6	6	3	true	8	7915	10614	0.4272	4	5	5600	5650	1644	3892	4	4	1837	4	0	132	8	0.3465	7	0	0	0
3.8.5	florent.XSeries.Xmen 0.9	team-6	6	4	true	35	26760	45090	0.3724	15	20	18400	25350	6315	15206	15	15	6915	1	0	543	78	0.3468	6	0	0	0
3.8.5	florent.XSeries.Xmen 0.9	team-6	6	5	true	35	30672	40804	0.4291	22	13	21050	22700	6804	14785	22	22	7360	6	0	592	47	0.3665	7	49	0	0
3.8.5	florent.XSeries.Xmen 0.9	team-6	6	6	true	3	3605	4627	0.4379	2	2	2450	2550	786	1616	1	1	641	1	0	52	3	0.3075	3	0	0	0
3.8.5	florent.XSeries.Xmen 0.9	team-6	6	7	true	35	30688	41164	0.4271	25	10	20600	23150	6776	14586	25	25	7481	7	0	587	75	0.3827	4	0	0	0
3.8.5	florent.XSeries.Xmen 0.9	team-6	6	8	true	35	23289	48142	0.3260	8	27	16150	27600	5573	15351	8	8	7325	3	0	494	59	0.3284	8	0	0	0
3.8.5	florent.XSeries.Xmen 0.9	team-6	6	9	true	35	26354	44421	0.3724	12	23	18750	25000	5631	14819	12	12	7679	5	0	550	60	0.3389	6	0	0	0
3.8.5	florent.XSeries.Xmen 0.9	team-6	6	10	true	35	27975	42435	0.3973	16	19	19500	24250	5960	14498	16	16	8017	2	0	565	62	0.3131	10	93	0	0
3.8.5	ags.polylunar.Polylunar 1.6	team-7	7	1	true	35	17330	71546	0.1950	2	33	4600	39150	11267	21227	2	2	2003	4	0	267	52	0.3332	9	72	0	0
3.8.5	ags.polylunar.Polylunar 1.6	team-7	7	2	true	35	18374	70436	0.2069	2	33	5400	38350	11220	20952	2	2	1996	3	0	283	44	0.3276	4	0	0	0
3.8.5	ags.polylunar.Polylunar 1.6	team-7	7	3	true	35	14510	72229	0.1673	1	34	3500	40200	10100	20436	1	1	1942	6	0	245	51	0.3419	1	0	0	0
3.8.5	ags.polylunar.Polylunar 1.6	team-7	7	4	true	35	15407	72917	0.1744	1	34	3650	40100	10694	21280	1	1	1923	5	0	248	43	0.3137	3	0	0	0
3.8.5	ags.polylunar.Polylunar 1.6	team-7	7	5	true	35	18302	70936	0.2051	3	32	5050	38650	11588	21574	3	3	1948	2	0	276	49	0.3411	6	0	0	0
3.8.5	ags.polylunar.Polylunar 1.6	team-7	7	6	true	35	13673	74708	0.1547	1	34	2550	41200	10452	21414	1	1	1927	5	0	226	34	0.3174	5	111	0	0
3.8.5	ags.polylunar.Polylunar 1.6	team-7	7	7	true	35	14692	72906	0.1677	1	34	3400	40350	10090	20809	1	1	1857	7	0	243	45	0.3355	4	0	0	0
3.8.5	ags.polylunar.Polylunar 1.6	team-7	7	8	true	35	15506	72164	0.1769	1	34	4200	39550	10011	20906	1	1	1826	6	0	259	37	0.3277	2	0	0	0
3.8.5	ags.polylunar.Polylunar 1.6	team-7	7	9	true	35	14704	72157	0.1693	2	33	3650	40050	9957	20569	2	2	1896	7	0	248	46	0.3520	5	298	0	0
3.8.5	ags.polylunar.Polylunar 1.6	team-7	7	10	true	35	15367	71903	0.1761	2	33	3950	39800	10239	20750	2	2	1925	8	0	254	47	0.3288	5	0	0	0
3.8.5	rz.GlowingHawks 0.2	team-8	8	1	true	35	42399	32899	0.5631	19	16	27750	16000	10403	13393	19	19	10500	6	0	730	113	0.3348	8	0	0	0
3.8.5	rz.GlowingHawks 0.2	team-8	8	2	true	35	41618	34099	0.5497	20	15	26900	16850	10054	13806	20	20	10505	8	0	713	75	0.3370	5	0	0	0
3.8.5	rz.GlowingHawks 0.2	team-8	8	3	true	35	41441	34101	0.5486	22	13	26650	17050	10570	13656	22	22	10669	8	0	708	99	0.3526	5	0	0	0
3.8.5	rz.GlowingHawks 0.2	team-8	8	4	true	35	41690	32723	0.5603	24	12	27100	16500	10379	13442	23	23	10504	8	0	718	109	0.3490	5	0	0	0
3.8.5	rz.GlowingHawks 0.2	team-8	8	5	true	35	41514	34005	0.5497	20	15	26750	17000	10236	13908	20	20	10749	4	0	710	111	0.3297	5	0	0	0
3.8.5	rz.GlowingHawks 0.2	team-8	8	6	true	35	37756	38318	0.4963	18	17	23750	20000	10228	14469	18	18	10094	3	0	650	97	0.3278	9	0	0	0
3.8.5	rz.GlowingHawks 0.2	team-8	8	7	true	35	41021	34472	0.5434	21	14	26300	17400	10475	13776	21	21	10339	3	0	701	98	0.3437	6	0	0	0
3.8.5	rz.GlowingHawks 0.2	team-8	8	8	true	35	42715	32493	0.5680	21	14	27600	16100	10400	13085	21	21	10600	3	0	727	91	0.3374	8	0	0	0
3.8.5	rz.GlowingHawks 0.2	team-8	8	9	true	35	41279	33988	0.5484	17	18	26750	16950	10146	13589	17	17	10420	3	0	710	100	0.3221	7	0	0	0
3.8.5	rz.GlowingHawks 0.2	team-8	8	10	true	35	47174	28732	0.6215	26	9	30450	13300	11059	13102	26	26	10620	9	0	779	100	0.3452	5	0	0	0
3.8.5	kawigi.micro.ArmyOfShiz 1.1	team-9	9	1	true	35	27186	44805	0.3776	20	15	18400	25300	6268	14930	20	20	7394	7	0	543	69	0.3583	9	298	0	0
3.8.5	kawigi.micro.ArmyOfShiz 1.1	team-9	9	2	true	35	29569	42789	0.4086	21	14	20250	23500	6605	14815	21	21	7754	7	0	580	80	0.3569	6	0	0	0
3.8.5	kawigi.micro.ArmyOfShiz 1.1	team-9	9	3	true	35	27044	45257	0.3740	18	17	18650	25100	6126	15192	18	18	7468	9	0	548	58	0.3702	5	0	0	0
3.8.5	kawigi.micro.ArmyOfShiz 1.1	team-9	9	4	true	35	29842	42092	0.4149	19	16	20600	23150	6306	14560	19	19	7818	3	0	587	55	0.3602	6	0	0	0
3.8.5	kawigi.micro.ArmyOfShiz 1.1	team-9	9	5	true	35	27538	45372	0.3777	14	21	18950	24700	6096	15125	14	14	7484	4	0	554	71	0.3396	7	0	0	0
3.8.5	kawigi.micro.ArmyOfShiz 1.1	team-9	9	6	true	35	29964	42697	0.4124	18	17	20550	23150	6456	14732	18	18	7753	4	0	586	66	0.3439	6	0	0	0
3.8.5	kawigi.micro.ArmyOfShiz 1.1	team-9	9	7	true	35	28043	44079	0.3888	16	19	19300	24400	6220	14660	16	16	8006	5	0	561	54	0.3687	8	0	0	0
3.8.5	kawigi.micro.ArmyOfShiz 1.1	team-9	9	8	true	35	26240	46492	0.3608	16	19	17850	25900	5812	15152	16	16	7284	7	0	532	61	0.3477	11	137	0	0
3.8.5	kawigi.micro.ArmyOfShiz 1.1	team-9	9	9	true	35	28587	43020	0.3992	16	19	19900	23850	6195	14180	16	16	7904	5	0	573	92	0.3570	5	0	0	0
3.8.5	kawigi.micro.ArmyOfShiz 1.1	team-9	9	10	true	35	24617	47438	0.3416	14	21	17150	26550	5646	15454	14	14	7489	6	0	518	62	0.3693	10	109	0	0
3.8.5	rz.HOFSwarm 1.1	team-10	10	1	true	35	39968	32960	0.5480	25	10	27150	16600	8125	13177	25	25	9077	2	0	718	78	0.3379	6	0	0	0
3.8.5	rz.HOFSwarm 1.1	team-10	10	2	true	35	37149	36113	0.5071	19	16	25350	18350	8079	13727	19	19	8909	8	0	682	79	0.3426	7	0	0	0
3.8.5	rz.HOFSwarm 1.1	team-10	10	3	true	35	36871	35692	0.5081	18	17	25450	18300	7920	13500	18	18	9408	7	0	684	102	0.3396	6	0	0	0
3.8.5	rz.HOFSwarm 1.1	team-10	10	4	true	35	38521	33674	0.5336	18	17	26900	16800	7937	13229	18	18	9513	2	0	713	86	0.3350	5	0	0	0
3.8.5	rz.HOFSwarm 1.1	team-10	10	5	true	35	40435	32304	0.5559	23	12	27950	15800	7813	13150	23	23	9335	5	0	734	121	0.3565	7	0	0	0
3.8.5	rz.HOFSwarm 1.1	team-10	10	6	true	35	38141	34625	0.5242	21	14	25950	17800	7959	13314	21	21	9052	6	0	694	86	0.3409	9	146	0	0
3.8.5	rz.HOFSwarm 1.1	team-10	10	7	true	35	39445	32957	0.5448	21	14	27200	16550	7897	13042	21	21	8999	6	0	719	78	0.3444	7	0	0	0
3.8.5	rz.HOFSwarm 1.1	team-10	10	8	true	35	40284	32242	0.5554	20	15	28200	15550	8112	13358	20	20	9310	5	0	739	94	0.3382	9	0	0	0
3.8.5	rz.HOFSwarm 1.1	team-10	10	9	true	35	39559	32622	0.5481	21	14	27500	16200	7914	13167	21	21	9441	7	0	725	78	0.3465	7	0	0	0
3.8.5	rz.HOFSwarm 1.1	team-10	10	10	true	35	33733	39766	0.4590	16	19	22850	20850	7421	14019	16	16	8441	1	0	632	80	0.3449	7	0	0	0
3.8.5	davidalves.PhoenixTeam 0.54	team-11	11	1	true	35	39638	33573	0.5414	17	18	27650	16050	8419	13866	17	17	9700	9	0	728	119	0.3214	8	298	0	0
3.8.5	davidalves.PhoenixTeam 0.54	team-11	11	2	true	35	37832	34737	0.5213	15	20	26550	17150	8120	13631	15	15	9594	11	0	706	98	0.3371	6	0	0	0
3.8.5	davidalves.PhoenixTeam 0.54	team-11	11	3	true	35	36714	36698	0.5001	16	19	25150	18600	8237	14141	16	16	9156	5	0	678	85	0.3355	3	0	0	0
3.8.5	davidalves.PhoenixTeam 0.54	team-11	11	4	true	35	43911	29391	0.5990	17	18	30800	12950	8954	13181	17	17	9474	5	0	791	104	0.3261	7	0	0	0
3.8.5	davidalves.PhoenixTeam 0.54	team-11	11	5	true	35	46327	27691	0.6259	24	12	31950	11750	9735	13434	23	23	10004	6	0	815	87	0.3140	6	0	0	0
3.8.5	davidalves.PhoenixTeam 0.54	team-11	11	6	true	35	42878	30398	0.5852	19	16	30050	13700	8718	13469	19	19	9728	5	0	771	91	0.3404	8	0	0	0
3.8.5	davidalves.PhoenixTeam 0.54	team-11	11	7	true	35	40066	33267	0.5464	17	18	28050	15600	8600	14018	17	17	9181	6	0	736	90	0.3162	9	0	0	0
3.8.5	davidalves.PhoenixTeam 0.54	team-11	11	8	true	35	42685	31255	0.5773	16	19	29450	14300	9150	13711	16	16	9605	9	0	759	115	0.3108	7	0	0	0
3.8.5	davidalves.PhoenixTeam 0.54	team-11	11	9	true	35	42582	30818	0.5801	19	16	29550	14200	8613	13314	19	19	9779	5	0	766	84	0.3452	10	0	0	0
3.8.5	davidalves.PhoenixTeam 0.54	team-11	11	10	true	35	40360	31980	0.5579	16	19	28600	15150	8273	13224	16	16	9720	8	0	747	119	0.3177	6	0	0	0
3.8.5	kid.team.OmegaSquad .0.2	team-12	12	1	true	35	34857	24284	0.5894	20	15	23500	11500	7571	10217	20	20	12811	5	0	645	93	0.3808	12	0	0	0
3.8.5	kid.team.OmegaSquad .0.2	team-12	12	2	true	35	33149	26385	0.5568	15	20	22450	12550	7635	10802	15	15	13205	5	0	624	90	0.3793	12	0	0	0
3.8.5	kid.team.OmegaSquad .0.2	team-12	12	3	true	35	37591	21961	0.6312	21	14	25400	9600	8080	10207	21	21	12630	13	0	683	91	0.3770	11	0	0	0
3.8.5	kid.team.OmegaSquad .0.2	team-12	12	4	true	35	32839	26741	0.5512	19	16	21750	13250	7594	10647	19	19	12702	7	0	610	96	0.3747	3	0	0	0
3.8.5	kid.team.OmegaSquad .0.2	team-12	12	5	true	35	34390	24844	0.5806	19	16	23250	11750	7824	10376	19	19	13432	11	0	640	113	0.3875	4	0	0	0
3.8.5	kid.team.OmegaSquad .0.2	team-12	12	6	true	35	33877	25623	0.5694	17	18	22650	12350	7846	10298	17	17	12303	3	0	628	84	0.3831	5	0	0	0
3.8.5	kid.team.OmegaSquad .0.2	team-12	12	7	true	35	32442	26612	0.5494	20	15	21750	13250	7699	10499	20	20	13263	7	0	610	109	0.3858	6	0	0	0
3.8.5	kid.team.OmegaSquad .0.2	team-12	12	8	true	35	32448	26516	0.5503	15	20	22100	12900	7266	10524	15	15	12745	10	0	617	94	0.3738	11	1	0	0
3.8.5	kid.team.OmegaSquad .0.2	team-12	12	9	true	35	35690	23299	0.6050	18	17	24250	10750	7745	9902	18	18	12563	7	0	660	96	0.3897	8	0	0	0
3.8.5	kid.team.OmegaSquad .0.2	team-12	12	10	true	35	36116	23981	0.6010	21	14	24200	10800	8091	10546	21	21	12645	9	0	659	91	0.3781	7	0	0	0
3.8.5	cx.mini.DemoniacNimrods 0.50	team-13	13	1	true	35	32119	39627	0.4477	12	23	23300	20450	6321	14658	12	12	7448	9	0	636	69	0.3398	8	0	0	0
3.8.5	cx.mini.DemoniacNimrods 0.50	team-13	13	2	true	35	36304	35613	0.5048	23	12	25500	18200	7080	14030	23	23	8018	6	0	681	50	0.3631	5	0	0	0
3.8.5	cx.mini.DemoniacNimrods 0.50	team-13	13	3	true	35	36086	36615	0.4964	19	16	25450	18300	7050	14243	19	19	7879	4	0	684	74	0.3396	5	0	0	0
3.8.5	cx.mini.DemoniacNimrods 0.50	team-13	13	4	true	35	34043	38405	0.4699	18	17	23900	19800	6888	14551	18	18	7602	8	0	653	63	0.3322	6	0	0	0
3.8.5	cx.mini.DemoniacNimrods 0.50	team-13	13	5	true	35	38203	35699	0.5169	23	12	26250	17500	7724	14736	23	23	7858	6	0	700	68	0.3385	6	0	0	0
3.8.5	cx.mini.DemoniacNimrods 0.50	team-13	13	6	true	35	33783	38913	0.4647	19	16	23700	20000	7039	14834	19	19	7497	9	0	649	69	0.3477	9	175	0	0
3.8.5	cx.mini.DemoniacNimrods 0.50	team-13	13	7	true	35	35768	37902	0.4855	19	16	24600	19100	7674	14906	19	19	7717	3	0	662	61	0.3393	7	0	0	0
3.8.5	cx.mini.DemoniacNimrods 0.50	team-13	13	8	true	35	37594	35824	0.5121	19	16	26550	17200	7655	14846	19	19	7851	5	0	706	65	0.3368	7	0	0	0
3.8.5	cx.mini.DemoniacNimrods 0.50	team-13	13	9	true	35	31038	40982	0.4310	10	25	22550	21200	6417	14798	10	10	7520	6	0	622	59	0.3412	7	0	0	0
3.8.5	cx.mini.DemoniacNimrods 0.50	team-13	13	10	true	35	31694	40891	0.4366	14	21	22650	21100	6654	15125	14	14	7564	5	0	628	66	0.3381	15	298	0	0
3.8.5	tmnr.TMNR 1.01	team-14	14	1	true	35	41777	30817	0.5755	30	5	28750	15000	7861	13518	30	30	7342	2	0	750	73	0.3332	16	56	0	0
3.8.5	tmnr.TMNR 1.01	team-14	14	2	true	35	37492	34899	0.5179	27	8	25900	17850	7222	14246	27	27	7339	5	0	693	64	0.3167	24	490	0	0
3.8.5	tmnr.TMNR 1.01	team-14	14	3	true	35	41580	30474	0.5771	31	4	28650	15100	7614	13371	31	31	7810	2	0	748	80	0.3405	15	0	0	0
3.8.5	tmnr.TMNR 1.01	team-14	14	4	true	35	40064	32617	0.5512	28	7	27500	16250	7780	13812	28	28	7302	3	0	725	73	0.3510	10	0	0	0
3.8.5	tmnr.TMNR 1.01	team-14	14	5	true	35	38839	33596	0.5362	29	6	26850	16900	7397	14053	29	29	7639	3	0	706	81	0.3412	12	285	0	0
3.8.5	tmnr.TMNR 1.01	team-14	14	6	true	35	35248	37408	0.4851	28	7	23900	19850	7091	14624	28	28	7164	7	0	653	63	0.3244	20	0	0	0
3.8.5	tmnr.TMNR 1.01	team-14	14	7	true	35	43412	27768	0.6099	29	6	30600	13150	7341	12430	29	29	7714	9	0	782	71	0.3419	21	0	0	0
3.8.5	tmnr.TMNR 1.01	team-14	14	8	true	35	40752	32353	0.5574	27	8	28150	15600	7922	13980	27	27	7389	1	0	738	69	0.3319	22	0	0	0
3.8.5	tmnr.TMNR 1.01	team-14	14	9	true	35	41568	30784	0.5745	27	8	28700	15050	7685	13089	27	27	7620	8	0	744	78	0.3159	14	0	0	0
3.8.5	tmnr.TMNR 1.01	team-14	14	10	true	35	36045	36035	0.5001	26	9	24950	18800	6959	14138	26	26	7344	5	0	674	58	0.3221	13	153	0	0
3.8.5	myl.micro.TroodonPack 1.10	team-15	15	1	true	35	46395	27423	0.6285	30	5	31050	12650	9116	12928	30	30	8098	11	0	796	74	0.3125	14	0	0	0
3.8.5	myl.micro.TroodonPack 1.10	team-15	15	2	true	35	43518	30501	0.5879	29	6	29150	14550	8856	13711	29	29	7666	5	0	758	68	0.3210	9	0	0	0
3.8.5	myl.micro.TroodonPack 1.10	team-15	15	3	true	35	49151	25583	0.6577	32	3	33000	10750	9445	13139	32	32	8243	3	0	835	74	0.2983	11	0	0	0
3.8.5	myl.micro.TroodonPack 1.10	team-15	15	4	true	35	47958	26597	0.6433	32	3	31800	11900	9286	12958	32	32	8223	4	0	810	66	0.3284	16	195	0	0
3.8.5	myl.micro.TroodonPack 1.10	team-15	15	5	true	35	43262	30403	0.5873	30	5	28700	15050	8754	13157	30	30	7549	3	0	749	80	0.3263	11	0	0	0
3.8.5	myl.micro.TroodonPack 1.10	team-15	15	6	true	35	48364	25701	0.6530	33	2	32450	11200	9240	13007	33	33	8016	2	0	824	69	0.3049	15	203	0	0
3.8.5	myl.micro.TroodonPack 1.10	team-15	15	7	true	35	47382	27057	0.6365	35	0	31200	12550	9536	13232	35	35	8108	3	0	799	64	0.3146	16	596	0	0
3.8.5	myl.micro.TroodonPack 1.10	team-15	15	8	true	35	43697	30681	0.5875	27	8	29200	14550	8944	13796	26	26	8088	5	0	759	76	0.3201	9	0	0	0
3.8.5	myl.micro.TroodonPack 1.10	team-15	15	9	true	35	48669	25761	0.6539	32	3	32550	11200	8964	12950	32	32	7914	6	0	826	67	0.3090	12	0	0	0
3.8.5	myl.micro.TroodonPack 1.10	team-15	15	10	true	35	47005	27330	0.6323	33	2	30950	12750	9302	13039	33	33	8080	8	0	794	77	0.3194	13	0	0	0
3.8.5	Krabb.sliNk.SlartibartfassTeam 0.5	team-16	16	1	true	35	40363	32329	0.5553	29	7	27000	16700	8678	13390	28	28	9293	5	0	716	109	0.3179	7	0	0	0
3.8.5	Krabb.sliNk.SlartibartfassTeam 0.5	team-16	16	2	true	35	37869	35325	0.5174	19	16	25050	18700	8419	13109	19	19	9008	2	0	676	97	0.3121	7	0	0	0
3.8.5	Krabb.sliNk.SlartibartfassTeam 0.5	team-16	16	3	true	35	39181	34325	0.5330	26	12	26300	17300	8544	13981	23	23	9263	5	0	704	111	0.3041	10	0	0	0
3.8.5	Krabb.sliNk.SlartibartfassTeam 0.5	team-16	16	4	true	35	36432	36551	0.4992	25	10	23750	20000	8300	13608	25	25	8851	6	0	650	97	0.3164	7	0	0	0
3.8.5	Krabb.sliNk.SlartibartfassTeam 0.5	team-16	16	5	true	35	38157	35073	0.5211	19	17	25700	17950	8394	13713	18	18	9115	3	0	690	109	0.2949	7	0	0	0
3.8.5	Krabb.sliNk.SlartibartfassTeam 0.5	team-16	16	6	true	35	37977	35232	0.5187	23	12	25200	18450	8501	13639	23	23	8979	7	0	679	104	0.3131	6	0	0	0
3.8.5	Krabb.sliNk.SlartibartfassTeam 0.5	team-16	16	7	true	35	39156	34182	0.5339	27	8	25600	18150	8685	13413	27	27	8948	7	0	687	110	0.3124	11	0	0	0
3.8.5	Krabb.sliNk.SlartibartfassTeam 0.5	team-16	16	8	true	35	37527	36352	0.5080	20	15	25100	18650	8431	14042	20	20	8669	15	0	677	107	0.2982	12	0	0	0
3.8.5	Krabb.sliNk.SlartibartfassTeam 0.5	team-16	16	9	true	35	36666	37217	0.4963	22	13	23800	19900	8478	13960	22	22	8729	4	0	648	94	0.3182	8	0	0	0
3.8.5	Krabb.sliNk.SlartibartfassTeam 0.5	team-16	16	10	true	35	36347	37621	0.4914	20	15	23800	19900	8422	14021	20	20	8776	9	0	651	109	0.3268	8	0	0	0
3.8.5	bvh.team.Valkiries 1.0	team-17	17	1	true	35	42466	29406	0.5909	23	12	28550	15200	9030	11593	23	23	10407	7	0	746	109	0.3310	11	0	0	0
3.8.5	bvh.team.Valkiries 1.0	team-17	17	2	true	35	38278	33931	0.5301	20	15	25750	18000	8572	12379	20	20	9874	3	0	685	88	0.3453	6	0	0	0
3.8.5	bvh.team.Valkiries 1.0	team-17	17	3	true	35	37865	33556	0.5302	19	16	25550	18150	8564	12280	19	19	10190	6	0	686	94	0.3311	6	0	0	0
3.8.5	bvh.team.Valkiries 1.0	team-17	17	4	true	35	43471	27732	0.6105	26	9	29200	14500	9081	11191	26	26	10386	5	0	759	106	0.3492	8	0	0	0
3.8.5	bvh.team.Valkiries 1.0	team-17	17	5	true	35	40041	31809	0.5573	23	12	26750	16950	8526	11971	23	23	10175	8	0	710	99	0.3388	8	0	0	0
3.8.5	bvh.team.Valkiries 1.0	team-17	17	6	true	35	46740	25188	0.6498	30	5	31550	12150	9681	11319	30	30	11114	10	0	806	99	0.3333	3	0	0	0
3.8.5	bvh.team.Valkiries 1.0	team-17	17	7	true	35	40430	32420	0.5550	27	8	26450	17300	9621	12499	27	27	10458	3	0	704	90	0.3156	12	0	0	0
3.8.5	bvh.team.Valkiries 1.0	team-17	17	8	true	35	42042	30276	0.5813	27	8	27650	16100	9579	11957	27	27	10313	13	0	728	88	0.3237	6	0	0	0
3.8.5	bvh.team.Valkiries 1.0	team-17	17	9	true	35	45313	26797	0.6284	29	6	30450	13300	9562	11434	29	29	10795	9	0	784	105	0.3428	3	0	0	0
3.8.5	bvh.team.Valkiries 1.0	team-17	17	10	true	35	43833	28899	0.6027	24	11	29500	14250	9449	12148	23	23	11019	6	0	765	108	0.3404	5	0	0	0
3.8.5	radnor.RadnorMedSchool 1.0	team-18	18	1	true	35	54433	29937	0.6452	28	7	30550	13200	16356	14459	28	28	8336	8	0	782	135	0.3129	9	0	0	0
3.8.5	radnor.RadnorMedSchool 1.0	team-18	18	2	true	35	56831	27339	0.6752	32	3	32150	11600	16625	14095	32	32	8333	6	0	818	111	0.3057	5	0	0	0
3.8.5	radnor.RadnorMedSchool 1.0	team-18	18	3	true	35	53639	30339	0.6387	28	7	30250	13450	16075	14484	28	28	8192	6	0	780	125	0.2936	7	0	0	0
3.8.5	radnor.RadnorMedSchool 1.0	team-18	18	4	true	35	55295	28442	0.6603	33	2	31000	12750	16442	14181	33	33	8304	11	0	795	120	0.3115	3	0	0	0
3.8.5	radnor.RadnorMedSchool 1.0	team-18	18	5	true	35	55201	29211	0.6539	28	7	31250	12500	16173	14495	28	28	7849	5	0	800	121	0.3087	7	0	0	0
3.8.5	radnor.RadnorMedSchool 1.0	team-18	18	6	true	35	57751	25906	0.6903	32	3	32850	10900	16327	13389	32	32	8166	6	0	832	130	0.3102	6	0	0	0
3.8.5	radnor.RadnorMedSchool 1.0	team-18	18	7	true	35	54677	29274	0.6513	27	8	31100	12650	16070	14191	27	27	8358	7	0	797	112	0.3095	2	0	0	0
3.8.5	radnor.RadnorMedSchool 1.0	team-18	18	8	true	35	51655	31492	0.6212	26	9	29050	14650	15771	14147	26	26	8153	13	0	756	121	0.3112	7	0	0	0
3.8.5	radnor.RadnorMedSchool 1.0	team-18	18	9	true	35	52163	32204	0.6183	27	8	29250	14500	16008	15033	27	27	7983	7	0	760	121	0.3149	5	0	0	0
3.8.5	radnor.RadnorMedSchool 1.0	team-18	18	10	true	35	56090	28034	0.6668	33	2	31850	11900	16438	14478	33	33	8535	8	0	812	135	0.3069	8	72	0	0
3.8.5	gh.mini.GrubbmGroup 0.4	team-19	19	1	true	35	43333	33022	0.5675	25	10	26750	17000	11193	13411	25	25	9854	7	0	710	135	0.2868	10	220	0	0
3.8.5	gh.mini.GrubbmGroup 0.4	team-19	19	2	true	35	43643	33068	0.5689	27	8	26900	16850	11219	13420	27	27	9937	6	0	713	121	0.2892	12	0	0	0
3.8.5	gh.mini.GrubbmGroup 0.4	team-19	19	3	true	35	42413	34177	0.5538	25	10	26250	17500	10869	13789	25	25	9985	9	0	700	112	0.2860	7	0	0	0
3.8.5	gh.mini.GrubbmGroup 0.4	team-19	19	4	true	35	41845	34041	0.5514	24	11	25700	18050	11069	13452	24	24	10016	5	0	689	130	0.2860	10	0	0	0
3.8.5	gh.mini.GrubbmGroup 0.4	team-19	19	5	true	35	44340	31767	0.5826	24	11	27750	16000	10625	12822	24	24	9272	5	0	730	142	0.2984	12	0	0	0
3.8.5	gh.mini.GrubbmGroup 0.4	team-19	19	6	true	35	47313	30075	0.6114	26	9	29500	14250	11749	13473	26	26	10071	12	0	765	124	0.2850	10	0	0	0
3.8.5	gh.mini.GrubbmGroup 0.4	team-19	19	7	true	35	37770	38228	0.4970	20	15	22800	20900	10538	13590	20	20	9531	10	0	631	113	0.2932	11	0	0	0
3.8.5	gh.mini.GrubbmGroup 0.4	team-19	19	8	true	35	38793	37020	0.5117	23	12	23500	20250	10452	13376	23	23	9649	9	0	645	127	0.2918	9	0	0	0
3.8.5	gh.mini.GrubbmGroup 0.4	team-19	19	9	true	35	36769	39471	0.4823	21	14	22150	21600	10508	14041	21	21	9629	9	0	616	112	0.2899	12	0	0	0
3.8.5	gh.mini.GrubbmGroup 0.4	team-19	19	10	true	35	43104	33006	0.5663	22	13	27050	16700	11080	13227	22	22	9689	10	0	716	125	0.2874	14	0	0	0
3.8.5	apvteam.MambaTeam 0.7.5	team-20	20	1	true	35	39599	32875	0.5464	24	11	26800	16900	8014	13364	24	24	7346	2	0	711	114	0.3252	7	0	0	0
3.8.5	apvteam.MambaTeam 0.7.5	team-20	20	2	true	35	35937	37642	0.4884	26	9	23550	20200	7954	14451	26	26	7398	8	0	646	82	0.3163	4	0	0	0
3.8.5	apvteam.MambaTeam 0.7.5	team-20	20	3	true	35	38734	34925	0.5259	26	9	26050	17700	8095	14306	26	26	7424	6	0	696	91	0.3289	5	0	0	0
3.8.5	apvteam.MambaTeam 0.7.5	team-20	20	4	true	35	39989	33939	0.5409	25	10	26900	16850	8066	14350	25	25	7573	1	0	713	106	0.3175	8	0	0	0
3.8.5	apvteam.MambaTeam 0.7.5	team-20	20	5	true	35	41021	32295	0.5595	27	8	27400	16200	8543	13748	26	26	7446	4	0	723	99	0.3090	4	0	0	0
3.8.5	apvteam.MambaTeam 0.7.5	team-20	20	6	true	35	37979	35715	0.5154	24	11	25400	18350	7977	14462	24	24	7351	3	0	680	104	0.3244	6	0	0	0
3.8.5	apvteam.MambaTeam 0.7.5	team-20	20	7	true	35	41061	31803	0.5635	27	8	27900	15850	8274	13645	27	27	7823	9	0	733	119	0.3222	5	0	0	0
3.8.5	apvteam.MambaTeam 0.7.5	team-20	20	8	true	35	38639	34164	0.5307	25	10	26600	17150	7883	14111	25	25	7922	3	0	707	94	0.3196	9	0	0	0
3.8.5	apvteam.MambaTeam 0.7.5	team-20	20	9	true	35	31326	42255	0.4257	19	16	20550	23200	7349	14737	19	19	7092	6	0	584	64	0.3112	8	0	0	0
3.8.5	apvteam.MambaTeam 0.7.5	team-20	20	10	true	35	38595	35590	0.5203	24	11	26000	17750	7886	14477	24	24	7540	8	0	693	99	0.3303	3	0	0	0
3.7	mn.CombatTeam 3.25.0	team-1	1	1	true	35	5532	63110	0.0806	0	35	1400	42350	3982	10931	0	0	4290	8	0	203	126	0.4203	1	0	0	0
3.7	mn.CombatTeam 3.25.0	team-1	1	2	true	35	4803	63122	0.0707	0	35	900	42850	3738	10395	0	0	4144	11	0	193	116	0.4409	0	0	0	0
3.7	mn.CombatTeam 3.25.0	team-1	1	3	true	35	4866	62779	0.0719	0	35	1050	42700	3717	10203	0	0	4087	10	0	196	119	0.4500	1	0	0	0
3.7	mn.CombatTeam 3.25.0	team-1	1	4	true	35	4148	62527	0.0622	0	35	750	42950	3295	9750	0	0	3945	9	0	190	97	0.4563	0	0	0	0
3.7	mn.CombatTeam 3.25.0	team-1	1	5	true	35	5636	61626	0.0838	0	35	1700	42050	3727	10077	0	0	4211	8	0	209	96	0.4889	5	110	0	0
3.7	mn.CombatTeam 3.25.0	team-1	1	6	true	35	5691	61390	0.0848	0	35	1650	42100	3799	9942	0	0	4229	11	0	208	99	0.4705	0	0	0	0
3.7	mn.CombatTeam 3.25.0	team-1	1	7	true	35	5767	63191	0.0836	0	35	1500	42250	4095	11183	0	0	4464	11	0	205	111	0.4763	0	0	0	0
3.7	mn.CombatTeam 3.25.0	team-1	1	8	true	35	4964	61921	0.0742	1	34	1300	42450	3436	9912	1	1	4146	4	0	201	97	0.4294	3	0	0	0
3.7	mn.CombatTeam 3.25.0	team-1	1	9	true	35	4984	61732	0.0747	0	35	1450	42300	3373	9728	0	0	3944	7	0	204	83	0.4512	0	0	0	0
3.7	mn.CombatTeam 3.25.0	team-1	1	10	true	35	7309	61314	0.1065	0	35	2750	41000	4326	10803	0	0	4408	9	0	230	101	0.4333	0	0	0	0
3.7	cb.fire.FirestarterTeam 2.0	team-2	2	1	true	35	5524	60788	0.0833	0	35	1800	41950	3547	9455	0	0	4480	12	0	211	112	0.4897	0	0	0	0
3.7	cb.fire.FirestarterTeam 2.0	team-2	2	2	true	35	5848	60949	0.0875	0	35	1900	41850	3719	9760	0	0	4735	6	0	213	100	0.4516	0	0	0	0
3.7	cb.fire.FirestarterTeam 2.0	team-2	2	3	true	35	5643	60174	0.0857	0	35	1850	41900	3582	9071	0	0	4596	10	0	212	142	0.4719	2	0	0	0
3.7	cb.fire.FirestarterTeam 2.0	team-2	2	4	true	35	5640	59162	0.0870	0	35	1950	41800	3457	8602	0	0	4874	10	0	214	120	0.4774	0	0	0	0
3.7	cb.fire.FirestarterTeam 2.0	team-2	2	5	true	35	4897	61097	0.0742	0	35	1450	42300	3296	9232	0	0	4343	13	0	204	102	0.4556	0	0	0	0
3.7	cb.fire.FirestarterTeam 2.0	team-2	2	6	true	35	5200	60808	0.0788	0	35	1500	42250	3507	9188	0	0	4490	10	0	205	91	0.4893	0	0	0	0
3.7	cb.fire.FirestarterTeam 2.0	team-2	2	7	true	35	6268	59274	0.0956	0	35	2400	41350	3610	8851	0	0	4487	13	0	223	119	0.4791	0	0	0	0
3.7	cb.fire.FirestarterTeam 2.0	team-2	2	8	true	35	4887	61458	0.0737	0	35	1100	42650	3605	9363	0	0	4236	8	0	197	92	0.4727	0	0	0	0
3.7	cb.fire.FirestarterTeam 2.0	team-2	2	9	true	35	5335	59921	0.0818	0	35	1900	41850	3228	8971	0	0	4494	7	0	213	115	0.4980	2	0	0	0
3.7	cb.fire.FirestarterTeam 2.0	team-2	2	10	true	35	5022	60622	0.0765	0	35	1350	42400	3484	8891	0	0	4321	9	0	202	112	0.4515	0	0	0	0
3.7	abc.ShadowTeam 3.83	team-3	3	1	true	35	6514	59721	0.0983	0	35	2600	41100	3760	10135	0	0	4657	11	0	227	116	0.3966	2	0	0	0
3.7	abc.ShadowTeam 3.83	team-3	3	2	true	35	4994	60245	0.0765	0	35	1650	42100	3237	9116	0	0	4102	9	0	208	101	0.4240	2	0	0	0
3.7	abc.ShadowTeam 3.83	team-3	3	3	true	35	5550	60735	0.0837	0	35	2050	41700	3378	10063	0	0	4378	9	0	216	103	0.4119	2	0	0	0
3.7	abc.ShadowTeam 3.83	team-3	3	4	true	35	5022	60466	0.0767	0	35	1650	42100	3225	9293	0	0	4211	17	0	208	124	0.4607	0	0	0	0
3.7	abc.ShadowTeam 3.83	team-3	3	5	true	35	7479	58056	0.1141	0	35	3550	40200	3721	9570	0	0	4613	5	0	246	117	0.4060	3	193	0	0
3.7	abc.ShadowTeam 3.83	team-3	3	6	true	35	4846	61808	0.0727	0	35	1250	42500	3487	9819	0	0	4426	13	0	200	121	0.4368	0	0	0	0
3.7	abc.ShadowTeam 3.83	team-3	3	7	true	35	4829	61164	0.0732	0	35	1500	42250	3253	9661	0	0	4310	8	0	205	114	0.4204	0	0	0	0
3.7	abc.ShadowTeam 3.83	team-3	3	8	true	35	5333	59722	0.0820	0	35	2050	41700	3128	9050	0	0	4053	12	0	216	109	0.4179	2	0	0	0
3.7	abc.ShadowTeam 3.83	team-3	3	9	true	35	4289	61177	0.0655	0	35	1250	42500	2947	9181	0	0	3954	13	0	200	96	0.4200	2	0	0	0
3.7	abc.ShadowTeam 3.83	team-3	3	10	true	35	4632	60773	0.0708	0	35	1450	42300	3071	9458	0	0	4107	9	0	204	101	0.4212	0	0	0	0
3.7	rz.AlephTeam 0.34	team-4	4	1	true	35	5650	60663	0.0852	0	35	2100	41650	3377	9896	0	0	4303	14	0	217	118	0.4308	3	0	0	0
3.7	rz.AlephTeam 0.34	team-4	4	2	true	35	6406	59495	0.0972	0	35	2700	41000	3547	9683	0	0	4450	14	0	229	147	0.4247	2	0	0	0
3.7	rz.AlephTeam 0.34	team-4	4	3	true	35	7256	58796	0.1099	0	35	3550	40150	3515	10007	0	0	4285	9	0	246	114	0.4279	1	0	0	0
3.7	rz.AlephTeam 0.34	team-4	4	4	true	35	5990	59733	0.0911	0	35	2550	41200	3277	9453	0	0	4152	11	0	226	130	0.4415	0	0	0	0
3.7	rz.AlephTeam 0.34	team-4	4	5	true	35	6474	59088	0.0987	0	35	2750	41000	3516	9328	0	0	4145	9	0	230	129	0.4258	1	0	0	0
3.7	rz.AlephTeam 0.34	team-4	4	6	true	35	6154	59395	0.0939	0	35	2650	41050	3344	9616	0	0	4302	10	0	228	124	0.4073	2	0	0	0
3.7	rz.AlephTeam 0.34	team-4	4	7	true	35	6191	59469	0.0943	0	35	2450	41300	3582	9381	0	0	4179	14	0	224	104	0.4417	2	0	0	0
3.7	rz.AlephTeam 0.34	team-4	4	8	true	35	5910	59919	0.0898	0	35	2400	41300	3319	9805	0	0	4106	13	0	223	113	0.4058	2	0	0	0
3.7	rz.AlephTeam 0.34	team-4	4	9	true	35	6459	58784	0.0990	0	35	3000	40750	3219	9455	0	0	3989	7	0	235	93	0.4259	1	0	0	0
3.7	rz.AlephTeam 0.34	team-4	4	10	true	35	5196	60515	0.0791	0	35	1900	41850	3148	9646	0	0	4192	14	0	213	118	0.4161	0	0	0	0
3.7	ustimaw.NightmareTeam 3.3	team-5	5	1	true	35	17324	68379	0.2021	2	33	4300	39400	11368	16260	2	2	2975	4	0	261	115	0.3201	4	0	0	0
3.7	ustimaw.NightmareTeam 3.3	team-5	5	2	true	35	14976	72309	0.1716	1	34	2400	41350	11048	17259	1	1	2759	10	0	223	110	0.3352	2	0	0	0
3.7	ustimaw.NightmareTeam 3.3	team-5	5	3	true	35	16610	69969	0.1918	4	31	3350	40400	11482	17185	4	4	3122	6	0	242	111	0.3347	2	0	0	0
3.7	ustimaw.NightmareTeam 3.3	team-5	5	4	true	35	15705	69877	0.1835	1	34	3600	40150	10834	17029	1	1	2840	5	0	247	105	0.3200	2	0	0	0
3.7	ustimaw.NightmareTeam 3.3	team-5	5	5	true	35	15266	71089	0.1768	1	34	3050	40650	10744	17008	1	1	2794	2	0	237	87	0.3306	1	0	0	0
3.7	ustimaw.NightmareTeam 3.3	team-5	5	6	true	35	16250	70498	0.1873	3	32	3550	40200	10957	17394	3	3	2884	6	0	246	119	0.3233	3	0	0	0
3.7	ustimaw.NightmareTeam 3.3	team-5	5	7	true	35	16293	71448	0.1857	3	32	3000	40750	11747	18058	3	3	2922	4	0	235	127	0.3082	3	0	0	0
3.7	ustimaw.NightmareTeam 3.3	team-5	5	8	true	35	17768	70291	0.2018	2	33	4400	39350	11909	17615	2	2	2824	7	0	263	116	0.2992	4	0	0	0
3.7	ustimaw.NightmareTeam 3.3	team-5	5	9	true	35	17443	69791	0.2000	2	33	4250	39500	11811	17444	2	2	3038	6	0	260	128	0.3232	2	0	0	0
3.7	ustimaw.NightmareTeam 3.3	team-5	5	10	true	35	14216	72289	0.1643	1	34	2100	41650	10782	17137	1	1	2721	5	0	217	109	0.3203	2	0	0	0
3.7	florent.XSeries.Xmen 0.9	team-6	6	1	true	35	11978	50771	0.1909	2	33	6650	37100	4675	8156	2	2	4824	10	0	308	89	0.3551	1	0	0	0
3.7	florent.XSeries.Xmen 0.9	team-6	6	2	true	35	14157	49307	0.2231	18	17	6400	37350	5957	7813	18	18	4549	16	0	303	108	0.4266	3	0	0	0
3.7	florent.XSeries.Xmen 0.9	team-6	6	3	true	35	10569	53089	0.1660	4	31	5500	38250	4414	8835	4	4	4585	11	0	285	127	0.3574	1	0	0	0
3.7	florent.XSeries.Xmen 0.9	team-6	6	4	true	35	15144	49996	0.2325	17	18	7000	36750	6344	9082	17	17	4643	11	0	315	115	0.4265	3	0	0	0
3.7	florent.XSeries.Xmen 0.9	team-6	6	5	true	35	11131	53877	0.1712	2	33	5500	38250	4964	9878	1	1	5150	13	0	285	104	0.3485	1	0	0	0
3.7	florent.XSeries.Xmen 0.9	team-6	6	6	true	35	10055	52445	0.1609	4	31	5000	38750	4366	7978	4	4	4430	11	0	275	84	0.3876	5	0	0	0
3.7	florent.XSeries.Xmen 0.9	team-6	6	7	true	35	10419	52201	0.1664	5	30	5200	38550	4442	7853	5	5	4725	12	0	279	94	0.3680	3	0	0	0
3.7	florent.XSeries.Xmen 0.9	team-6	6	8	true	3	1573	5639	0.2181	2	2	800	4200	574	1054	1	1	508	2	0	26	10	0.4340	2	0	0	0
3.7	florent.XSeries.Xmen 0.9	team-6	6	9	true	35	11099	52527	0.1744	4	31	5750	38000	4655	8658	4	4	4873	8	0	290	114	0.3716	4	0	0	0
3.7	florent.XSeries.Xmen 0.9	team-6	6	10	true	35	13383	49546	0.2127	4	31	7300	36400	5204	8743	4	4	5342	9	0	321	111	0.3579	4	0	0	0
3.7	ags.polylunar.Polylunar 1.6	team-7	7	1	true	35	29151	59168	0.3301	10	25	11550	32150	14200	18739	10	10	2974	5	0	406	146	0.3156	11	0	0	0
3.7	ags.polylunar.Polylunar 1.6	team-7	7	2	true	35	27648	61256	0.3110	10	25	10600	33000	14374	19647	10	10	2871	10	0	387	160	0.3375	7	0	0	0
3.7	ags.polylunar.Polylunar 1.6	team-7	7	3	true	35	24769	63756	0.2798	8	27	8500	35200	13744	19534	8	8	2727	3	0	346	147	0.3352	6	0	0	0
3.7	ags.polylunar.Polylunar 1.6	team-7	7	4	true	35	26768	62477	0.2999	9	26	9400	34250	14613	19660	9	9	2899	7	0	363	146	0.3161	6	0	0	0
3.7	ags.polylunar.Polylunar 1.6	team-7	7	5	true	35	28613	60085	0.3226	10	25	10850	32800	14532	19034	10	10	2868	4	0	392	126	0.3281	12	0	0	0
3.7	ags.polylunar.Polylunar 1.6	team-7	7	6	true	35	29284	59822	0.3286	10	25	11500	32200	14658	19480	10	10	2826	4	0	402	168	0.3240	7	0	0	0
3.7	ags.polylunar.Polylunar 1.6	team-7	7	7	true	35	23630	65204	0.2660	5	30	7500	36200	13818	19077	5	5	2620	4	0	326	146	0.3290	5	0	0	0
3.7	ags.polylunar.Polylunar 1.6	team-7	7	8	true	35	22753	64567	0.2606	5	30	7650	36050	12945	18820	5	5	2703	6	0	328	148	0.3468	8	0	0	0
3.7	ags.polylunar.Polylunar 1.6	team-7	7	9	true	35	28466	60937	0.3184	9	26	11000	32750	14543	19789	8	8	2957	7	0	395	171	0.3215	7	0	0	0
3.7	ags.polylunar.Polylunar 1.6	team-7	7	10	true	35	25872	63310	0.2901	5	30	9350	34400	14127	19524	5	5	2890	5	0	362	152	0.3135	6	0	0	0
3.7	rz.GlowingHawks 0.2	team-8	8	1	true	35	12961	51969	0.1996	2	33	6550	37200	5705	8138	2	2	5543	8	0	306	119	0.4374	3	0	0	0
3.7	rz.GlowingHawks 0.2	team-8	8	2	true	35	11082	53401	0.1719	1	34	5450	38300	5076	7730	1	1	4749	10	0	284	103	0.4684	1	0	0	0
3.7	rz.GlowingHawks 0.2	team-8	8	3	true	35	12178	53816	0.1845	1	34	5850	37850	5726	8713	1	1	5496	10	0	293	144	0.4324	3	0	0	0
3.7	rz.GlowingHawks 0.2	team-8	8	4	true	35	9912	54918	0.1529	2	33	4350	39400	5011	7985	2	2	4860	10	0	262	129	0.4463	4	487	0	0
3.7	rz.GlowingHawks 0.2	team-8	8	5	true	35	11455	54827	0.1728	1	34	5050	38650	5767	8812	1	1	5260	7	0	276	135	0.4157	2	0	0	0
3.7	rz.GlowingHawks 0.2	team-8	8	6	true	35	11963	53384	0.1831	3	32	5550	38200	5690	8322	3	3	5243	13	0	286	132	0.4077	1	0	0	0
3.7	rz.GlowingHawks 0.2	team-8	8	7	true	35	10358	55712	0.1568	0	35	4650	39100	5288	8367	0	0	5088	10	0	268	168	0.4437	0	0	0	0
3.7	rz.GlowingHawks 0.2	team-8	8	8	true	35	10147	54975	0.1558	2	33	4400	39350	5184	8053	2	2	5213	10	0	263	131	0.4157	2	0	0	0
3.7	rz.GlowingHawks 0.2	team-8	8	9	true	35	11572	54870	0.1742	2	33	5550	38200	5460	8898	2	2	5186	9	0	286	169	0.4212	4	285	0	0
3.7	rz.GlowingHawks 0.2	team-8	8	10	true	35	13530	51614	0.2077	0	35	7050	36700	5866	7976	0	0	5641	11	0	316	188	0.4078	3	0	0	0
3.7	kawigi.micro.ArmyOfShiz 1.1	team-9	9	1	true	35	10476	52859	0.1654	8	27	6000	37750	3645	8827	8	8	4677	9	0	293	117	0.4037	3	0	0	0
3.7	kawigi.micro.ArmyOfShiz 1.1	team-9	9	2	true	35	9764	55094	0.1505	5	30	5600	38150	3615	9535	5	5	4499	7	0	287	122	0.3840	5	220	0	0
3.7	kawigi.micro.ArmyOfShiz 1.1	team-9	9	3	true	35	8981	54403	0.1417	7	28	4900	38850	3447	8656	7	7	4135	13	0	273	111	0.4249	2	0	0	0
3.7	kawigi.micro.ArmyOfShiz 1.1	team-9	9	4	true	35	10342	53081	0.1631	5	30	6000	37750	3749	8680	5	5	4596	11	0	295	100	0.4309	4	0	0	0
3.7	kawigi.micro.ArmyOfShiz 1.1	team-9	9	5	true	35	10692	52369	0.1696	6	29	6500	37200	3488	8567	6	6	4522	8	0	305	106	0.4185	4	284	0	0
3.7	kawigi.micro.ArmyOfShiz 1.1	team-9	9	6	true	35	8140	55074	0.1288	4	31	4600	39150	3090	8544	4	4	4207	19	0	267	113	0.4191	1	0	0	0
3.7	kawigi.micro.ArmyOfShiz 1.1	team-9	9	7	true	35	7805	55764	0.1228	2	33	4300	39450	3185	8444	2	2	4005	10	0	261	127	0.4317	1	0	0	0
3.7	kawigi.micro.ArmyOfShiz 1.1	team-9	9	8	true	35	10269	54555	0.1584	4	31	6000	37750	3665	9463	4	4	4476	9	0	295	128	0.4186	2	0	0	0
3.7	kawigi.micro.ArmyOfShiz 1.1	team-9	9	9	true	35	8280	57258	0.1263	2	33	4300	39450	3649	9792	2	2	4278	8	0	261	137	0.4566	2	0	0	0
3.7	kawigi.micro.ArmyOfShiz 1.1	team-9	9	10	true	35	13800	49367	0.2185	10	25	8650	35000	4094	8605	10	10	5197	9	0	348	117	0.4539	5	0	0	0
3.7	rz.HOFSwarm 1.1	team-10	10	1	true	35	12344	52606	0.1901	3	32	6950	36800	4641	8602	3	3	5153	15	0	314	152	0.3922	8	0	0	0
3.7	rz.HOFSwarm 1.1	team-10	10	2	true	35	8746	56819	0.1334	0	35	4000	39750	4298	9148	0	0	4571	12	0	255	147	0.4242	3	0	0	0
3.7	rz.HOFSwarm 1.1	team-10	10	3	true	35	10218	55177	0.1563	3	32	5000	38700	4688	9081	3	3	5004	13	0	276	133	0.4145	2	0	0	0
3.7	rz.HOFSwarm 1.1	team-10	10	4	true	35	10108	56517	0.1517	1	34	4950	38750	4695	9627	1	1	4772	12	0	274	125	0.4196	3	0	0	0
3.7	rz.HOFSwarm 1.1	team-10	10	5	true	35	11734	54076	0.1783	1	34	6500	37250	4683	9269	1	1	5071	6	0	305	126	0.3663	5	228	0	0
3.7	rz.HOFSwarm 1.1	team-10	10	6	true	35	9646	55846	0.1473	0	35	5000	38750	4337	9317	0	0	4727	8	0	275	158	0.4047	2	0	0	0
3.7	rz.HOFSwarm 1.1	team-10	10	7	true	35	10400	54599	0.1600	1	34	5300	38400	4664	8806	1	1	4769	12	0	281	132	0.3872	3	0	0	0
3.7	rz.HOFSwarm 1.1	team-10	10	8	true	35	10199	55485	0.1553	2	33	5100	38650	4602	9013	2	2	4868	11	0	277	137	0.4269	5	0	0	0
3.7	rz.HOFSwarm 1.1	team-10	10	9	true	35	10609	55051	0.1616	1	34	5550	38100	4661	9369	1	1	4738	10	0	287	122	0.4275	3	307	0	0
3.7	rz.HOFSwarm 1.1	team-10	10	10	true	35	8515	56726	0.1305	1	34	3950	39750	4062	9119	1	1	4396	14	0	254	116	0.4123	3	78	0	0
3.7	davidalves.PhoenixTeam 0.54	team-11	11	1	true	35	13644	50382	0.2131	1	34	8000	35750	4990	8460	1	1	5277	11	0	333	138	0.4335	3	0	0	0
3.7	davidalves.PhoenixTeam 0.54	team-11	11	2	true	35	13925	50339	0.2167	2	33	7900	35750	5337	8308	2	2	5095	12	0	333	113	0.4009	4	0	0	0
3.7	davidalves.PhoenixTeam 0.54	team-11	11	3	true	35	15380	48745	0.2398	0	35	9600	34100	5213	8271	0	0	5350	4	0	367	160	0.4114	6	0	0	0
3.7	davidalves.PhoenixTeam 0.54	team-11	11	4	true	35	14673	50283	0.2259	1	34	8650	35100	5386	8895	1	1	5574	6	0	348	153	0.4188	5	0	0	0
3.7	davidalves.PhoenixTeam 0.54	team-11	11	5	true	35	11077	53276	0.1721	0	35	6100	37600	4543	8427	0	0	4687	11	0	297	137	0.4713	6	37	0	0
3.7	davidalves.PhoenixTeam 0.54	team-11	11	6	true	35	15092	49642	0.2331	1	34	8850	34900	5544	8546	1	1	5220	11	0	352	149	0.4078	4	0	0	0
3.7	davidalves.PhoenixTeam 0.54	team-11	11	7	true	35	13472	51236	0.2082	2	33	7950	35800	4901	8503	2	2	4973	8	0	334	145	0.4195	5	118	0	0
3.7	davidalves.PhoenixTeam 0.54	team-11	11	8	true	35	15598	49182	0.2408	1	34	9400	34350	5474	8978	1	1	5566	5	0	363	137	0.4458	5	0	0	0
3.7	davidalves.PhoenixTeam 0.54	team-11	11	9	true	35	12568	51155	0.1972	2	33	7100	36600	4897	8034	2	2	4876	8	0	317	120	0.4503	7	216	0	0
3.7	davidalves.PhoenixTeam 0.54	team-11	11	10	true	35	14384	50772	0.2208	1	34	8500	35250	5225	9044	1	1	5692	9	0	345	138	0.3957	7	0	0	0
3.7	kid.team.OmegaSquad .0.2	team-12	12	1	true	35	5813	45313	0.1137	0	35	2150	32850	3362	5970	0	0	5213	8	0	218	137	0.5231	1	0	0	0
3.7	kid.team.OmegaSquad .0.2	team-12	12	2	true	35	6042	45314	0.1176	0	35	2500	32500	3302	6278	0	0	5196	10	0	225	110	0.4813	2	0	0	0
3.7	kid.team.OmegaSquad .0.2	team-12	12	3	true	35	5559	45950	0.1079	0	35	1900	33100	3364	6164	0	0	5448	14	0	213	126	0.4560	1	0	0	0
3.7	kid.team.OmegaSquad .0.2	team-12	12	4	true	35	5909	45647	0.1146	0	35	2100	32900	3541	5951	0	0	5198	6	0	217	122	0.4848	0	0	0	0
3.7	kid.team.OmegaSquad .0.2	team-12	12	5	true	35	5308	45928	0.1036	0	35	1750	33200	3376	6040	0	0	5176	14	0	211	133	0.4915	4	174	0	0
3.7	kid.team.OmegaSquad .0.2	team-12	12	6	true	35	6900	44007	0.1355	1	34	3250	31750	3297	5981	1	1	5430	13	0	240	149	0.4566	3	0	0	0
3.7	kid.team.OmegaSquad .0.2	team-12	12	7	true	35	5580	45451	0.1093	1	34	1950	33050	3310	5922	1	1	5121	15	0	214	109	0.5049	1	0	0	0
3.7	kid.team.OmegaSquad .0.2	team-12	12	8	true	35	6683	44893	0.1296	0	35	2800	32200	3594	6455	0	0	5668	12	0	231	142	0.5016	2	0	0	0
3.7	kid.team.OmegaSquad .0.2	team-12	12	9	true	35	7295	43585	0.1434	1	34	3300	31700	3617	5851	1	1	5667	10	0	241	133	0.4631	5	537	0	0
3.7	kid.team.OmegaSquad .0.2	team-12	12	10	true	35	4591	46404	0.0900	0	35	1300	33700	3143	5745	0	0	4914	12	0	201	105	0.4626	2	0	0	0
3.7	cx.mini.DemoniacNimrods 0.50	team-13	13	1	true	35	12221	52520	0.1888	6	29	7200	36450	4246	9831	6	6	4491	7	0	318	109	0.4423	7	0	0	0
3.7	cx.mini.DemoniacNimrods 0.50	team-13	13	2	true	35	15462	48533	0.2416	4	31	10100	33650	4554	9190	4	4	4803	10	0	377	162	0.4611	9	170	0	0
3.7	cx.mini.DemoniacNimrods 0.50	team-13	13	3	true	35	13010	49597	0.2078	7	28	8150	35550	4034	8057	7	7	4552	13	0	338	129	0.4317	5	0	0	0
3.7	cx.mini.DemoniacNimrods 0.50	team-13	13	4	true	35	15196	49143	0.2362	4	31	9900	33850	4580	9367	4	4	4868	5	0	373	142	0.4223	4	0	0	0
3.7	cx.mini.DemoniacNimrods 0.50	team-13	13	5	true	35	14661	49024	0.2302	4	31	9700	33950	4284	9233	4	4	4659	10	0	369	125	0.4550	5	148	0	0
3.7	cx.mini.DemoniacNimrods 0.50	team-13	13	6	true	35	13976	49759	0.2193	4	31	9000	34650	4219	9076	4	4	4811	9	0	355	138	0.4402	8	0	0	0
3.7	cx.mini.DemoniacNimrods 0.50	team-13	13	7	true	35	13256	51944	0.2033	5	30	8050	35650	4484	9487	5	5	4736	6	0	336	144	0.4138	5	0	0	0
3.7	cx.mini.DemoniacNimrods 0.50	team-13	13	8	true	35	13436	49503	0.2135	5	30	8600	35100	4098	8037	5	5	4394	6	0	347	141	0.4649	5	0	0	0
3.7	cx.mini.DemoniacNimrods 0.50	team-13	13	9	true	35	11682	51438	0.1851	2	33	7250	36500	3903	8312	2	2	4202	12	0	320	119	0.4447	8	287	0	0
3.7	cx.mini.DemoniacNimrods 0.50	team-13	13	10	true	35	14065	50119	0.2191	5	30	9050	34650	4263	9161	5	5	4821	9	0	356	149	0.4246	6	10	0	0
3.7	tmnr.TMNR 1.01	team-14	14	1	true	35	11439	53501	0.1761	5	30	6400	37350	4328	9221	5	5	4309	7	0	303	125	0.4388	6	200	0	0
3.7	tmnr.TMNR 1.01	team-14	14	2	true	35	15097	48519	0.2373	11	24	9100	34650	4722	8438	11	11	4889	10	0	357	162	0.3859	11	553	0	0
3.7	tmnr.TMNR 1.01	team-14	14	3	true	35	17468	45393	0.2779	16	19	10750	32900	5191	8180	16	16	4857	12	0	390	123	0.4015	7	0	0	0
3.7	tmnr.TMNR 1.01	team-14	14	4	true	35	15365	47391	0.2448	13	22	9200	34500	4769	7943	13	13	4794	8	0	359	134	0.4070	6	0	0	0
3.7	tmnr.TMNR 1.01	team-14	14	5	true	35	15501	47486	0.2461	17	18	9100	34600	4975	8328	17	17	4995	13	0	357	134	0.3826	6	0	0	0
3.7	tmnr.TMNR 1.01	team-14	14	6	true	35	15747	47734	0.2481	13	22	9650	34100	4763	8483	13	13	4755	9	0	368	133	0.3866	9	0	0	0
3.7	tmnr.TMNR 1.01	team-14	14	7	true	35	15465	47316	0.2463	12	23	9350	34300	4794	7960	12	12	4763	12	0	362	149	0.4156	7	0	0	0
3.7	tmnr.TMNR 1.01	team-14	14	8	true	35	13911	49602	0.2190	10	25	8100	35650	4754	8588	10	10	4479	7	0	337	127	0.3705	5	0	0	0
3.7	tmnr.TMNR 1.01	team-14	14	9	true	35	17150	45767	0.2726	15	20	10650	33100	5023	8373	15	15	5071	11	0	388	130	0.4107	10	0	0	0
3.7	tmnr.TMNR 1.01	team-14	14	10	true	35	16573	46678	0.2620	13	22	9850	33900	5318	7601	13	13	4777	4	0	372	120	0.3837	8	0	0	0
3.7	myl.micro.TroodonPack 1.10	team-15	15	1	true	35	20484	43387	0.3207	18	17	12650	31100	5926	8301	18	18	5704	9	0	428	162	0.3647	9	0	0	0
3.7	myl.micro.TroodonPack 1.10	team-15	15	2	true	35	18855	44159	0.2992	13	22	11400	32350	5909	7465	13	13	5219	8	0	403	159	0.3801	9	0	0	0
3.7	myl.micro.TroodonPack 1.10	team-15	15	3	true	35	18762	47290	0.2840	14	21	10800	32950	6360	9499	14	14	5363	11	0	391	130	0.3727	5	0	0	0
3.7	myl.micro.TroodonPack 1.10	team-15	15	4	true	35	20373	44382	0.3146	19	16	11900	31850	6428	8601	19	19	5748	11	0	413	159	0.3752	11	0	0	0
3.7	myl.micro.TroodonPack 1.10	team-15	15	5	true	35	18613	46200	0.2872	10	26	11300	32350	6082	8724	9	9	5470	11	0	400	173	0.3983	5	0	0	0
3.7	myl.micro.TroodonPack 1.10	team-15	15	6	true	35	14918	49705	0.2308	12	23	7850	35900	5713	8145	12	12	4876	6	0	332	154	0.3924	9	0	0	0
3.7	myl.micro.TroodonPack 1.10	team-15	15	7	true	35	19615	43716	0.3097	22	13	11200	32550	6262	7623	22	22	5528	14	0	399	154	0.3485	12	0	0	0
3.7	myl.micro.TroodonPack 1.10	team-15	15	8	true	35	19127	45079	0.2979	18	17	11350	32400	5991	8658	18	18	5399	12	0	402	140	0.3773	9	0	0	0
3.7	myl.micro.TroodonPack 1.10	team-15	15	9	true	35	19759	43943	0.3102	20	15	11550	32200	6050	7817	20	20	5542	7	0	406	117	0.3377	7	0	0	0
3.7	myl.micro.TroodonPack 1.10	team-15	15	10	true	35	17672	47328	0.2719	12	23	9950	33750	6266	8403	12	12	5247	10	0	374	154	0.3703	8	94	0	0
3.7	Krabb.sliNk.SlartibartfassTeam 0.5	team-16	16	1	true	35	9355	56767	0.1415	0	35	3850	39900	5127	8880	0	0	5411	14	0	252	136	0.3746	4	0	0	0
3.7	Krabb.sliNk.SlartibartfassTeam 0.5	team-16	16	2	true	35	11073	55093	0.1674	0	35	5200	38500	5413	8825	0	0	5696	8	0	280	165	0.3676	5	0	0	0
3.7	Krabb.sliNk.SlartibartfassTeam 0.5	team-16	16	3	true	35	10146	55153	0.1554	2	33	4500	39250	5085	8214	2	2	5150	14	0	265	171	0.3943	3	237	0	0
3.7	Krabb.sliNk.SlartibartfassTeam 0.5	team-16	16	4	true	35	9488	56052	0.1448	1	34	4150	39600	4862	8557	1	1	5290	9	0	257	170	0.4133	0	0	0	0
3.7	Krabb.sliNk.SlartibartfassTeam 0.5	team-16	16	5	true	35	10892	54972	0.1654	2	33	4850	38850	5477	8379	2	2	5411	8	0	272	154	0.3611	5	122	0	0
3.7	Krabb.sliNk.SlartibartfassTeam 0.5	team-16	16	6	true	35	9235	57414	0.1386	1	34	3650	40100	5139	9153	1	1	5293	16	0	248	166	0.3856	3	17	0	0
3.7	Krabb.sliNk.SlartibartfassTeam 0.5	team-16	16	7	true	35	10315	56219	0.1550	1	34	4550	39150	5290	9075	1	1	5576	11	0	266	181	0.3601	2	0	0	0
3.7	Krabb.sliNk.SlartibartfassTeam 0.5	team-16	16	8	true	35	8082	57578	0.1231	1	34	2850	40900	4860	8338	1	1	5087	7	0	232	142	0.3792	2	0	0	0
3.7	Krabb.sliNk.SlartibartfassTeam 0.5	team-16	16	9	true	35	10425	55172	0.1589	0	35	4800	38950	5230	8489	0	0	5381	8	0	271	166	0.3820	3	0	0	0
3.7	Krabb.sliNk.SlartibartfassTeam 0.5	team-16	16	10	true	35	7849	57175	0.1207	0	35	3050	40650	4521	8003	0	0	4943	17	0	236	173	0.3816	1	0	0	0
3.7	bvh.team.Valkiries 1.0	team-17	17	1	true	35	11377	53210	0.1761	5	30	5750	38000	4852	8468	5	5	5045	10	0	290	129	0.4083	1	0	0	0
3.7	bvh.team.Valkiries 1.0	team-17	17	2	true	35	10952	53228	0.1706	4	31	5500	38250	4771	8213	4	4	4930	7	0	285	140	0.4327	3	0	0	0
3.7	bvh.team.Valkiries 1.0	team-17	17	3	true	35	12365	51923	0.1923	4	31	6650	37100	4937	8292	3	3	5229	11	0	308	151	0.3874	8	393	0	0
3.7	bvh.team.Valkiries 1.0	team-17	17	4	true	35	12453	51999	0.1932	3	32	6650	37100	5091	7925	3	3	4966	11	0	308	148	0.4278	5	0	0	0
3.7	bvh.team.Valkiries 1.0	team-17	17	5	true	35	12843	51195	0.2006	5	30	6900	36850	5106	7959	5	5	5387	5	0	313	112	0.3980	4	0	0	0
3.7	bvh.team.Valkiries 1.0	team-17	17	6	true	35	12283	52043	0.1909	4	31	6500	37250	4980	8290	4	4	5328	7	0	305	132	0.4135	4	0	0	0
3.7	bvh.team.Valkiries 1.0	team-17	17	7	true	35	10969	53392	0.1704	1	34	5750	37950	4693	8297	1	1	4967	13	0	290	146	0.4530	2	0	0	0
3.7	bvh.team.Valkiries 1.0	team-17	17	8	true	35	12135	51339	0.1912	5	30	6550	37200	4904	7872	5	5	5003	9	0	306	114	0.4002	3	0	0	0
3.7	bvh.team.Valkiries 1.0	team-17	17	9	true	35	14657	50122	0.2263	7	28	8050	35650	5391	8296	7	7	5331	12	0	336	142	0.4063	0	0	0	0
3.7	bvh.team.Valkiries 1.0	team-17	17	10	true	35	10647	52681	0.1681	4	31	5350	38400	4706	7686	4	4	5017	9	0	282	128	0.4243	4	220	0	0
3.7	radnor.RadnorMedSchool 1.0	team-18	18	1	true	35	26263	46703	0.3599	11	24	12000	31750	11761	9286	11	11	5409	6	0	415	170	0.3426	2	0	0	0
3.7	radnor.RadnorMedSchool 1.0	team-18	18	2	true	35	23817	50572	0.3202	5	30	10050	33650	11998	10467	5	5	5456	10	0	376	166	0.3385	5	0	0	0
3.7	radnor.RadnorMedSchool 1.0	team-18	18	3	true	35	27354	47043	0.3677	10	25	12350	31350	12540	10342	10	10	5558	12	0	422	163	0.3334	8	0	0	0
3.7	radnor.RadnorMedSchool 1.0	team-18	18	4	true	35	29833	44900	0.3992	13	22	13900	29850	13166	10155	13	13	5932	10	0	453	149	0.3185	2	0	0	0
3.7	radnor.RadnorMedSchool 1.0	team-18	18	5	true	35	29092	44680	0.3944	11	24	13850	29900	12601	9656	11	11	5745	14	0	452	177	0.3234	7	102	0	0
3.7	radnor.RadnorMedSchool 1.0	team-18	18	6	true	35	28311	45830	0.3819	11	24	13300	30450	12489	10057	11	11	5682	12	0	441	198	0.3407	8	0	0	0
3.7	radnor.RadnorMedSchool 1.0	team-18	18	7	true	35	30815	44166	0.4110	9	26	15000	28700	13261	10436	9	9	5873	6	0	470	200	0.3164	7	0	0	0
3.7	radnor.RadnorMedSchool 1.0	team-18	18	8	true	35	26714	47344	0.3607	7	28	12000	31700	12582	9928	7	7	5577	6	0	415	178	0.3075	8	0	0	0
3.7	radnor.RadnorMedSchool 1.0	team-18	18	9	true	35	22059	50660	0.3033	7	28	8900	34800	11417	9677	7	7	4985	11	0	350	152	0.3375	4	335	0	0
3.7	radnor.RadnorMedSchool 1.0	team-18	18	10	true	35	31969	41646	0.4343	12	23	15550	28200	13338	9393	12	12	6004	10	0	481	206	0.3068	7	164	0	0
3.7	gh.mini.GrubbmGroup 0.4	team-19	19	1	true	35	9290	56487	0.1412	1	34	2750	41000	6098	7468	1	1	5483	18	0	230	129	0.3613	2	0	0	0
3.7	gh.mini.GrubbmGroup 0.4	team-19	19	2	true	35	11063	55246	0.1668	1	34	4150	39600	6340	7839	1	1	6069	14	0	258	167	0.3507	4	0	0	0
3.7	gh.mini.GrubbmGroup 0.4	team-19	19	3	true	35	11983	54314	0.1807	2	33	4750	38950	6579	7835	2	2	5876	10	0	271	139	0.3700	2	0	0	0
3.7	gh.mini.GrubbmGroup 0.4	team-19	19	4	true	35	12084	53745	0.1836	1	34	4900	38850	6624	7336	1	1	5891	9	0	273	156	0.3502	6	0	0	0
3.7	gh.mini.GrubbmGroup 0.4	team-19	19	5	true	35	10139	57286	0.1504	0	35	3300	40450	6432	8488	0	0	5945	9	0	241	163	0.3542	1	0	0	0
3.7	gh.mini.GrubbmGroup 0.4	team-19	19	6	true	35	11732	53481	0.1799	4	31	4600	39150	6390	7088	4	4	6170	16	0	267	145	0.3573	2	0	0	0
3.7	gh.mini.GrubbmGroup 0.4	team-19	19	7	true	35	9491	55881	0.1452	1	34	3200	40550	5853	7061	1	1	5383	9	0	239	144	0.3484	2	0	0	0
3.7	gh.mini.GrubbmGroup 0.4	team-19	19	8	true	35	9244	56077	0.1415	0	35	3200	40550	5687	7347	0	0	5502	11	0	239	143	0.3726	2	0	0	0
3.7	gh.mini.GrubbmGroup 0.4	team-19	19	9	true	35	9912	56185	0.1500	0	35	3650	40100	5851	7827	0	0	5202	11	0	248	139	0.4071	4	0	0	0
3.7	gh.mini.GrubbmGroup 0.4	team-19	19	10	true	35	11475	54034	0.1752	1	34	4600	39150	6328	7439	1	1	6112	15	0	267	134	0.3681	4	0	0	0
3.7	apvteam.MambaTeam 0.7.5	team-20	20	1	true	35	12388	53930	0.1868	7	28	6000	37750	5444	9314	7	7	4740	13	0	295	141	0.3419	4	0	0	0
3.7	apvteam.MambaTeam 0.7.5	team-20	20	2	true	35	11254	53937	0.1726	4	31	5550	38200	4993	8660	4	4	4572	15	0	286	150	0.3864	4	0	0	0
3.7	apvteam.MambaTeam 0.7.5	team-20	20	3	true	35	13099	52818	0.1987	6	29	6800	36900	5418	9512	6	6	5070	13	0	311	159	0.3682	3	0	0	0
3.7	apvteam.MambaTeam 0.7.5	team-20	20	4	true	35	14693	50394	0.2257	6	29	8200	35450	5274	8649	6	6	5039	5	0	339	151	0.3654	8	38	0	0
3.7	apvteam.MambaTeam 0.7.5	team-20	20	5	true	35	14497	50727	0.2223	4	31	7850	35850	5696	8761	4	4	5058	10	0	332	178	0.3880	5	0	0	0
3.7	apvteam.MambaTeam 0.7.5	team-20	20	6	true	35	13637	51572	0.2091	4	31	7600	36150	5159	9178	4	4	4976	16	0	327	189	0.3807	5	0	0	0
3.7	apvteam.MambaTeam 0.7.5	team-20	20	7	true	35	11487	54256	0.1747	6	29	5550	38200	5138	9419	6	6	5013	12	0	286	160	0.3822	3	0	0	0
3.7	apvteam.MambaTeam 0.7.5	team-20	20	8	true	35	15441	50778	0.2332	8	27	8800	34950	5490	9498	8	8	5175	6	0	350	177	0.3764	9	0	0	0
3.7	apvteam.MambaTeam 0.7.5	team-20	20	9	true	35	14076	51396	0.2150	6	29	7550	36200	5369	9245	6	6	5169	12	0	325	157	0.3698	5	0	0	0
3.7	apvteam.MambaTeam 0.7.5	team-20	20	10	true	35	16759	48999	0.2549	9	26	9600	34150	5882	9209	9	9	5578	7	0	364	163	0.3571	6	0	0	0
