report	robot	version	section	table	aps	survival	rounds_won	rounds	mean_place	score_share	bullet_damage
a0-baseline-3.5.1.md	hadur2.Hadur	3.5.1	Melee bench: sentry	22	64.9	66.7	5	9	1.67	47.4	975
a0-baseline-3.5.1.md	hadur2.Hadur	3.5.1	Melee bench: reference	26	53.3	60.4	10	105	4.56	10.8	5807
a0-baseline-3.5.1.md	hadur2.Hadur	3.5.1	Melee bench: handoff	30	51.5	57.6	6	105	4.82	10.2	5647
a2-candidate.md	hadur2.Hadur	3.5.1	Melee bench: sentry	22	69.7	83.3	6	8	1.38	53.2	959
a2-candidate.md	hadur2.Hadur	3.5.1	Melee bench: reference	26	50.6	55.6	1	105	5.00	9.9	5684
a2-candidate.md	hadur2.Hadur	3.5.1	Melee bench: handoff	30	49.6	54.8	3	105	5.07	9.5	4866
m0-2.2-gates.md	hadur2.Hadur	2.2	Melee bench: sentry	8	76.3	72.2	5	9	1.56	62.7	1062
m0-2.2-gates.md	hadur2.Hadur	2.2	Melee bench: challenge	12	60.7	71.4	33	100	3.57	14.1	8602
m0-2.2-gates.md	hadur2.Hadur	2.2	Melee bench: reference	16	37.9	32.6	0	175	7.07	6.0	6764
m1-gates.md	hadur2.Hadur	2.2	Melee bench: sentry	8	72.8	72.2	5	9	1.56	55.3	1163
m1-gates.md	hadur2.Hadur	2.2	Melee bench: challenge	12	62.5	74.6	42	100	3.29	15.2	9521
m1-gates.md	hadur2.Hadur	2.2	Melee bench: reference	16	37.0	32.1	2	175	7.11	5.9	6506
m2-gates.md	hadur2.Hadur	2.2	Melee bench: challenge	3	60.5	70.2	34	100	3.68	14.2	8951
m2-gates.md	hadur2.Hadur	2.2	Melee bench: reference	7	37.1	31.5	1	175	7.17	5.9	7076
m3-gates.md	hadur2.Hadur	2.2	Melee bench: challenge	3	67.8	87.9	71	100	2.09	18.5	10691
m3-gates.md	hadur2.Hadur	2.2	Melee bench: reference	7	50.6	55.0	12	175	5.05	9.8	8915
m4-gates.md	hadur2.Hadur	2.2	Melee bench: sentry	12	72.8	72.2	5	9	1.56	55.3	1163
m4-gates.md	hadur2.Hadur	2.2	Melee bench: challenge	16	68.7	90.2	77	100	1.88	19.1	11390
m4-gates.md	hadur2.Hadur	2.2	Melee bench: reference	20	55.0	64.5	26	175	4.19	11.6	9436
m5-gates.md	hadur2.Hadur	2.2	M4 baseline on the hand-off field	3	51.5	59.9	10	175	4.61	10.3	8111
m5-gates.md	hadur2.Hadur	2.2	M5 run	7	50.9	58.3	9	175	4.75	10.0	8084
m6-gates.md	hadur2.Hadur	3.0	Melee bench: sentry	11	72.8	72.2	5	9	1.56	55.3	1163
m6-gates.md	hadur2.Hadur	3.0	Melee bench: challenge	15	69.5	88.9	72	100	2.00	19.7	13925
m6-gates.md	hadur2.Hadur	3.0	Melee bench: reference	19	52.7	59.5	32	350	4.65	10.7	19017
melee-3.0-classic.md	hadur2.Hadur	3.0	Melee bench	1	63.0	77.9	42	175	2.99	14.8	15188
melee-3.0-samples.md	hadur2.Hadur	3.0	Melee bench	1	76.6	100.0	105	105	1.00	26.4	32989
melee-3.0-strong.md	hadur2.Hadur	3.0	Melee bench	1	61.6	72.6	3	105	3.47	13.6	10004
