rank,flag,name,compare,aps,aps_ci,npp,survival,knnpbi,battles,latest_battle_utc,opponent_aps,opponent_survival
1,,ArchAlpha.ArchimedesAlpha 1.0,compare,93.55,±7.84,93.55,82.86,-6.45,1,2026-09-30 13:20:50,2.56,2.85
2,,DM.Chicken 4.0,compare,98.32,±7.84,98.46,97.14,0.55,1,2026-09-30 11:51:07,35.39,33.12
3,,DM.Mijit .3,compare,87.29,±7.84,92.15,91.43,2.07,1,2026-09-30 13:42:39,56.79,54.21
4,,DM.mega.Regicide 2.0rrr,compare,70.04,±7.84,83.68,74.29,21.92,1,2026-09-30 13:33:07,80.53,88.49
5,,EE.LittleBig 1.0,compare,83.94,±7.84,87.53,88.57,-1.16,1,2026-09-30 12:29:00,47.85,41.50
6,,EH.mini.Panther 0.2,compare,89.98,±7.84,90.00,80.00,-5.22,1,2026-09-30 12:06:48,52.54,60.66
7,,EH.nano.NightBird M,compare,89.36,±7.84,-1.00,82.86,0.00,1,2026-09-30 14:18:08,38.03,31.96
8,,Ex.Survival 3.7,compare,87.36,±7.84,87.80,80.00,-7.33,1,2026-09-30 13:47:03,43.77,38.72
9,,Fenix.FenixTrack 1.0,compare,96.77,±7.84,97.04,100.00,-0.08,1,2026-09-30 11:41:08,32.83,20.04
10,,GarmBox.Anger 1.0,compare,89.16,±7.84,91.11,100.00,-1.84,1,2026-09-30 11:33:24,27.18,16.28
11,,Heal.TekitokaBot 1.0,compare,96.36,±7.84,96.87,97.14,-1.12,1,2026-09-30 11:51:45,26.44,15.91
12,,KiraNL.ChupaLite 0.4,compare,78.95,±7.84,79.33,91.43,6.73,1,2026-09-30 11:26:31,60.13,62.36
13,,KiraNL.Chupacabra 0.5,compare,75.47,±7.84,75.50,85.71,5.59,1,2026-09-30 12:31:13,64.41,67.83
14,,KiraNL.SpaceKees 0.1,compare,86.82,±7.84,93.68,91.43,2.20,1,2026-09-30 12:21:58,48.02,47.85
15,,Legend.BoulderZY 1.4.9,compare,86.86,±7.84,-1.00,80.00,0.00,1,2026-09-30 14:10:56,44.74,44.67
16,,Noran.RandomTargeting 0.02,compare,97.58,±7.84,97.60,94.29,-1.88,1,2026-09-30 13:12:45,28.57,34.16
17,,Polkwane.Piyane 0.7b,compare,73.05,±7.84,-1.00,74.29,0.00,1,2026-09-30 14:11:16,58.51,55.63
18,,RobotMarco.MarcoV 0.1,compare,95.55,±7.84,95.55,88.57,-4.22,1,2026-09-30 12:16:48,11.37,7.12
19,,SK.SimpleKiller 1.0,compare,94.94,±7.84,96.38,94.29,-1.75,1,2026-09-30 12:33:06,18.15,10.65
20,,SuperSample.SuperCrazy 1.0,compare,85.65,±7.84,85.77,85.71,-1.73,1,2026-09-30 13:02:38,46.21,42.68
21,,TJ.Exupery 1.39,compare,72.11,±7.84,-1.00,71.43,0.00,1,2026-09-30 13:54:18,64.65,70.08
22,,WdV.Lesserbee 0.01,compare,92.80,±4.80,94.68,90.00,-2.36,2,2026-09-30 12:59:48,19.81,11.51
23,,WidowMakersAtWar.EpicCow 1.0,compare,81.05,±7.84,-1.00,65.71,0.00,1,2026-09-30 14:07:40,37.96,29.85
24,,abc.Shadow 3.83c,compare,47.90,±5.22,60.26,55.71,5.15,2,2026-09-30 14:01:43,84.73,91.62
25,,ad.Quest 0.10,compare,63.21,±7.84,65.91,65.71,-5.43,1,2026-09-30 12:21:48,70.20,74.67
26,,adt.Ar1 2.1,compare,99.05,±7.84,99.05,100.00,0.94,1,2026-09-30 11:33:52,30.13,22.10
27,,aetos.AetosFirstBot 1.0,compare,95.27,±7.84,-1.00,88.57,0.00,1,2026-09-30 14:28:48,21.00,10.81
28,,agrach.Dalek 1.0,compare,94.66,±7.84,94.67,91.43,-1.54,1,2026-09-30 12:43:06,44.07,37.43
29,,agrach.MicroDalek 1.0,compare,96.91,±7.84,97.06,94.29,1.01,1,2026-09-30 11:50:48,40.38,32.99
30,,agrach.RobotSlayer 1.0,compare,97.37,±7.84,97.38,100.00,0.11,1,2026-09-30 11:25:55,44.41,41.45
31,,ags.Midboss 1q.fast,compare,61.40,±7.84,-1.00,60.00,0.00,1,2026-09-30 13:52:23,83.83,90.00
32,,ags.micro.Carpet 1.1,compare,66.62,±7.84,-1.00,62.86,0.00,1,2026-09-30 13:50:47,63.09,62.84
33,,ahf.Acero 1.0,compare,89.95,±7.84,-1.00,85.71,0.00,1,2026-09-30 14:31:55,48.24,45.35
34,,ahf.r2d2.R2d2 0.86,compare,76.09,±7.84,-1.00,80.00,0.00,1,2026-09-30 13:58:10,63.76,64.14
35,,ajs.Guessit 1.3,compare,84.64,±7.84,87.57,80.00,-5.50,1,2026-09-30 12:28:25,51.48,59.29
36,,alpha.BlackIce 1.0,compare,85.29,±7.84,86.05,100.00,5.29,1,2026-09-30 11:33:45,56.22,54.79
37,,amarok.Rookie 1.1,compare,82.03,±8.55,93.90,77.14,1.83,2,2026-09-30 14:01:05,50.07,48.14
38,,amc.ROBv202 1.01,compare,92.60,±7.84,92.61,85.71,-6.06,1,2026-09-30 13:31:58,28.80,25.60
39,,amc.ROBv400 1.0,compare,94.67,±7.84,94.86,94.29,-2.82,1,2026-09-30 11:47:56,33.86,28.05
40,,amk.Punbot.Punbot 0.01,compare,90.14,±7.84,90.31,77.14,-8.60,1,2026-09-30 12:26:29,10.00,5.53
41,,amk.ShizzleStiX.ShizzleStiX 0.6,compare,81.49,±7.84,-1.00,74.29,0.00,1,2026-09-30 14:22:19,34.20,22.99
42,,amk.jointstrike.JointStrike 0.2,compare,84.54,±7.84,85.41,85.71,-8.40,1,2026-09-30 13:02:50,31.69,21.34
43,,apc.Colossus2 0.12,compare,92.76,±7.84,-1.00,94.29,0.00,1,2026-09-30 14:16:06,37.11,30.17
44,,apv.LauLectrik 1.2,compare,60.21,±7.84,69.21,71.43,-11.24,1,2026-09-30 12:20:22,61.65,61.21
45,,apv.MicroAspid 1.8,compare,72.85,±7.84,72.85,82.86,7.90,1,2026-09-30 12:14:06,65.08,63.28
46,,apv.NanoLauLectrikTheCannibal 1.1,compare,83.83,±7.84,90.49,94.29,8.51,1,2026-09-30 11:52:31,53.53,47.61
47,,apv.test.Virus 0.6.1,compare,61.88,±7.84,61.96,68.57,7.46,1,2026-09-30 12:22:52,79.75,84.27
48,,ar.QuantumChromodynamics 1.2.1,compare,84.97,±7.84,85.36,85.71,-4.96,1,2026-09-30 13:25:49,44.01,36.27
49,,ar.TheoryOfEverything 1.2.1,compare,85.48,±7.84,89.60,97.14,2.82,1,2026-09-30 11:55:12,51.88,48.78
50,,ar.horizon.Horizon 1.2.2,compare,56.40,±7.23,-1.00,64.29,0.00,2,2026-09-30 14:17:52,82.89,88.78
51,,arthord.KostyaTszyu Beta2,compare,67.76,±7.84,67.91,71.43,-6.61,1,2026-09-30 13:18:36,64.18,63.68
52,,arthord.MannyPacquiao Delta2,compare,74.89,±7.84,85.36,85.71,-3.42,1,2026-09-30 13:22:47,46.34,35.30
53,,arthord.NanoSatanMelee Beta,compare,77.67,±7.84,82.29,80.00,-10.41,1,2026-09-30 13:07:48,38.74,23.66
54,,arthord.micro.Apoptygma 0.4,compare,81.32,±7.84,89.40,91.43,4.44,1,2026-09-30 11:43:23,56.55,48.25
55,,ary.Crisis 1.0,compare,73.60,±7.84,-1.00,68.57,0.00,1,2026-09-30 14:01:59,61.19,65.42
56,,ary.SMG 1.01,compare,67.82,±7.84,69.58,82.86,10.40,1,2026-09-30 12:58:47,79.25,86.06
57,,ary.micro.Weak 1.2,compare,64.78,±7.84,73.84,68.57,-2.55,1,2026-09-30 13:49:19,71.68,73.61
58,,ary.mini.Nimi 1.0,compare,68.46,±5.14,-1.00,72.86,0.00,2,2026-09-30 14:02:40,73.94,81.36
59,,ary.nano.AceSurf 1.2,compare,85.58,±7.84,89.33,94.29,-1.43,1,2026-09-30 11:37:33,51.70,45.77
60,,ary.nano.ColorNanoP 1.1,compare,86.89,±7.84,88.34,94.29,4.06,1,2026-09-30 12:47:21,56.88,52.34
61,,asd.Cthulhu 1.2,compare,87.86,±7.84,88.96,85.71,-3.29,1,2026-09-30 12:26:20,39.11,31.67
62,,asm.Statistas 0.1,compare,73.55,±7.84,75.59,74.29,-1.55,1,2026-09-30 11:57:36,55.06,50.63
63,,av.RobAtHome 1.2,compare,89.91,±7.84,91.72,88.57,-3.18,1,2026-09-30 13:22:30,35.79,26.04
64,,aw.Gilgalad 1.99.5c,compare,40.69,±7.84,52.63,42.86,5.94,1,2026-09-30 12:54:27,87.69,95.09
65,,axeBots.HataMoto 3.09,compare,76.60,±7.84,84.60,77.14,-2.56,1,2026-09-30 12:35:39,56.50,55.86
66,,baal.nano.N 1.42,compare,90.44,±7.84,90.47,85.71,-6.13,1,2026-09-30 12:02:38,36.14,26.72
67,,banshee.mini.Nexus6 0.2.0,compare,93.33,±7.84,93.35,85.71,-5.14,1,2026-09-30 12:06:15,43.24,45.97
68,,barontrozo.BaronTrozo 1.7.6,compare,66.73,±7.84,68.31,65.71,6.68,1,2026-09-30 13:37:08,70.05,76.34
69,,bayen.UbaRamLT 1.0,compare,70.73,±7.84,77.37,94.29,-4.19,1,2026-09-30 12:20:52,49.80,36.26
70,,bayen.nut.Squirrel 1.621,compare,81.96,±7.84,-1.00,74.29,0.00,1,2026-09-30 14:09:08,69.90,73.31
71,,bh.PencilRain 0.01,compare,97.98,±7.84,-1.00,94.29,0.00,1,2026-09-30 14:36:35,11.59,12.79
72,,blir.mini.oops.Splooshlu 2.0,compare,92.53,±7.84,92.60,85.71,-4.78,1,2026-09-30 13:05:18,47.97,51.77
73,,blir.nano.Bruce R1.0.0,compare,75.19,±7.84,80.20,94.29,-3.27,1,2026-09-30 12:27:13,44.14,34.01
74,,blir.nano.Cabbage R1.0.1,compare,93.69,±7.84,93.88,91.43,-1.86,1,2026-09-30 13:08:15,42.65,36.38
75,,blir.nano.inch.Inchworm 1.0,compare,92.21,±7.84,93.02,85.71,-5.26,1,2026-09-30 12:34:54,20.77,15.86
76,,blr.Chicken001 0.1,compare,96.96,±7.84,-1.00,97.14,0.00,1,2026-09-30 14:38:01,18.28,11.06
77,,boe.Minerva 0.80,compare,83.39,±7.84,90.48,82.86,-1.23,1,2026-09-30 12:44:39,57.61,60.19
78,,bons.NanoStalker 1.2,compare,88.86,±7.84,89.63,82.86,-7.96,1,2026-09-30 12:38:22,39.15,32.79
79,,bots.UberBot 1.2c,compare,95.34,±7.84,95.76,94.29,1.98,1,2026-09-30 12:20:33,40.52,36.28
80,,bp.Kuma 1.0,compare,97.48,±7.84,97.50,94.29,-1.23,1,2026-09-30 11:43:45,30.63,24.52
81,,bts.mega.Gnarly 1.4,compare,86.73,±7.84,98.66,100.00,6.54,1,2026-09-30 11:47:25,58.58,61.61
82,,buba.Archivist 0.1,compare,75.32,±7.84,76.19,82.86,-2.06,1,2026-09-30 13:13:01,56.36,51.61
83,,bumblebee.Bumblebee 1.0,compare,85.96,±7.84,90.62,88.57,-0.69,1,2026-09-30 13:02:25,42.82,31.04
84,,bvh.fry.Freya 0.82,compare,73.52,±7.84,83.09,74.29,0.37,1,2026-09-30 13:19:06,66.70,71.30
85,,bvh.hdr.Hodur 0.4,compare,86.54,±7.84,86.99,88.57,-8.08,1,2026-09-30 13:10:38,21.47,14.23
86,,bvh.loki.Loki 0.5,compare,90.92,±7.84,-1.00,82.86,0.00,1,2026-09-30 14:26:41,36.81,32.78
87,,bvh.micro.Svadilfari 0.2,compare,94.07,±7.84,94.37,88.57,-3.75,1,2026-09-30 13:41:47,36.28,32.56
88,,bvh.mini.Freya 0.55,compare,67.18,±7.84,-1.00,65.71,0.00,1,2026-09-30 13:53:09,62.80,61.90
89,,bvh.mini.Mjolnir 0.3,compare,70.83,±7.84,-1.00,88.57,0.00,1,2026-09-30 14:14:09,56.36,51.69
90,,bvh.mini.Wodan 0.50,compare,71.64,±7.84,84.18,74.29,2.53,1,2026-09-30 13:35:05,63.87,68.80
91,,bvh.tyr.Tyr 1.74,compare,87.89,±7.84,89.23,85.71,-3.91,1,2026-09-30 12:30:38,41.43,36.31
92,,can.Pookie 1.1,compare,74.78,±7.84,76.62,85.71,0.39,1,2026-09-30 11:35:41,64.23,63.04
93,,casey.Flump 1.0,compare,84.05,±7.84,91.41,88.57,0.24,1,2026-09-30 13:40:48,47.52,37.17
94,,catcat20.Lambda 0.017,compare,59.49,±7.84,-1.00,60.00,0.00,1,2026-09-30 14:05:39,82.46,88.62
95,,catcat20.shape.Theta 0.018,compare,64.31,±7.84,-1.00,68.57,0.00,1,2026-09-30 14:09:46,79.23,86.38
96,,cb.Domogled 1.2,compare,60.21,±7.84,70.51,45.71,13.06,1,2026-09-30 12:23:53,85.12,93.68
97,,cb.fire.Firestarter 2.0f,compare,35.48,±7.84,41.78,20.00,2.98,1,2026-09-30 13:16:57,88.13,96.62
98,,cb.mega.RandomBot 1.0,compare,63.45,±7.84,80.79,68.57,-1.03,1,2026-09-30 12:36:53,54.96,55.38
99,,cb.nano.Insomnia 1.0,compare,93.07,±7.84,93.73,100.00,1.81,1,2026-09-30 11:40:02,25.01,15.26
100,,cbot.agile.Nibbler 0.2,compare,68.24,±7.84,-1.00,68.57,0.00,1,2026-09-30 14:10:33,64.34,65.92
101,,cbot.cbot.CBot 0.8,compare,76.01,±7.84,83.25,80.00,0.74,1,2026-09-30 13:13:59,55.93,52.93
102,,cf.proto.Shiva 2.2,compare,61.60,±7.84,-1.00,68.57,0.00,1,2026-09-30 14:33:26,80.16,85.92
103,,cf.star.Star2 1.23,compare,69.13,±7.84,77.23,85.71,1.95,1,2026-09-30 11:39:44,71.58,74.25
104,,chickenfuego.UrChicken2 1.0,compare,97.98,±7.84,97.98,94.29,-1.78,1,2026-09-30 12:46:21,9.13,8.38
105,,cjm.Chomsky 1.5,compare,76.65,±7.84,77.20,82.86,5.14,1,2026-09-30 11:57:08,66.58,73.54
106,,cli.Dancer 1.1,compare,97.66,±7.84,97.73,94.29,-1.32,1,2026-09-30 11:51:36,36.62,37.92
107,,cli.WasteOfAmmo 1.0,compare,100.00,±7.84,100.00,100.00,0.25,1,2026-09-30 12:08:33,1.52,1.40
108,,com.arsenic.NewTest 1.0,compare,91.56,±7.84,93.42,97.14,0.16,1,2026-09-30 12:12:24,44.22,38.83
109,,conscience.Suicidal 1.1,compare,100.00,±7.84,100.00,100.00,0.15,1,2026-09-30 13:01:59,0.87,0.88
110,,cs.PumpkinPie 1.0,compare,76.60,±7.84,87.47,77.14,9.14,1,2026-09-30 12:21:28,61.22,66.85
111,,cs.Wren 1.0,compare,93.92,±7.84,93.98,88.57,-4.00,1,2026-09-30 13:31:42,39.76,33.36
112,,cs.s2.Seraphim 2.3.1,compare,67.01,±7.84,67.40,77.14,21.56,1,2026-09-30 12:38:59,83.20,88.76
113,,csm.NthGeneration 0.04,compare,91.84,±7.84,91.89,94.29,-2.19,1,2026-09-30 12:19:01,48.84,46.95
114,,csp.Eagle 3.30,compare,90.47,±7.84,91.23,97.14,-4.17,1,2026-09-30 12:34:16,34.96,28.30
115,,css.Delitioner 0.11,compare,80.97,±7.84,81.02,94.29,12.61,1,2026-09-30 11:43:14,61.43,64.88
116,,cuoq.Kakera 1.0,compare,69.41,±7.84,70.92,77.14,9.45,1,2026-09-30 13:11:39,70.91,77.88
117,,cw.megas.GhostShell GT,compare,80.55,±6.29,95.64,84.29,5.83,2,2026-09-30 13:57:17,48.56,45.41
118,,cw.megas.Gridd 0.4,compare,70.81,±7.84,81.92,74.29,-1.71,1,2026-09-30 13:28:13,55.34,55.94
119,,cw.megas.Polar 3.2,compare,76.22,±7.84,88.22,85.71,3.43,1,2026-09-30 13:13:44,54.93,55.09
120,,cx.Lacrimas 1.36,compare,69.28,±7.84,84.53,80.00,10.91,1,2026-09-30 13:21:08,75.11,80.67
121,,cx.micro.Blur 0.2,compare,78.65,±7.84,79.15,85.71,-1.92,1,2026-09-30 12:29:21,59.51,56.03
122,,cx.micro.Spark 0.6,compare,60.25,±7.84,63.65,57.14,-6.62,1,2026-09-30 13:46:06,64.80,65.63
123,,cx.mini.Cigaret 1.31,compare,62.69,±7.84,-1.00,62.86,0.00,1,2026-09-30 14:18:58,69.54,71.87
124,,cyragia.Bot 1.1,compare,94.28,±7.84,-1.00,88.57,0.00,1,2026-09-30 14:22:02,40.57,37.13
125,,daemons.DizzyA 1.0,compare,98.68,±7.84,98.68,100.00,-0.52,1,2026-09-30 11:26:02,11.11,5.80
126,,dam.MogBot 2.9,compare,78.58,±7.84,-1.00,80.00,0.00,1,2026-09-30 14:21:07,59.03,64.45
127,,darkcanuck.Gaff 1.50,compare,63.05,±7.84,76.79,71.43,14.95,1,2026-09-30 12:25:39,79.64,88.29
128,,darkcanuck.Holden 1.13a,compare,56.44,±7.84,66.49,65.71,11.85,1,2026-09-30 12:44:07,82.37,90.07
129,,davidalves.net.Duelist 0.1.6src,compare,74.55,±7.84,-1.00,74.29,0.00,1,2026-09-30 14:08:05,63.97,65.57
130,,davidalves.net.DuelistMicro 1.22,compare,77.16,±7.84,80.35,85.71,3.05,1,2026-09-30 12:18:48,65.01,64.17
131,,dcs.Eater_of_Worlds 1.1.3-A,compare,88.69,±7.84,89.47,80.00,-8.02,1,2026-09-30 13:17:34,28.37,21.18
132,,dcs.Eater_of_Worlds_Mini 1.0,compare,92.35,±7.84,92.47,85.71,-5.48,1,2026-09-30 12:22:18,32.33,26.07
133,,dcs.PM.Eater_of_Worlds_PM 1.2,compare,67.37,±7.84,80.09,71.43,-4.24,1,2026-09-30 12:16:05,57.60,58.27
134,,demetrix.ForceMajeure 0.75,compare,57.96,±7.84,68.40,65.71,-6.24,1,2026-09-30 12:03:46,69.36,75.85
135,,demetrix.nano.Neutrino 0.27,compare,78.24,±7.84,84.48,85.71,-1.97,1,2026-09-30 12:58:25,51.33,44.93
136,,demetrix.nano.SledgeHammer 0.22,compare,65.03,±7.84,75.08,85.71,-3.21,1,2026-09-30 12:55:29,54.25,44.60
137,,dft.Cyanide 1.90,compare,62.10,±7.84,62.10,71.43,10.56,1,2026-09-30 12:15:35,82.40,87.93
138,,dft.Guppy 1.0,compare,86.98,±7.84,-1.00,80.00,0.00,1,2026-09-30 14:04:54,52.89,47.84
139,,dft.Immortal 1.40,compare,76.08,±7.84,88.35,94.29,18.82,1,2026-09-30 11:29:38,80.03,85.91
140,,discan.mini.Exode 0.25,compare,88.09,±7.84,-1.00,80.00,0.00,1,2026-09-30 14:04:36,31.11,24.16
141,,divineomega.PatrollerBot 1.0,compare,90.03,±7.84,93.92,91.43,1.72,1,2026-09-30 12:14:55,35.95,31.66
142,,divineomega.TrialBot 0.003,compare,78.00,±7.84,87.42,94.29,9.28,1,2026-09-30 12:19:48,57.79,63.53
143,,djdjdj.NanoSkunk10 1.0,compare,92.93,±7.84,93.26,94.29,-3.68,1,2026-09-30 11:43:30,39.72,36.69
144,,dmh.robocode.robot.GreenDragon 1.0,compare,87.52,±7.84,90.29,94.29,-3.47,1,2026-09-30 11:44:02,48.16,44.28
145,,dmh.robocode.robot.YellowBird 0.12,compare,83.29,±7.84,-1.00,74.29,0.00,1,2026-09-30 13:53:24,50.13,46.05
146,,dmp.micro.Aurora 1.41,compare,84.09,±7.84,88.16,94.29,4.47,1,2026-09-30 11:54:44,49.48,40.54
147,,doka.Shinigami 2.2,compare,75.82,±7.84,-1.00,71.43,0.00,1,2026-09-30 13:52:54,64.07,64.93
148,,doka.Test 1.0,compare,81.53,±7.84,88.41,85.71,-6.42,1,2026-09-30 13:32:34,34.44,20.85
149,,donjezza.Jezza 1.0,compare,90.35,±7.84,-1.00,77.14,0.00,1,2026-09-30 14:16:23,13.49,10.88
150,,donjezza.Muncho 1.0,compare,95.39,±7.84,95.52,88.57,-3.88,1,2026-09-30 13:01:20,15.56,12.49
151,,drm.Magazine 0.39,compare,69.39,±7.84,81.19,74.29,-0.45,1,2026-09-30 13:07:02,61.50,61.81
152,,ds.Versatile RB1.0.1,compare,72.37,±7.84,-1.00,77.14,0.00,1,2026-09-30 14:24:01,69.34,78.02
153,,dsekercioglu.mega.WhiteFang 2.8.1,compare,68.96,±7.84,83.67,82.86,32.49,1,2026-09-30 12:56:51,86.69,93.72
154,,dsekercioglu.mini.Partial 0.1.3,compare,70.91,±7.84,73.27,74.29,-4.67,1,2026-09-30 13:41:08,70.29,76.31
155,,dsx724.VSAB_EP3_ATR 1.1,compare,91.37,±7.84,91.50,91.43,-2.20,1,2026-09-30 13:14:23,53.85,60.32
156,,dummy.mini.Parakeet 2.40,compare,74.47,±7.84,82.12,80.00,2.86,1,2026-09-30 12:21:03,59.36,61.84
157,,dz.GalbaMini 0.121,compare,63.55,±7.84,79.48,71.43,1.22,1,2026-09-30 13:04:09,67.43,73.46
158,,e32.Omni 0.06,compare,93.79,±7.84,96.03,100.00,-0.67,1,2026-09-30 11:41:15,37.79,33.06
159,,eat.HumblePieLite 1.0,compare,73.66,±7.84,79.20,88.57,-4.70,1,2026-09-30 13:03:55,56.21,54.13
160,,eem.awful v1.2,compare,100.00,±7.84,-1.00,100.00,0.00,1,2026-09-30 14:27:40,0.44,1.33
161,,eem.zapper v6.03,compare,68.29,±7.84,83.67,82.86,17.24,1,2026-09-30 12:32:40,81.26,87.98
162,,ej.ChocolateBar 1.1,compare,63.00,±7.84,63.00,68.57,0.64,1,2026-09-30 12:36:37,74.73,80.80
163,,el.Attackr 0.1,compare,86.07,±7.84,-1.00,71.43,0.00,1,2026-09-30 14:27:56,9.35,5.55
164,,el.JumpShoot 0.2,compare,92.90,±7.84,92.91,82.86,-6.69,1,2026-09-30 13:20:25,14.62,9.20
165,,el33t.EL33tGangstarr2 2.0,compare,82.92,±7.84,85.32,77.14,-10.11,1,2026-09-30 13:20:39,32.81,23.50
166,,elloco.Flower 0.1r1,compare,83.17,±7.84,83.67,82.86,-7.65,1,2026-09-30 11:44:47,48.06,43.10
167,,elvbot.ElverionBot 0.3,compare,99.95,±7.84,99.97,100.00,0.28,1,2026-09-30 11:42:06,22.79,19.86
168,,emp.Yngwie 1.11,compare,79.39,±7.84,86.33,82.86,7.10,1,2026-09-30 12:13:47,61.10,68.76
169,,ender.EnderRobot 1.1,compare,79.17,±7.84,-1.00,80.00,0.00,1,2026-09-30 14:13:48,33.36,25.28
170,,ers.micro.speusippus.Speusippus 0.3,compare,74.94,±7.84,-1.00,77.14,0.00,1,2026-09-30 14:12:07,69.97,74.79
171,,ers.nano.gokdeniz.Gokdeniz 1.5b,compare,80.53,±7.84,83.16,88.57,11.37,1,2026-09-30 12:16:40,62.39,65.75
172,,ers.nano.meroka.Meroka 1.8a,compare,82.43,±7.84,84.59,91.43,4.59,1,2026-09-30 13:03:36,63.16,66.67
173,,ers.nano.sunderer.Sunderer 1.23a,compare,64.65,±7.84,71.82,85.71,-7.43,1,2026-09-30 11:33:38,64.98,62.95
174,,et.Predator 1.8,compare,81.23,±7.84,81.83,80.00,-6.42,1,2026-09-30 12:04:06,52.77,51.18
175,,ethdsy.Malacka 2.4,compare,87.80,±7.84,-1.00,80.00,0.00,1,2026-09-30 14:06:37,48.76,46.89
176,,etienne72230.Wall_street 1.0,compare,95.60,±7.84,95.61,88.57,-3.42,1,2026-09-30 11:52:39,20.19,18.71
177,,exauge.Leopard 1.1.019,compare,69.25,±7.84,77.86,91.43,-8.19,1,2026-09-30 12:25:10,47.87,31.69
178,,extra.Sauce .01,compare,85.87,±7.84,85.90,74.29,-13.05,1,2026-09-30 13:17:19,40.38,33.75
179,,fala.robocode.FalaRobot 1.0,compare,96.23,±7.84,97.24,100.00,1.75,1,2026-09-30 11:41:51,35.38,30.23
180,,fcr.First 1.0,compare,98.85,±7.84,98.95,100.00,2.53,1,2026-09-30 11:25:58,47.73,45.67
181,,fnc.bandit.Bandit 5.2.0,compare,94.42,±7.84,96.54,100.00,2.26,1,2026-09-30 11:35:17,43.33,40.32
182,,fnc.bandit2002.Bandit2002 4.0.2,compare,76.94,±7.84,-1.00,71.43,0.00,1,2026-09-30 14:00:34,48.75,46.28
183,,fowl3628800.LightningBolt 2.6.0,compare,90.85,±7.84,90.93,80.00,-7.62,1,2026-09-30 13:19:59,44.79,51.87
184,,fowl3628800.SitAndGo 1.0.0,compare,89.01,±7.84,89.06,77.14,-9.12,1,2026-09-30 13:48:44,32.54,30.95
185,,frag.FragBot 1.0,compare,83.88,±7.84,83.92,85.71,-6.60,1,2026-09-30 12:22:09,53.40,53.86
186,,fromHell.BlackBox 0.0.2,compare,58.97,±7.84,71.97,62.86,11.80,1,2026-09-30 13:48:27,84.71,91.47
187,,fruits.NanoStrawbery 1.3,compare,86.72,±7.84,-1.00,71.43,0.00,1,2026-09-30 14:24:21,13.46,8.12
188,,fullsail.TimbotNoPrediction 1.0,compare,80.05,±7.84,85.50,77.14,-8.36,1,2026-09-30 13:34:10,32.04,17.06
189,,fushi.PvP1.PvP1 2004-02-16,compare,84.24,±7.84,90.86,82.86,10.16,1,2026-09-30 12:04:36,55.13,64.82
190,,fw.Number1 1.0b,compare,92.45,±7.84,92.91,100.00,-4.02,1,2026-09-30 11:36:02,27.87,19.55
191,,geep.mini.GPBotA 1.0,compare,92.19,±7.84,-1.00,85.71,0.00,1,2026-09-30 14:26:23,43.46,34.69
192,,genprog.Gajeel 1.0,compare,89.78,±7.84,90.70,85.71,-6.19,1,2026-09-30 12:18:18,26.23,15.02
193,,genprog.Zafaran 1.0,compare,90.87,±7.84,91.82,91.43,-4.94,1,2026-09-30 12:59:11,25.00,14.28
194,,gg.Squaraus 0.6,compare,93.42,±7.84,94.58,88.57,-3.22,1,2026-09-30 13:26:45,29.07,23.46
195,,gh.GresSuffurd 0.4.13,compare,58.04,±7.84,71.63,65.71,19.85,1,2026-09-30 12:30:17,86.69,93.41
196,,gh.micro.Grinnik 1.0,compare,77.06,±7.84,-1.00,74.29,0.00,1,2026-09-30 13:54:00,66.48,69.63
197,,gh.micro.GrubbmThree 1.01,compare,66.21,±7.84,77.08,97.14,-1.06,1,2026-09-30 11:39:53,56.78,53.61
198,,gh.nano.Grofvuil 0.2,compare,92.70,±7.84,92.92,88.57,-3.43,1,2026-09-30 12:29:09,49.48,50.00
199,,gre.svman4.Leonidas 1.3.2,compare,95.59,±7.84,96.10,91.43,-1.95,1,2026-09-30 12:27:27,33.17,35.60
200,,grybgoofy.GoofyBot 0.10,compare,91.74,±7.84,96.62,97.14,2.65,1,2026-09-30 13:08:03,43.26,41.86
201,,gu.MicroScoob 1.3,compare,90.81,±7.84,94.35,97.14,3.89,1,2026-09-30 11:43:53,54.63,50.94
202,,gwah.GBotMarkIV 1.0,compare,86.74,±7.84,86.76,71.43,-11.45,1,2026-09-30 13:22:14,20.39,11.42
203,,gwah.GerryBotMkII 1.5.1,compare,93.52,±7.84,94.16,85.71,-4.56,1,2026-09-30 12:39:28,12.68,6.30
204,,ha2.T2 0.2,compare,95.58,±7.84,95.67,94.29,-0.91,1,2026-09-30 12:22:27,40.47,37.36
205,,ha2.T2b 0.2b,compare,95.17,±7.84,95.24,97.14,0.39,1,2026-09-30 12:30:28,48.38,47.14
206,,ha2.T3 0.2,compare,87.33,±7.84,88.72,91.43,3.26,1,2026-09-30 13:06:29,58.18,59.13
207,,hamilton.Hamilton 1.0,compare,90.35,±7.84,92.65,97.14,4.99,1,2026-09-30 12:43:30,47.55,51.63
208,,hfgrobots.HFG 1.0,compare,99.82,±7.84,99.83,100.00,0.06,1,2026-09-30 12:12:42,8.85,8.27
209,,hirataatsushi.Trinity 0.003,compare,92.02,±7.84,93.01,97.14,-2.06,1,2026-09-30 12:15:23,33.85,26.98
210,,hlavko.nano.Ringo 2.0,compare,95.96,±7.84,96.11,94.29,-1.50,1,2026-09-30 12:31:48,42.29,37.04
211,,homerbots.h1 1.0,compare,92.98,±7.84,92.98,82.86,-6.61,1,2026-09-30 12:39:09,15.49,9.86
212,,hp.Athena 0.1,compare,74.29,±7.84,75.62,74.29,-6.85,1,2026-09-30 13:27:56,55.50,52.51
213,,hvilela.HVilela 0.9,compare,82.72,±7.84,-1.00,77.14,0.00,1,2026-09-30 13:50:05,41.19,34.68
214,,infovk.s_schwarzm16.silverbird 1.0,compare,76.17,±7.84,85.85,77.14,5.73,1,2026-09-30 13:42:11,66.95,71.44
215,,intruder.PrairieWolf 2.61,compare,54.29,±7.84,56.31,42.86,-9.64,1,2026-09-30 13:49:36,65.19,72.45
216,,is.fon.rs.FonDestroyer3084 1.0,compare,94.69,±7.84,-1.00,85.71,0.00,1,2026-09-30 14:19:34,9.76,5.94
217,,is.fon.rs.Kamikaza 1.0,compare,91.82,±7.84,-1.00,82.86,0.00,1,2026-09-30 14:23:30,13.38,6.98
218,,jab.avk.ManuelGallegus 0.6,compare,70.61,±7.84,72.86,71.43,2.10,1,2026-09-30 13:20:12,69.31,69.60
219,,jab.micro.Sanguijuela 0.8,compare,61.76,±7.84,-1.00,85.71,0.00,1,2026-09-30 14:10:17,55.51,47.74
220,,jam.micro.RaikoMicro 1.44,compare,51.83,±7.84,-1.00,51.43,0.00,1,2026-09-30 14:21:44,71.79,75.75
221,,jam.mini.Raiko 0.43,compare,75.21,±7.84,75.24,91.43,13.05,1,2026-09-30 11:36:57,74.40,80.46
222,,janm.Jammy 1.0,compare,68.63,±7.84,68.85,74.29,-19.14,1,2026-09-30 13:39:52,43.97,35.78
223,,japs.Serenity 1.0,compare,88.12,±7.84,88.13,74.29,-11.50,1,2026-09-30 13:25:33,10.34,14.10
224,,japs.Sjonniebot 0.9.1,compare,89.43,±7.84,92.88,91.43,-1.18,1,2026-09-30 12:48:43,35.36,24.50
225,,jaw.KarenCain 0.11,compare,93.39,±7.84,93.52,85.71,-5.21,1,2026-09-30 12:48:14,31.31,26.11
226,,jaw.Mouse 0.11,compare,94.10,±7.84,94.65,91.43,-0.58,1,2026-09-30 12:14:29,44.65,41.81
227,,jcs.Decepticon 2.5.3,compare,61.06,±7.84,-1.00,65.71,0.00,1,2026-09-30 14:20:29,78.20,83.50
228,,jcs.Megatron 1.2,compare,75.53,±7.84,75.67,80.00,12.86,1,2026-09-30 12:49:49,77.49,81.28
229,,jcw.ArcherOne 1.0,compare,95.20,±7.84,95.32,88.57,-4.25,1,2026-09-30 12:53:28,11.36,6.77
230,,jdw.Hornet 1.0,compare,94.02,±7.84,94.02,91.43,-3.02,1,2026-09-30 12:06:35,35.12,22.31
231,,jekl.mini.BlackPearl .91,compare,77.02,±7.84,78.08,91.43,5.75,1,2026-09-30 11:29:29,66.77,70.31
232,,jep.Terrible 0.4.1,compare,74.21,±7.84,-1.00,62.86,0.00,1,2026-09-30 14:20:06,44.62,40.24
233,,jep.nano.Hotspur 0.1,compare,94.97,±7.84,94.97,91.43,-3.46,1,2026-09-30 13:30:33,39.23,25.69
234,,jgap.JGAP12584 1.0,compare,92.76,±7.84,-1.00,88.57,0.00,1,2026-09-30 14:15:31,6.64,1.69
235,,jgap.JGAP6139 1.0,compare,73.09,±7.84,-1.00,65.71,0.00,1,2026-09-30 14:14:24,32.21,16.94
236,,jgap.JGAP7247_2 1.0,compare,93.57,±7.84,96.58,97.14,-0.68,1,2026-09-30 11:42:13,16.78,5.55
237,,jgap.JGAP7958 1.0,compare,79.43,±7.84,-1.00,80.00,0.00,1,2026-09-30 14:29:23,34.92,20.31
238,,jk.mega.DrussGT 3.1.16,compare,25.53,±7.84,32.34,14.29,7.22,1,2026-09-30 11:46:41,92.61,98.06
239,,jk.mini.CunobelinDC 1.2,compare,81.72,±7.84,83.74,97.14,26.53,1,2026-09-30 11:52:59,83.01,88.24
240,,jk.precise.EnergyDome 1.8,compare,96.78,±7.84,-1.00,91.43,0.00,1,2026-09-30 14:37:41,56.27,62.94
241,,js.PinBall 1.6,compare,93.91,±7.84,94.59,91.43,-0.87,1,2026-09-30 12:03:55,47.27,44.03
242,,jw.Booring 1.11,compare,67.56,±7.84,-1.00,65.71,0.00,1,2026-09-30 13:51:55,58.96,63.02
243,,jwirde.Gort 2.0,compare,96.53,±7.84,96.85,94.29,-0.42,1,2026-09-30 12:14:22,38.38,35.71
244,,kawigi.f.FhqwhgadsMicro 1.0,compare,79.03,±7.84,81.29,88.57,3.20,1,2026-09-30 12:22:37,64.51,65.36
245,,kawigi.micro.Shiz 1.1,compare,90.74,±7.84,90.85,82.86,-7.23,1,2026-09-30 13:28:42,40.75,36.37
246,,kawigi.robot.Girl 1.2,compare,88.88,±7.84,92.96,94.29,-1.84,1,2026-09-30 11:27:03,42.11,43.54
247,,kawigi.sbf.Barracuda 1.0,compare,97.89,±7.84,97.89,100.00,0.24,1,2026-09-30 11:32:56,47.29,45.92
248,,kawigi.sbf.FloodSonnet 0.9,compare,70.65,±7.84,-1.00,74.29,0.00,1,2026-09-30 13:57:35,63.32,66.19
249,,kawigi.sbf.Teancum 1.3,compare,74.60,±7.84,85.54,80.00,4.38,1,2026-09-30 11:49:24,59.67,63.34
250,,kawigi.spare.SpareParts 0.7.6nosnd,compare,83.79,±7.84,-1.00,77.14,0.00,1,2026-09-30 14:34:39,45.18,45.72
251,,kb.PingPong 1.0,compare,87.55,±7.84,-1.00,71.43,0.00,1,2026-09-30 13:51:21,13.60,12.18
252,,kc.mega.BeepBoop 2.0,compare,19.30,±7.84,-1.00,2.86,0.00,1,2026-09-30 14:00:18,95.06,99.25
253,,kc.nano.Splinter 1.2,compare,78.04,±7.84,85.85,82.86,-2.32,1,2026-09-30 13:11:04,58.15,56.35
254,,kc.serpent.WaveSerpent 2.11,compare,49.84,±7.84,66.25,62.86,11.33,1,2026-09-30 13:03:16,86.74,93.12
255,,kcn.unnamed.Unnamed 1.21,compare,74.23,±7.84,74.46,77.14,2.84,1,2026-09-30 13:23:39,68.43,72.18
256,,kenran.mega.Pantheist 1.1,compare,66.16,±7.84,69.91,74.29,6.44,1,2026-09-30 11:54:23,72.73,78.42
257,,kid.Gladiator .7.2,compare,73.19,±7.84,73.25,74.29,7.92,1,2026-09-30 13:07:20,76.01,83.64
258,,kid.Toa .0.5,compare,66.78,±7.84,-1.00,60.00,0.00,1,2026-09-30 14:05:13,71.83,77.82
259,,kinsen.nano.Quarrelet 1.0,compare,65.72,±7.84,67.46,68.57,-6.26,1,2026-09-30 12:34:05,58.48,51.59
260,,kjc.Karaykan 1.0,compare,83.65,±7.84,-1.00,71.43,0.00,1,2026-09-30 14:28:30,22.07,14.44
261,,klein.GottesKrieger 1.1,compare,92.12,±7.84,94.75,97.14,-0.65,1,2026-09-30 13:15:13,49.76,47.30
262,,kms.Royal 0.15M,compare,93.33,±7.84,97.34,100.00,3.59,1,2026-09-30 11:26:45,44.40,35.17
263,,knackibot.KnackOnOne 0.8.1,compare,93.77,±7.84,93.92,91.43,-2.90,1,2026-09-30 12:50:55,39.07,37.12
264,,kneels.ToNoone 0.2,compare,89.70,±7.84,90.56,91.43,-6.53,1,2026-09-30 12:33:55,33.32,25.48
265,,kneels.nano.Derp 0.2,compare,64.68,±7.84,66.57,68.57,-10.71,1,2026-09-30 13:33:56,55.79,50.28
266,,krillr.mini.JointStrike 2.0.0,compare,78.35,±7.84,83.87,82.86,-6.71,1,2026-09-30 12:57:13,50.42,41.98
267,,krzysiek.robbo2.Robbo 1.0.0,compare,84.97,±7.84,87.99,91.43,0.01,1,2026-09-30 12:17:25,57.58,58.17
268,,kvk.HebusLeTroll 0.41,compare,80.13,±7.84,86.72,88.57,0.70,1,2026-09-30 11:54:00,61.50,64.07
269,,labg.Cataclysm 2.05,compare,90.92,±7.84,98.35,100.00,9.17,1,2026-09-30 12:51:51,58.16,60.46
270,,learn.ISmart 2.0s,compare,64.96,±7.84,65.92,71.43,2.62,1,2026-09-30 12:05:45,62.41,66.87
271,,lechu.Ala 0.0.4,compare,77.25,±7.84,85.75,77.14,-1.36,1,2026-09-30 12:45:07,54.68,59.58
272,,lessonz.robocode.Oz 0.5.0,compare,93.65,±7.84,94.26,91.43,-2.44,1,2026-09-30 12:48:00,48.26,49.23
273,,lk.nano.Avesnar 1.1,compare,91.47,±7.84,92.51,91.43,-1.55,1,2026-09-30 12:34:44,49.55,44.27
274,,logiblocs.Fire 1.0,compare,98.18,±7.84,98.88,97.14,-0.31,1,2026-09-30 11:55:28,4.27,1.27
275,,lw.LuthersTest 0.1,compare,88.99,±7.84,-1.00,74.29,0.00,1,2026-09-30 14:13:31,8.10,5.31
276,,lxx.Emerald 0.6.5,compare,89.12,±7.84,89.85,91.43,2.03,1,2026-09-30 12:16:21,69.03,76.27
277,,lxx.Tomcat 3.68,compare,55.17,±7.84,68.92,65.71,20.40,1,2026-09-30 12:07:36,87.76,95.18
278,,m3thos.Eva00 1.1,compare,89.39,±7.84,-1.00,80.00,0.00,1,2026-09-30 14:31:16,41.05,31.90
279,,mahrgell.mahrram 1.3,compare,66.39,±7.84,72.50,88.57,-9.32,1,2026-09-30 13:15:24,50.48,38.02
280,,maribo.melee.BMV 0.1,compare,87.72,±7.84,87.86,80.00,-7.75,1,2026-09-30 13:01:49,42.53,35.24
281,,mc2.enemy.Original 0.9,compare,90.72,±7.84,92.44,88.57,-1.03,1,2026-09-30 13:04:55,49.25,59.83
282,,md.November 1.0,compare,67.02,±7.84,-1.00,62.86,0.00,1,2026-09-30 13:55:25,43.50,36.87
283,,md.Pasta 1.1,compare,68.90,±7.84,-1.00,57.14,0.00,1,2026-09-30 14:35:01,48.45,44.03
284,,mdouet.BotKicker 2.0,compare,89.29,±7.84,-1.00,85.71,0.00,1,2026-09-30 14:37:19,40.85,34.20
285,,mk.Alpha 0.2.1,compare,85.17,±7.84,85.28,85.71,-0.15,1,2026-09-30 13:01:37,64.00,67.08
286,,mladjo.AIR 0.7,compare,80.59,±7.84,-1.00,82.86,0.00,1,2026-09-30 14:23:14,54.22,51.05
287,,mladjo.GnuKlub 0.1,compare,84.67,±7.84,86.46,88.57,6.50,1,2026-09-30 11:48:05,65.12,65.42
288,,mladjo.Grrrrr 0.9,compare,69.89,±7.84,70.89,82.86,6.84,1,2026-09-30 12:46:53,67.88,73.82
289,,mladjo.iRobot 0.3,compare,74.94,±7.84,77.72,77.14,0.86,1,2026-09-30 13:47:35,70.79,76.15
290,,mld.Moebius 2.9.3,compare,84.42,±7.84,85.45,97.14,9.25,1,2026-09-30 12:59:38,63.96,64.73
291,,mn.micro.perceptual.Mimic 1.0.0,compare,79.86,±7.84,82.59,88.57,4.07,1,2026-09-30 12:18:38,35.58,28.13
292,,mn.nano.SkippedTurns 1.1.0,compare,98.09,±7.84,0.00,100.00,-1.91,1,2026-09-30 12:31:37,0.00,0.01
293,,mn.nano.perceptual.Impact 1.3.0,compare,65.32,±7.84,-1.00,94.29,0.00,1,2026-09-30 14:06:13,55.44,47.70
294,,morbid.MorbidPriest 1.0,compare,86.48,±7.84,88.81,88.57,0.73,1,2026-09-30 11:56:04,53.40,56.29
295,,mrm.MightyMoose .2,compare,91.72,±7.84,91.72,94.29,-2.62,1,2026-09-30 12:46:06,46.01,42.13
296,,ms.Ares 0.19,compare,82.39,±7.84,83.81,77.14,-7.18,1,2026-09-30 12:19:31,58.99,64.46
297,,mue.Ascendant 1.2.27,compare,58.34,±7.84,-1.00,71.43,0.00,1,2026-09-30 14:17:23,84.96,91.99
298,,mue.Hyperion 0.8,compare,58.73,±7.84,-1.00,57.14,0.00,1,2026-09-30 14:35:19,75.78,86.38
299,,mwj.A1176183 1.0,compare,93.03,±7.84,93.05,82.86,-6.60,1,2026-09-30 13:28:27,18.95,21.17
300,,myl.micro.Avipes 1.00,compare,69.45,±7.84,71.79,68.57,-5.31,1,2026-09-30 13:30:48,64.49,64.10
301,,myl.micro.NekoNinja 1.30,compare,82.96,±4.89,83.97,91.43,1.55,2,2026-09-30 12:38:38,56.19,54.60
302,,myl.micro.Predator 1.50,compare,85.62,±7.84,85.62,80.00,-10.93,1,2026-09-30 13:37:25,51.50,48.35
303,,myl.nano.Kakuru 1.20,compare,75.16,±7.84,88.61,80.00,0.14,1,2026-09-30 12:25:51,52.81,45.61
304,,mz.AdeptBSB 1.03,compare,92.63,±7.84,-1.00,85.71,0.00,1,2026-09-30 13:56:42,50.94,52.58
305,,mz.Movement 1.8,compare,92.70,±7.84,93.28,94.29,1.70,1,2026-09-30 13:00:30,46.75,41.52
306,,mz.NanoGod 2.02,compare,95.25,±7.84,95.57,91.43,-0.73,1,2026-09-30 13:31:25,49.90,50.98
307,,nammyung.ModelT 0.23,compare,91.56,±7.84,91.64,80.00,-7.48,1,2026-09-30 13:15:42,38.40,49.63
308,,nat.BlackHole 2.0gamma,compare,64.28,±7.84,67.02,77.14,9.79,1,2026-09-30 11:52:17,74.38,78.53
309,,nat.Hikari dev0001,compare,83.07,±7.84,84.86,94.29,3.89,1,2026-09-30 12:52:15,67.68,72.44
310,,nat.Samekh 0.4,compare,56.33,±7.84,68.83,65.71,1.73,1,2026-09-30 12:35:55,76.22,81.23
311,,nat.nano.OcnirpPM 1.0,compare,68.46,±7.84,-1.00,74.29,0.00,1,2026-09-30 14:36:05,58.38,53.66
312,,ncj.MoxieBot 1.0,compare,82.50,±7.84,82.50,60.00,-11.88,1,2026-09-30 11:35:12,9.94,17.55
313,,ndn.DyslexicMonkey 1.1,compare,89.01,±7.84,89.61,85.71,-4.66,1,2026-09-30 13:29:58,46.31,40.69
314,,nexus.Experimental 0.2,compare,85.58,±7.84,-1.00,77.14,0.00,1,2026-09-30 14:11:31,41.18,32.11
315,,nexus.Prototype 1.0,compare,79.21,±7.84,-1.00,88.57,0.00,1,2026-09-30 14:26:58,33.96,18.51
316,,nexus.Two 0.2,compare,97.93,±7.84,99.03,100.00,2.17,1,2026-09-30 11:41:25,37.92,25.89
317,,ntc.Lasers.Lasers 0.9,compare,75.61,±7.84,81.10,62.86,-9.76,1,2026-09-30 13:33:31,47.21,41.08
318,,ntw.Sigsys 1.6,compare,93.71,±7.84,95.49,94.29,-1.29,1,2026-09-30 12:32:54,32.51,19.26
319,,nz.jdc.micro.HedgehogP 1.2,compare,74.94,±7.84,81.67,82.86,3.64,1,2026-09-30 12:07:50,65.93,69.31
320,,nz.jdc.nano.NeophytePattern 1.1,compare,82.09,±7.84,83.38,94.29,8.91,1,2026-09-30 13:06:47,65.21,67.26
321,,nz.jdc.nano.PralDeGuerre 1.2,compare,71.01,±7.84,80.87,77.14,-2.86,1,2026-09-30 12:50:00,65.03,62.42
322,,nzeemin.Izh 0.5,compare,98.25,±7.84,98.44,97.14,1.03,1,2026-09-30 12:43:41,30.98,23.81
323,,oa.weak.BotherBot 0.1,compare,90.70,±5.64,95.97,84.29,-1.25,2,2026-09-30 14:01:24,27.55,20.65
324,,oa.weak.FlyMk1 0.1,compare,92.83,±7.84,93.38,88.57,-4.66,1,2026-09-30 12:37:03,24.88,17.15
325,,ola.Puffin 1.0,compare,98.98,±7.84,99.21,100.00,0.90,1,2026-09-30 11:33:56,25.90,21.84
326,,omens.CannonfodderMicro 1.4,compare,95.82,±7.84,96.97,94.29,2.05,1,2026-09-30 11:50:58,43.13,39.72
327,,oog.PricklyPear 1.0.6,compare,66.26,±7.84,75.68,74.29,3.64,1,2026-09-30 12:02:55,77.76,84.74
328,,oog.melee.Capulet 1.2,compare,79.48,±7.84,-1.00,74.29,0.00,1,2026-09-30 14:08:54,51.49,54.97
329,,oog.micro.Claudius 1.11,compare,77.87,±7.84,81.52,94.29,13.40,1,2026-09-30 11:34:44,71.96,76.04
330,,oog.mini.AlphaDragon 0.1,compare,68.97,±7.84,69.33,74.29,3.89,1,2026-09-30 12:32:01,70.03,75.65
331,,oog.nano.MagicD2 2.4,compare,82.44,±7.84,86.16,80.00,-5.68,1,2026-09-30 11:56:17,47.29,43.72
332,,oog.nano.SavantVS 1.1,compare,95.49,±7.84,96.18,97.14,0.77,1,2026-09-30 11:51:55,49.63,44.20
333,,ouroboros.Dragon 0.0.3,compare,85.72,±7.84,87.01,97.14,24.54,1,2026-09-30 12:27:04,81.61,89.07
334,,pa3k.Quark 1.02,compare,70.92,±7.84,-1.00,57.14,0.00,1,2026-09-30 14:00:51,53.21,58.42
335,,pac.ABC 2.1,compare,87.34,±7.84,-1.00,71.43,0.00,1,2026-09-30 13:53:43,19.08,16.02
336,,panzer.Panzer 0.2,compare,87.29,±7.84,88.33,88.57,-3.09,1,2026-09-30 12:33:44,41.17,28.71
337,,paolord.TheHulk 1.0,compare,100.00,±7.84,100.00,100.00,0.66,1,2026-09-30 11:50:16,35.46,32.45
338,,patson.PatsonTestBot 1.0,compare,94.80,±7.84,98.00,100.00,2.97,1,2026-09-30 11:40:11,37.37,30.37
339,,pb.Oscillator 1.0,compare,93.52,±7.84,94.10,97.14,-3.57,1,2026-09-30 13:14:58,18.65,11.39
340,,pbg.NinjaX 1.2,compare,100.00,±7.84,100.00,100.00,0.66,1,2026-09-30 11:36:18,21.31,18.22
341,,penguin.Joker .611wr,compare,66.90,±7.84,72.76,71.43,4.31,1,2026-09-30 13:26:29,69.65,73.47
342,,pez.gloom.GloomyDark 0.9.2,compare,65.47,±7.84,65.73,71.43,-3.35,1,2026-09-30 12:55:19,66.86,72.52
343,,pez.micro.Aristocles 0.3.9,compare,71.55,±7.84,74.18,80.00,6.18,1,2026-09-30 13:21:35,68.91,76.17
344,,pez.mini.ChironexFleckeri 0.5,compare,75.16,±7.84,-1.00,71.43,0.00,1,2026-09-30 14:24:39,65.50,66.39
345,,pez.mini.Gouldingi 1.5,compare,80.95,±7.84,-1.00,77.14,0.00,1,2026-09-30 13:50:20,56.18,54.20
346,,pez.nano.LittleEvilBrother 0.1,compare,98.67,±7.84,98.77,100.00,2.02,1,2026-09-30 11:28:25,41.81,34.02
347,,ph.musketeer.Musketeer 0.6,compare,62.96,±7.84,-1.00,77.14,0.00,1,2026-09-30 14:30:20,68.23,76.50
348,,pkbots.BoyTDSurfer 1.0,compare,70.61,±7.84,70.61,77.14,12.41,1,2026-09-30 12:33:18,72.54,78.06
349,,pl.robocode.Pacyfista 1.0,compare,98.76,±7.84,98.81,97.14,-0.00,1,2026-09-30 11:55:21,38.55,39.28
350,,pmc.SniperBot 1.0,compare,84.70,±7.84,85.91,97.14,-4.79,1,2026-09-30 12:24:05,41.46,25.88
351,,positive.Portia 1.26e,compare,70.87,±7.84,86.57,85.71,20.93,1,2026-09-30 11:44:24,81.59,89.84
352,,projectx.ProjectNano 2.0,compare,87.68,±7.84,88.00,85.71,-5.35,1,2026-09-30 12:20:06,40.26,34.90
353,,projectx.TestNano 1.0,compare,93.50,±7.84,-1.00,100.00,0.00,1,2026-09-30 14:36:51,30.34,17.19
354,,qualidafial.MajorDick 1.0.1,compare,92.11,±7.84,92.21,82.86,-5.90,1,2026-09-30 12:50:18,28.46,24.16
355,,quietus.Invader 0.1,compare,95.87,±7.84,95.87,88.57,-4.06,1,2026-09-30 13:05:30,13.88,17.95
356,,qwaker00.Ahchoo 1.6,compare,82.97,±7.84,83.78,88.57,2.94,1,2026-09-30 13:29:20,58.91,67.21
357,,racso.Crono 1.0,compare,87.17,±7.84,88.16,97.14,1.15,1,2026-09-30 11:23:55,45.63,41.91
358,,racso.Frog 0.9,compare,83.41,±7.84,84.04,88.57,-3.75,1,2026-09-30 12:12:35,44.77,46.03
359,,rampancy.Durandal 2.2d,compare,66.96,±7.84,-1.00,65.71,0.00,1,2026-09-30 14:19:15,67.94,71.44
360,,rampancy.micro.Epiphron 1.0,compare,94.91,±7.84,95.02,88.57,-2.94,1,2026-09-30 12:28:14,33.18,32.64
361,,rapture.Rapture 2.13,compare,92.16,±7.84,92.53,85.71,-3.99,1,2026-09-30 12:30:59,47.37,51.84
362,,ratosh.Wesco 1.4,compare,91.32,±7.84,91.75,88.57,-4.66,1,2026-09-30 13:11:54,46.63,43.03
363,,rc.yoda.Yoda 1.0.6c.fix,compare,65.32,±7.84,66.83,65.71,-1.03,1,2026-09-30 12:50:40,74.47,81.90
364,,rcb.Vanessa03 0,compare,69.07,±7.84,71.38,77.14,-1.25,1,2026-09-30 13:34:45,63.62,65.29
365,,rcp.Kuramatron 1.0,compare,77.71,±7.84,83.41,100.00,-1.63,1,2026-09-30 11:34:24,48.80,36.18
366,,rdm.Dueler 0.4x,compare,72.87,±7.84,74.60,65.71,-9.67,1,2026-09-30 13:36:15,62.45,64.63
367,,rdm.WallRider 0.5c,compare,87.69,±7.84,-1.00,82.86,0.00,1,2026-09-30 13:51:37,40.77,35.09
368,,rdt199.Warlord 0.73,compare,76.22,±7.84,-1.00,77.14,0.00,1,2026-09-30 13:57:00,57.86,59.51
369,,reeder.caden.Grover 1.0,compare,97.59,±7.84,97.66,94.29,-1.84,1,2026-09-30 13:00:00,16.07,10.16
370,,repositorio.NanoStep 1.0,compare,94.95,±7.84,95.24,88.57,-3.06,1,2026-09-30 12:58:03,36.97,33.78
371,,rfj.Sunburn 1.1,compare,88.89,±7.84,92.99,88.57,1.80,1,2026-09-30 13:10:10,44.53,44.51
372,,rh.abs.Xwing 2.1,compare,67.71,±7.84,71.05,71.43,5.02,1,2026-09-30 13:23:55,73.08,80.66
373,,rjw.RabidWombat 0.71,compare,92.81,±7.84,93.91,94.29,0.54,1,2026-09-30 12:47:36,48.20,46.42
374,,rnatest.MendelBot 1.0,compare,95.29,±7.84,96.41,94.29,-1.23,1,2026-09-30 12:15:43,16.60,6.62
375,,robar.haiku.Spike 1.0,compare,81.57,±7.84,83.47,74.29,-11.80,1,2026-09-30 13:40:27,38.40,30.72
376,,robar.micro.Gladius 1.15,compare,77.71,±7.84,77.71,82.86,1.53,1,2026-09-30 13:19:32,65.64,66.94
377,,robar.nano.Breeze 0.3,compare,92.75,±7.84,100.00,100.00,7.10,1,2026-09-30 11:28:33,47.87,41.75
378,,robar.nano.Pugio 1.49,compare,73.45,±7.84,-1.00,80.00,0.00,1,2026-09-30 14:11:49,61.65,61.98
379,,robin.ScalpBotC 1.0,compare,95.94,±7.84,97.23,100.00,0.53,1,2026-09-30 11:41:32,28.43,18.91
380,,robots.Lucky 1.2,compare,97.84,±7.84,99.19,100.00,1.92,1,2026-09-30 13:12:30,33.32,31.60
381,,romz.robot.circular.WildRabbit 0.9.6,compare,91.01,±7.84,92.51,97.14,-1.00,1,2026-09-30 13:14:39,46.45,43.74
382,,rsalesc.mega.Knight 0.6.28,compare,46.66,±7.84,57.33,34.29,12.36,1,2026-09-30 13:25:19,87.71,96.27
383,,rsalesc.roborio.Roborio 1.2.4,compare,59.99,±7.84,-1.00,54.29,0.00,1,2026-09-30 13:56:26,85.34,94.01
384,,rsim.micro.uCatcher 0.1,compare,100.00,±7.84,100.00,100.00,6.29,1,2026-09-30 12:08:27,28.83,33.93
385,,rtk.Tachikoma 1.0,compare,75.99,±7.84,77.18,88.57,0.25,1,2026-09-30 11:42:40,57.72,59.06
386,,ruc.nano.Zealot 0.2,compare,88.00,±7.84,89.91,80.00,-6.39,1,2026-09-30 12:43:15,43.89,37.33
387,,ry.Worst 1.0,compare,100.00,±7.84,100.00,100.00,0.08,1,2026-09-30 12:39:18,0.59,1.38
388,,rz.Apollon 0.23,compare,60.89,±7.84,61.35,65.71,-8.61,1,2026-09-30 12:45:36,76.60,81.41
389,,rz.Artist 0.2,compare,79.30,±7.84,82.46,91.43,3.48,1,2026-09-30 11:37:09,64.74,63.68
390,,sadoner.killer 0.2,compare,87.54,±7.84,92.76,88.57,2.23,1,2026-09-30 11:48:58,48.39,44.85
391,,sam.Samspin 1.0,compare,75.84,±7.84,76.13,62.86,-22.15,1,2026-09-30 13:45:51,33.27,23.50
392,,sample.Fire 1.0,compare,96.88,±7.84,-1.00,91.43,0.00,1,2026-09-30 14:22:37,8.30,5.15
393,,sample.Target 1.0,compare,83.43,±7.84,-1.00,62.86,0.00,1,2026-09-30 14:16:38,2.33,2.71
394,,sanja.First 0.1,compare,96.35,±7.84,96.74,97.14,-2.11,1,2026-09-30 12:37:58,18.04,10.70
395,,satan.R0 0.2,compare,86.98,±7.84,94.52,88.57,1.67,1,2026-09-30 13:06:15,44.19,35.52
396,,sch.Simone 0.3d,compare,96.22,±7.84,96.86,97.14,0.03,1,2026-09-30 11:49:10,44.99,47.85
397,,scheronimus.AntiRebel 1.1,compare,85.48,±7.84,85.59,91.43,-4.94,1,2026-09-30 12:59:00,59.62,60.69
398,,scheronimus.ScheroBot 2.3,compare,93.28,±7.84,-1.00,91.43,0.00,1,2026-09-30 14:22:55,46.59,46.55
399,,serenity.moonlightBat 1.17,compare,92.04,±7.84,92.76,88.57,0.10,1,2026-09-30 13:05:45,52.91,63.55
400,,serenity.nonSense 1.39,compare,75.86,±7.84,77.80,80.00,-5.96,1,2026-09-30 13:44:50,57.86,59.15
401,,sgp.JollyNinja 3.53,compare,72.95,±7.84,78.02,65.71,-7.35,1,2026-09-30 13:26:04,51.53,55.63
402,,sgp.MadHatter 4.13,compare,93.49,±7.84,95.12,100.00,0.55,1,2026-09-30 12:12:56,49.26,50.63
403,,sheldor.melee.nano.TestMelee 0.1,compare,85.50,±7.84,-1.00,80.00,0.00,1,2026-09-30 14:05:55,42.65,35.30
404,,sheldor.micro.Continuation 1.1,compare,65.99,±7.84,76.09,77.14,13.66,1,2026-09-30 11:33:21,77.58,84.21
405,,sheldor.micro.Epeeist 3.7,compare,67.05,±7.84,-1.00,74.29,0.00,1,2026-09-30 14:15:14,76.99,83.33
406,,sheldor.micro.EpeeistDC 3.0,compare,64.97,±7.84,68.69,77.14,8.37,1,2026-09-30 12:36:20,76.50,82.48
407,,sheldor.mini.FoilistMC 1.0,compare,76.22,±7.84,85.93,85.71,19.66,1,2026-09-30 13:09:03,82.70,88.42
408,,sheldor.nano.FoilistNano 3.2,compare,65.64,±7.84,67.90,62.86,-1.73,1,2026-09-30 13:47:18,64.00,69.90
409,,sheldor.nano.PointInLine 1.0,compare,69.77,±7.84,-1.00,77.14,0.00,1,2026-09-30 14:32:31,50.55,40.49
410,,sheldor.nano.SabreuseNano 1.1,compare,54.61,±7.84,61.70,71.43,-14.07,1,2026-09-30 12:52:00,63.41,60.52
411,,shu.nitro.LENIN .T34,compare,84.67,±7.84,90.59,85.71,0.71,1,2026-09-30 13:29:37,51.54,54.69
412,,sigterm.Sigterm 1.0,compare,81.71,±7.84,85.51,82.86,-6.43,1,2026-09-30 13:32:16,43.66,41.59
413,,simonton.mega.SniperFrog 1.0.fix2,compare,62.67,±7.84,62.69,65.71,6.54,1,2026-09-30 12:37:46,80.61,86.77
414,,simonton.micro.GFMicro 1.0,compare,82.98,±7.84,83.81,91.43,10.40,1,2026-09-30 12:27:42,70.98,75.19
415,,simonton.mini.WeeksOnEnd 1.10.4,compare,62.07,±7.84,62.58,74.29,12.71,1,2026-09-30 12:55:05,81.59,87.22
416,,slugzilla.Basilisk 3.9,compare,64.79,±7.84,70.76,68.57,8.48,1,2026-09-30 13:40:10,78.13,83.97
417,,slugzilla.Basilite 0.13,compare,68.04,±7.84,-1.00,74.29,0.00,1,2026-09-30 14:34:12,74.57,81.62
418,,slugzilla.OrbitLinear 1.1,compare,91.40,±7.84,-1.00,85.71,0.00,1,2026-09-30 14:15:49,41.21,35.11
419,,slugzilla.OscillateGF 1.0,compare,90.68,±7.84,90.77,91.43,-3.10,1,2026-09-30 13:10:51,48.41,45.40
420,,slugzilla.OscillatePattern 1.0,compare,84.86,±4.94,86.52,81.43,-5.06,2,2026-09-30 13:58:26,48.79,44.42
421,,slugzilla.Parallax 0.1,compare,81.44,±7.84,81.96,88.57,3.11,1,2026-09-30 11:54:34,55.71,56.74
422,,slugzilla.RandomGF 1.0,compare,71.68,±7.84,71.68,77.14,-5.21,1,2026-09-30 12:21:13,66.10,69.07
423,,slugzilla.RandomLinear 1.0,compare,96.16,±7.84,96.16,97.14,0.88,1,2026-09-30 11:50:09,49.33,46.33
424,,slugzilla.RandomPattern 1.0,compare,71.62,±7.84,71.70,82.86,5.60,1,2026-09-30 13:04:29,66.39,68.58
425,,slugzilla.SNGLinear 1.0,compare,94.51,±7.84,94.55,88.57,-3.64,1,2026-09-30 13:27:16,43.83,40.65
426,,sm.Devil 7.3,compare,79.85,±7.84,80.25,80.00,4.69,1,2026-09-30 12:57:35,50.76,53.67
427,,sng.arco.Arco 0.0,compare,87.14,±7.84,87.22,77.14,-11.34,1,2026-09-30 13:23:03,35.42,31.56
428,,snowman.Snowman 1.0,compare,88.23,±7.84,-1.00,71.43,0.00,1,2026-09-30 14:31:31,10.01,7.26
429,,sos.SOS 1.0,compare,86.86,±7.84,89.77,91.43,3.64,1,2026-09-30 12:29:43,65.21,72.03
430,,sp.AstherNano 1.0,compare,98.69,±7.84,99.41,100.00,0.74,1,2026-09-30 11:37:01,29.23,28.55
431,,spinnercat.CopyKat 1.2.3,compare,72.85,±7.84,73.30,82.86,-1.15,1,2026-09-30 13:11:18,57.20,50.40
432,,spinnercat.Robovirus 2.718,compare,78.26,±7.84,79.73,82.86,-0.50,1,2026-09-30 13:19:47,63.88,64.35
433,,sqTank.waveSurfing.LionWWSVMvoid 0.01,compare,95.34,±7.84,95.41,91.43,-2.63,1,2026-09-30 12:35:09,60.95,69.96
434,,stelo.Chord 1.0,compare,83.84,±7.84,86.09,97.14,12.75,1,2026-09-30 11:42:24,73.93,79.67
435,,stelo.FretNano 1.1,compare,82.71,±7.84,-1.00,77.14,0.00,1,2026-09-30 14:26:00,45.43,37.05
436,,stelo.Liblix 0.3.1,compare,54.06,±7.84,-1.00,54.29,0.00,1,2026-09-30 13:51:08,74.34,82.60
437,,stelo.MatchupAGF 1.1,compare,73.33,±7.84,84.61,85.71,15.01,1,2026-09-30 12:51:30,68.09,74.91
438,,stelo.MatchupMini 1.1,compare,74.23,±7.84,83.97,88.57,14.75,1,2026-09-30 11:47:01,64.66,70.56
439,,stelo.MirrorMicro 1.1,compare,65.82,±7.84,-1.00,71.43,0.00,1,2026-09-30 14:30:59,50.56,43.47
440,,stelo.MirrorNano 1.4,compare,78.34,±7.84,79.60,85.71,-6.21,1,2026-09-30 12:46:39,42.90,30.90
441,,stelo.RamTrackSurfer 1.2,compare,85.10,±7.84,87.53,97.14,11.42,1,2026-09-30 11:40:33,61.28,65.73
442,,stelo.UnfoolableNano 1.0,compare,82.40,±7.84,83.03,88.57,1.45,1,2026-09-30 12:53:41,46.87,38.37
443,,stelo.UntouchableNano 1.4,compare,79.97,±7.84,79.97,80.00,-5.41,1,2026-09-30 12:49:21,51.60,47.37
444,,step.nanoPri 1.0,compare,69.84,±7.84,76.81,91.43,-6.34,1,2026-09-30 12:15:15,47.98,34.51
445,,stranger.nano.TestBot 1.0,compare,82.61,±7.84,-1.00,77.14,0.00,1,2026-09-30 14:28:12,42.17,32.44
446,,strider.Mer 1.1.0,compare,91.92,±7.84,95.89,91.43,-0.91,1,2026-09-30 12:35:20,45.39,41.12
447,,suh.mega.WaveSurferGF 1.04,compare,79.13,±7.84,81.21,85.71,7.28,1,2026-09-30 12:18:10,68.00,75.50
448,,suh.micro.MirrorPM 1.00,compare,65.27,±7.84,68.21,71.43,2.92,1,2026-09-30 13:46:46,60.40,63.30
449,,suh.micro.WallPM 1.00,compare,86.73,±7.84,95.17,91.43,7.46,1,2026-09-30 13:10:27,49.60,44.52
450,,suh.nano.AngularMirrorC 1.00,compare,94.33,±7.84,95.09,94.29,0.97,1,2026-09-30 12:47:48,39.21,35.37
451,,suh.nano.AntiGravityL 1.01,compare,95.28,±7.84,95.28,91.43,-2.84,1,2026-09-30 12:21:37,43.43,41.42
452,,suh.nano.CornerRL 1.00,compare,92.37,±7.84,94.92,100.00,-0.61,1,2026-09-30 11:26:56,40.33,33.44
453,,suh.nano.MirrorH 1.01,compare,98.88,±7.84,98.88,97.14,-0.14,1,2026-09-30 12:15:53,37.17,36.16
454,,suh.nano.RandomPM 1.02,compare,77.50,±7.84,78.53,85.71,6.96,1,2026-09-30 12:25:01,58.57,56.33
455,,suh.nano.StopAndGoL 1.01,compare,94.82,±3.59,94.87,89.52,-3.54,3,2026-09-30 12:56:29,43.27,41.89
456,,suh.nano.TargetH 1.00,compare,99.71,±7.84,99.71,100.00,0.34,1,2026-09-30 11:34:52,18.99,11.64
457,,sul.BlueBot 1.0,compare,80.67,±7.84,-1.00,62.86,0.00,1,2026-09-30 14:06:58,39.98,37.27
458,,supersample.SuperCorners 1.0,compare,90.78,±7.84,92.69,94.29,-0.96,1,2026-09-30 12:26:39,44.29,38.64
459,,supersample.SuperSpinBot 1.0,compare,87.48,±7.84,88.97,85.71,-3.00,1,2026-09-30 11:51:26,42.67,35.59
460,,supersample.SuperTrackFire 1.0,compare,87.48,±7.84,89.66,80.00,-6.52,1,2026-09-30 13:45:38,34.70,21.16
461,,supersample.SuperWalls 1.0,compare,89.50,±7.84,90.17,85.71,-5.73,1,2026-09-30 12:37:30,37.95,29.68
462,,synapse.Geomancy 15,compare,72.56,±7.84,89.99,82.86,13.59,1,2026-09-30 11:37:19,76.08,82.06
463,,synapse.rsim.GeomancyBS 0.11,compare,67.47,±7.84,68.97,74.29,16.60,1,2026-09-30 13:34:29,78.77,85.94
464,,takeBot.SpinSpiral 1.2,compare,94.19,±7.84,94.79,97.14,-1.41,1,2026-09-30 12:45:46,46.29,46.53
465,,tango.Recrimpo 2.51,compare,87.34,±7.84,88.46,94.29,0.43,1,2026-09-30 12:59:24,48.18,42.16
466,,test.Podgy 4.0,compare,82.97,±7.84,89.17,91.43,-1.57,1,2026-09-30 12:16:31,31.44,20.89
467,,theo.simple.Bones 1.0,compare,75.22,±7.84,77.76,82.86,10.29,1,2026-09-30 11:49:41,68.53,77.14
468,,theo.simple.Lucid 1.0,compare,67.89,±7.84,70.18,77.14,12.13,1,2026-09-30 12:57:52,69.94,78.17
469,,throxbot.ThroxBot 0.1,compare,90.11,±7.84,91.12,94.29,-1.43,1,2026-09-30 13:05:07,42.68,38.49
470,,tide.pear.Pear 0.62.1,compare,58.32,±7.84,58.70,65.71,8.97,1,2026-09-30 13:07:35,82.24,88.55
471,,timmit.TimmiT 0.22,compare,87.77,±7.84,88.05,91.43,-0.20,1,2026-09-30 12:47:09,53.25,51.11
472,,timmit.micro.TimXJ 0.22,compare,77.16,±7.84,84.50,88.57,1.11,1,2026-09-30 12:13:24,58.66,55.80
473,,tkt.RedShift 1.1.CS.0,compare,89.51,±7.84,89.68,77.14,-5.18,1,2026-09-30 13:44:17,52.29,52.91
474,,tobe.Relativity 3.9,compare,80.63,±7.84,-1.00,74.29,0.00,1,2026-09-30 14:35:40,51.64,49.45
475,,tobe.calypso.Calypso 4.1,compare,74.99,±7.84,77.77,71.43,-7.44,1,2026-09-30 13:36:28,41.36,28.96
476,,tornyil.bottomup.BottomUp 1.05,compare,78.36,±7.84,90.73,97.14,10.55,1,2026-09-30 11:33:34,60.40,62.64
477,,trab.Crusader 0.1.7,compare,66.09,±7.84,66.16,77.14,8.21,1,2026-09-30 12:34:33,77.59,84.49
478,,traker.Eraser 1,compare,97.78,±7.84,97.81,97.14,1.07,1,2026-09-30 12:44:20,53.60,62.13
479,,trm.Wrekt 1.1.6.f,compare,67.36,±7.84,68.09,68.57,6.41,1,2026-09-30 13:36:53,74.75,82.47
480,,tvv.micro.Antares 1.1.1,compare,96.26,±7.84,96.64,94.29,-0.06,1,2026-09-30 13:45:23,49.03,50.29
481,,tw.Exterminator 1.0,compare,74.48,±7.84,77.29,62.86,-0.49,1,2026-09-30 11:26:23,61.86,76.67
482,,tzu.TheArtOfWar 1.2,compare,82.84,±7.84,-1.00,80.00,0.00,1,2026-09-30 13:54:35,58.62,60.76
483,,uccc.RingDing 1.12,compare,93.45,±7.84,93.59,85.71,-5.35,1,2026-09-30 13:31:02,34.36,31.62
484,,uccc.Scrapple 1.0,compare,100.00,±7.84,100.00,100.00,0.56,1,2026-09-30 12:20:44,2.21,1.27
485,,ultra.Defender 1.2,compare,74.82,±7.84,-1.00,71.43,0.00,1,2026-09-30 14:07:27,56.78,60.63
486,,unarmedlad.nano.VirginSteele 2.2,compare,68.79,±7.84,69.24,62.86,-14.62,1,2026-09-30 12:56:19,53.37,53.65
487,,velas.Alpha 1.0,compare,90.22,±7.84,-1.00,82.86,0.00,1,2026-09-30 14:10:01,23.56,13.83
488,,vft.Hrist 1.0,compare,83.45,±7.84,87.71,88.57,-6.95,1,2026-09-30 13:48:08,34.65,22.87
489,,vjik.UnViolation 1.1,compare,91.28,±7.84,93.77,100.00,-1.35,1,2026-09-30 11:32:41,41.93,39.69
490,,voidious.Diamond 1.8.22,compare,38.85,±7.84,48.35,34.29,12.69,1,2026-09-30 11:28:20,90.23,97.47
491,,voidious.mini.Komarious 1.88,compare,77.34,±7.84,78.30,91.43,18.30,1,2026-09-30 11:48:22,81.44,87.36
492,,wcsv.Stampede2.Stampede2 1.1.0,compare,67.94,±7.84,80.56,74.29,1.57,1,2026-09-30 12:48:55,74.71,80.29
493,,wcsv.mega.PowerHouse2 0.2,compare,71.20,±7.84,72.19,74.29,15.89,1,2026-09-30 12:04:19,80.02,85.47
494,,whind.Constitution 0.7.1,compare,87.11,±7.84,90.59,97.14,6.21,1,2026-09-30 11:36:48,54.82,55.52
495,,whind.StrengthBee 0.6.4,compare,70.06,±7.84,85.97,82.86,11.84,1,2026-09-30 11:45:04,73.39,81.60
496,,wiki.mako.MakoHT 1.2.2.1,compare,76.19,±7.84,-1.00,71.43,0.00,1,2026-09-30 13:52:39,54.08,53.17
497,,wiki.nano.RaikoNano 1.1,compare,78.86,±7.84,82.48,94.29,3.11,1,2026-09-30 11:55:50,56.11,51.78
498,,wit.Chuliath 1.0,compare,97.64,±7.84,98.00,100.00,1.61,1,2026-09-30 11:33:08,39.82,37.92
499,,wit.Deep7 2.0,compare,90.23,±7.84,90.31,77.14,-8.89,1,2026-09-30 13:22:03,22.16,24.74
500,,wompi.Numbat 1.9,compare,81.90,±7.84,82.45,88.57,6.50,1,2026-09-30 12:12:09,65.55,72.02
501,,xiongan.Xiongan 1.1,compare,87.08,±7.84,-1.00,80.00,0.00,1,2026-09-30 14:13:12,29.88,25.50
502,,yk.JahMicro 1.0,compare,95.19,±7.84,96.33,100.00,1.03,1,2026-09-30 11:41:00,31.19,24.69
503,,zch.David 0.21,compare,82.36,±7.84,-1.00,88.57,0.00,1,2026-09-30 14:18:24,21.68,9.48
504,,zch.Hirkan 0.11,compare,93.55,±7.84,93.82,91.43,-4.12,1,2026-09-30 13:29:01,28.12,22.68
505,,zen.Mirage 0.9.5,compare,61.55,±7.84,71.96,62.86,17.09,1,2026-09-30 13:35:45,83.72,94.02
506,,zen.Ronin 1.0.0,compare,70.12,±7.84,83.14,82.86,21.44,1,2026-09-30 12:56:08,81.88,90.32
507,,zeze2.OperatorZeze 1.05,compare,77.22,±7.84,80.48,74.29,-2.64,1,2026-09-30 12:02:28,46.61,46.64
508,,zh.UnderDog 0.0.2,compare,95.21,±7.84,95.25,88.57,-4.33,1,2026-09-30 12:28:49,16.97,18.65
509,,zignd.ZigIndexOutOfRange 1.1,compare,94.43,±7.84,94.43,85.71,-4.76,1,2026-09-30 12:48:23,15.95,8.66
510,,zyx.nano.Ant 1.1,compare,97.99,±7.84,98.30,97.14,0.57,1,2026-09-30 13:13:27,36.20,28.80
511,,zyx.nano.EscherichiaColi 1.0,compare,83.94,±7.84,-1.00,82.86,0.00,1,2026-09-30 14:29:03,33.65,18.05
512,,zyx.nano.RedBull 1.0,compare,73.27,±7.84,73.67,88.57,-17.42,1,2026-09-30 13:27:33,40.45,25.73
