index,flag,name,a_aps,a_survival,b_aps,b_survival,aps_diff,survival_diff,opponent_aps,opponent_survival
1,,AD.CodaFirst 1.1,99.46,99.71,99.10,100.00,0.36,-0.29,23.58,17.18
2,,AIR.iRobot 1.0,83.16,96.13,77.27,91.43,5.89,4.70,65.27,66.54
3,,And.BasicSurfer FF1.6,99.40,100.00,98.59,100.00,0.81,0.00,56.92,61.14
4,,ArchAlpha.ArchimedesAlpha 1.0,100.00,100.00,100.00,100.00,-0.00,-0.00,2.55,2.84
5,,CharlieN.Omega.Omega 1.03,86.06,98.19,71.77,85.71,14.30,12.48,57.27,57.32
6,,DM.Capriite 3.7.2,99.22,100.00,98.83,100.00,0.39,-0.00,33.98,29.60
7,,DM.Chicken 4.0,99.11,100.00,99.18,100.00,-0.08,-0.00,35.39,33.11
8,,DM.Mijit .3,89.94,99.80,90.59,100.00,-0.64,-0.20,56.79,54.21
9,,DM.mega.Bezier 1.618fprrr,75.82,89.19,75.04,91.43,0.78,-2.24,78.24,86.61
10,,DM.mega.Regicide 2.0rrr,75.87,90.20,61.01,70.48,14.86,19.73,80.54,88.50
11,,DTF.Kludgy 1.2b,77.32,87.78,76.84,84.29,0.48,3.50,61.42,68.47
12,,EBBU.Sim2 1.02,97.79,100.00,92.03,100.00,5.76,-0.00,31.65,21.94
13,,EE.LittleBig 1.0,86.84,98.99,90.00,100.00,-3.16,-1.01,47.85,41.49
14,,EFD.AdvancedEFD 0.4.5a,65.84,75.09,65.70,71.43,0.15,3.66,77.63,85.42
15,,EH.Fusion 0.32,77.76,99.01,80.09,100.00,-2.32,-0.99,46.84,33.96
16,,EH.Pegasus 0.113,93.77,99.24,95.10,100.00,-1.33,-0.76,39.07,33.51
17,,EH.kms.LightningStorm 0.11B,77.72,93.57,74.72,88.57,3.00,5.00,61.97,63.38
18,,EH.mini.Panther 0.2,99.50,99.71,97.34,97.14,2.16,2.57,52.54,60.64
19,,EH.nano.NightBird M,98.30,99.64,98.07,100.00,0.23,-0.36,38.02,31.94
20,,Ex.Survival 3.7,98.23,100.00,96.73,98.57,1.50,1.43,43.77,38.71
21,,FatalFlaw.FatalFlaw 1.0.5,95.87,99.90,94.84,100.00,1.03,-0.10,25.45,18.15
22,,Fenix.FenixTrack 1.0,98.62,99.92,97.59,100.00,1.03,-0.08,32.83,20.05
23,,GarmBox.Anger 1.0,93.00,100.00,93.60,100.00,-0.60,0.00,27.18,16.28
24,,GarmBox.Oranges 1.0.1,93.93,99.39,88.56,96.19,5.37,3.20,44.32,37.18
25,,Gecko.ultimateGeckoBot 1.0,98.49,99.52,98.41,100.00,0.08,-0.48,45.27,43.74
26,,Grystrion.RandomTrackerNOREV 1.0,95.21,100.00,95.01,100.00,0.20,-0.00,31.68,22.80
27,,Grystrion.TrackerWO 1.0,96.34,99.90,91.96,100.00,4.38,-0.10,30.49,21.19
28,,Heal.TekitokaBot 1.0,98.51,100.00,96.71,100.00,1.81,-0.00,26.42,15.89
29,,ICS4U1.Patrick_White_Schrodinger 1.1,96.40,100.00,95.13,100.00,1.26,-0.00,36.73,32.85
30,,KiraNL.Cataris 1.0,78.49,93.36,74.27,87.14,4.22,6.22,58.04,55.77
31,,KiraNL.ChupaLite 0.4,78.97,94.48,77.29,91.43,1.68,3.05,60.13,62.36
32,,KiraNL.Chupacabra 0.5,78.14,93.52,81.99,100.00,-3.85,-6.48,64.35,67.76
33,,KiraNL.SpaceKees 0.1,90.65,99.80,90.47,100.00,0.18,-0.20,48.01,47.85
34,,Krabb.fe4r.Fe4r 0.4,92.50,99.24,89.69,97.14,2.81,2.10,54.68,52.76
35,,Krabb.krabby.Krabby 1.18b,84.66,97.04,74.82,88.57,9.84,8.47,61.71,61.69
36,,Krabb.sliNk.Garm 0.9u,70.18,84.00,70.09,88.57,0.08,-4.57,83.60,89.84
37,,Legend.Biogon 1.5,98.50,99.71,98.37,100.00,0.12,-0.29,49.21,49.49
38,,Legend.BoulderZY 1.4.9,97.50,99.81,97.27,100.00,0.23,-0.19,44.73,44.65
39,,Legend.Qetro 1.6,98.84,99.90,94.05,97.14,4.80,2.76,42.40,35.68
40,,Legend.X_FireFly 1.3,95.49,100.00,95.59,100.00,-0.10,0.00,51.07,51.73
41,,Lo_Ian.Gandalf_V4 4.0,99.24,100.00,98.55,100.00,0.69,-0.00,38.89,35.42
42,,McS.Spanky_test 0.1a,99.91,99.91,99.93,100.00,-0.02,-0.09,12.04,11.67
43,,NDH.GuessFactor 1.0,84.84,98.72,83.76,95.71,1.08,3.00,41.98,29.74
44,,NG.LegatusLegionis 1.2,95.60,99.74,97.59,100.00,-1.99,-0.26,35.24,27.42
45,,Noran.BitchingElk 0.054,95.30,95.96,91.59,88.57,3.71,7.39,35.04,50.19
46,,Noran.RandomTargeting 0.02,99.88,100.00,99.38,100.00,0.50,-0.00,28.57,34.15
47,,PK.Twardy 0.4.2,98.89,99.90,97.89,100.00,1.00,-0.10,38.06,34.02
48,,PSW.Relentless 0.1,98.44,100.00,98.08,100.00,0.36,-0.00,25.95,13.95
49,,PkKillers.PkAssassin 1.0,89.65,98.52,90.89,100.00,-1.24,-1.48,54.43,51.36
50,,Polkwane.Intensive 1.0,82.79,96.85,80.03,94.29,2.76,2.56,64.43,69.71
51,,Polkwane.Piyane 0.7b,91.12,97.54,85.89,96.19,5.22,1.35,58.45,55.57
52,,Queens_teamrobot.UltraRazor 1.0,99.37,100.00,99.28,100.00,0.09,-0.00,28.07,30.02
53,,RobotMarco.MarcoV 0.1,99.88,100.00,100.00,100.00,-0.12,-0.00,11.35,7.11
54,,SFS.SamsSecondRobot 1.0,98.79,100.00,99.19,100.00,-0.40,-0.00,13.63,6.25
55,,SHAM.WOW 1.4,79.75,89.71,84.36,97.14,-4.61,-7.43,65.53,72.63
56,,SK.SimpleKiller 1.0,97.33,100.00,97.89,100.00,-0.56,-0.00,18.14,10.65
57,,SuperSample.SuperCrazy 1.0,90.91,99.31,89.86,97.14,1.05,2.17,46.20,42.64
58,,TCMI.Enyo 0.4,98.02,100.00,93.74,98.57,4.29,1.43,66.62,70.49
59,,TCMI.nano.Copper 0.2,98.59,100.00,96.62,100.00,1.97,-0.00,32.54,21.11
60,,TJ.Exupery 1.39,80.27,87.09,80.72,89.29,-0.45,-2.19,64.60,70.01
61,,WarfaJibril.Jibril_Warfa_Andromeda 1.11,91.54,99.29,85.79,97.14,5.74,2.14,42.82,35.96
62,,WdV.Lesserbee 0.01,95.48,100.00,96.25,100.00,-0.77,-0.00,19.79,11.49
63,,WidowMakersAtWar.EpicCow 1.0,99.60,99.90,99.05,100.00,0.55,-0.10,37.94,29.82
64,,aaa.r.ScalarR 0.005h.053-noshield,31.79,16.97,32.40,25.71,-0.60,-8.74,91.26,97.76
65,,ab.DengerousRoBatra 1.3,83.02,96.10,72.47,88.57,10.54,7.52,71.46,77.30
66,,abc.Shadow 3.83c,52.29,63.19,60.73,80.00,-8.44,-16.81,84.72,91.60
67,,abud.ThirdRobo 1.0,99.73,100.00,97.66,100.00,2.07,-0.00,23.59,17.95
68,,acid.Bl4ck 1.0,96.53,100.00,94.47,97.71,2.05,2.29,36.86,29.76
69,,acid.Null 1.0,93.78,100.00,95.20,100.00,-1.42,-0.00,36.70,30.09
70,,acid.Syzygy 1.0.4,99.28,100.00,94.54,100.00,4.75,-0.00,32.54,27.96
71,,acogdev.alpha 0.2,99.72,99.90,96.48,100.00,3.24,-0.10,26.65,18.08
72,,ad.Quest 0.10,80.26,95.17,79.29,94.29,0.97,0.89,70.14,74.59
73,,ad.last.Bottom 1.0,99.84,99.61,99.94,100.00,-0.11,-0.39,2.58,3.43
74,,adt.Ar1 2.1,99.47,99.82,99.79,100.00,-0.32,-0.18,30.13,22.10
75,,adt.Ar2 1.0,95.43,100.00,95.06,100.00,0.38,-0.00,32.63,22.19
76,,aetos.AetosFirstBot 1.0,99.85,100.00,99.48,100.00,0.37,-0.00,20.99,10.80
77,,ag.Gir 0.99,99.23,99.81,99.38,100.00,-0.15,-0.19,13.95,13.63
78,,agd.Mooserwirt2 2.7,96.35,99.91,93.28,100.00,3.07,-0.09,53.54,52.91
79,,agrach.Dalek 1.0,99.34,99.82,98.20,100.00,1.15,-0.18,44.03,37.39
80,,agrach.MicroDalek 1.0,98.99,100.00,97.84,100.00,1.16,-0.00,40.35,32.96
81,,agrach.RobotSlayer 1.0,99.46,100.00,99.02,100.00,0.44,-0.00,44.41,41.45
82,,ags.Glacier 0.3.2,69.30,80.20,70.39,91.43,-1.09,-11.23,78.91,84.56
83,,ags.Midboss 1q.fast,70.43,84.24,79.25,94.29,-8.82,-10.05,83.75,89.90
84,,ags.micro.Carpet 1.1,86.38,95.67,78.50,91.43,7.88,4.24,63.07,62.81
85,,ags.polished.PolishedRuby 1,71.47,85.05,92.29,100.00,-20.82,-14.95,69.65,77.31
86,,ags.rougedc.RougeDC willow,65.78,72.12,68.86,72.38,-3.07,-0.26,82.37,88.23
87,,ahf.Acero 1.0,97.03,100.00,95.50,100.00,1.53,-0.00,48.23,45.34
88,,ahf.NanoAndrew .4,99.33,99.90,99.66,100.00,-0.33,-0.10,46.94,47.16
89,,ahf.r2d2.R2d2 0.86,87.47,99.31,76.11,88.57,11.36,10.74,63.76,64.13
90,,ahr.ice.Ice 1.0,90.43,99.24,83.67,92.86,6.76,6.38,52.78,49.97
91,,ajs.Guessit 1.3,93.56,100.00,92.26,97.14,1.31,2.86,51.47,59.28
92,,ajs.Solveit 1.3,90.97,99.48,90.62,97.14,0.35,2.34,53.29,59.91
93,,ak.Fermat 2.0,83.81,96.19,81.04,94.29,2.76,1.90,67.89,69.82
94,,alex.Diabolo5 1.1,91.89,96.48,88.67,97.14,3.22,-0.67,47.52,43.95
95,,alk.lap.LoudAndProud 2.23,80.91,96.35,81.33,94.29,-0.42,2.07,62.75,58.76
96,,alpha.BlackIce 1.0,83.51,97.64,85.07,97.14,-1.56,0.49,56.18,54.74
97,,alpha.RainingFire 1.0,76.76,90.48,72.33,82.86,4.43,7.62,69.01,74.37
98,,am.Miedzix 3.0,87.17,99.54,86.68,97.14,0.49,2.40,44.57,36.75
99,,amarok.Rookie 1.1,93.32,99.71,94.48,100.00,-1.16,-0.29,50.07,48.13
100,,amc.ROBv202 1.01,99.37,99.71,98.91,100.00,0.46,-0.29,28.77,25.57
101,,amc.ROBv203 1.0,98.91,100.00,97.85,100.00,1.06,-0.00,40.35,34.49
102,,amc.ROBv300 1.1,99.38,100.00,97.44,100.00,1.95,-0.00,32.85,27.57
103,,amc.ROBv301 1.1,98.54,100.00,96.21,100.00,2.33,-0.00,33.82,27.59
104,,amc.ROBv400 1.0,98.28,100.00,96.22,100.00,2.06,-0.00,33.86,28.04
105,,amk.ChumbaMini 0.2,84.20,97.52,86.70,98.57,-2.51,-1.05,58.73,54.40
106,,amk.ChumbaWumba 0.3,84.43,97.32,77.48,95.71,6.94,1.61,58.79,56.53
107,,amk.Punbot.Punbot 0.01,98.93,99.90,99.45,100.00,-0.52,-0.10,9.99,5.51
108,,amk.ShizzleStiX.ShizzleStiX 0.6,94.12,99.82,88.15,100.00,5.97,-0.18,34.17,22.95
109,,amk.jointstrike.JointStrike 0.2,96.16,100.00,94.05,100.00,2.11,-0.00,31.68,21.33
110,,amk.superstrike.SuperStrike 0.3,96.77,99.90,97.60,100.00,-0.83,-0.10,30.13,20.01
111,,ao.T100 0.9,99.72,100.00,99.40,100.00,0.32,-0.00,29.81,34.62
112,,ap.Frederick 1.1,99.99,100.00,100.00,100.00,-0.01,-0.00,14.98,15.81
113,,apc.Caan 1.0,96.40,99.90,91.95,97.14,4.46,2.76,19.49,13.78
114,,apc.Colossus2 0.12,97.93,100.00,93.17,100.00,4.76,-0.00,37.11,30.17
115,,apc.LeeroyJenkins2 1.0,83.70,96.31,83.16,94.29,0.55,2.03,54.78,55.13
116,,apc.botM 3.0,92.62,100.00,81.68,95.71,10.94,4.29,50.57,47.99
117,,apollokidd.ApolloKidd 0.9,97.79,100.00,96.52,100.00,1.26,-0.00,39.67,35.82
118,,apv.Aspid 1.7,78.74,95.21,77.61,94.29,1.13,0.92,65.82,66.39
119,,apv.AspidReloaded 0.6,76.94,92.71,76.74,91.43,0.20,1.28,62.57,60.78
120,,apv.LauLectrik 1.2,77.96,94.48,82.49,97.14,-4.53,-2.67,61.63,61.19
121,,apv.MicroAspid 1.8,71.68,89.43,68.00,82.86,3.68,6.57,65.08,63.28
122,,apv.NanoLauLectrik 1.0,82.25,97.14,79.95,94.29,2.30,2.86,58.90,53.67
123,,apv.NanoLauLectrikTheCannibal 1.1,86.98,98.38,89.44,100.00,-2.46,-1.62,53.52,47.61
124,,apv.ScruchiPu 1.0,77.64,94.29,84.42,97.14,-6.79,-2.86,65.12,65.37
125,,apv.TheBrainPi 0.5fix,75.03,91.14,73.47,90.48,1.57,0.67,58.57,55.39
126,,apv.test.Virus 0.6.1,64.00,79.71,89.01,100.00,-25.01,-20.29,79.72,84.25
127,,ar.QuantumChromodynamics 1.2.1,94.38,99.52,95.42,100.00,-1.04,-0.48,44.00,36.25
128,,ar.TheoryOfEverything 1.2.1,88.36,98.75,86.42,100.00,1.93,-1.25,51.88,48.77
129,,ar.horizon.Horizon 1.2.2,65.19,77.14,69.40,88.57,-4.21,-11.43,82.88,88.76
130,,ara.Shera 0.88,78.54,93.10,69.11,80.00,9.43,13.10,64.58,65.32
131,,areb.Union 1.06,77.55,88.27,80.14,89.52,-2.59,-1.25,64.26,71.41
132,,arthord.KostyaTszyu Beta2,82.67,97.14,84.46,97.14,-1.78,-0.00,64.11,63.60
133,,arthord.MannyPacquiao Delta2,81.25,95.76,83.82,100.00,-2.57,-4.24,46.31,35.26
134,,arthord.NanoSatan Mu,84.99,98.43,75.53,94.29,9.46,4.15,57.76,50.17
135,,arthord.NanoSatanMelee Beta,88.32,98.29,85.25,94.29,3.07,4.00,38.72,23.64
136,,arthord.micro.Apoptygma 0.4,86.09,99.11,77.22,91.43,8.87,7.68,56.52,48.21
137,,arthord.micro.Muffin 0.6.1,80.69,95.76,80.10,97.14,0.59,-1.38,64.27,62.17
138,,ary.Crisis 1.0,89.09,99.01,87.08,95.71,2.01,3.30,61.18,65.39
139,,ary.FourWD 1.3d,81.23,93.82,69.76,82.86,11.48,10.97,73.86,79.98
140,,ary.Help 1.0,74.45,88.18,83.66,97.14,-9.21,-8.97,80.57,86.86
141,,ary.SMG 1.01,69.34,81.43,72.69,88.57,-3.35,-7.14,79.19,85.99
142,,ary.micro.Weak 1.2,73.33,86.38,73.75,88.57,-0.42,-2.19,71.68,73.59
143,,ary.mini.Nimi 1.0,71.05,85.33,69.29,88.57,1.76,-3.24,73.94,81.34
144,,ary.nano.AceSurf 1.2,90.21,99.81,86.90,95.71,3.31,4.10,51.70,45.76
145,,ary.nano.ColorNanoP 1.1,88.21,99.61,90.49,100.00,-2.28,-0.39,56.88,52.34
146,,as.xbots 1.0,76.52,97.14,77.33,94.29,-0.81,2.86,53.76,45.05
147,,asd.Cthulhu 1.2,93.00,98.95,92.66,98.57,0.34,0.38,39.11,31.66
148,,asm.Statistas 0.1,82.65,96.57,78.55,97.14,4.10,-0.57,55.05,50.61
149,,av.RobAtHome 1.2,96.45,99.90,94.78,100.00,1.67,-0.10,35.78,26.03
150,,aw.Gilgalad 1.99.5c,48.02,47.90,40.28,45.71,7.74,2.19,87.64,95.01
151,,awesomeness.Elite 1.0,98.77,100.00,97.17,100.00,1.60,-0.00,47.54,43.31
152,,awl.Locutus 1.5,91.99,99.90,92.63,100.00,-0.64,-0.10,48.85,45.76
153,,axeBots.HataMoto 3.09,87.42,98.00,86.69,97.14,0.73,0.86,56.49,55.84
154,,axeBots.Musashi 2.18,70.63,81.14,75.18,85.71,-4.55,-4.57,71.27,77.25
155,,axeBots.Okami 1.04,65.55,75.24,77.37,85.71,-11.82,-10.48,76.53,82.68
156,,axeBots.SilverSurfer 2.53.33fix,62.00,72.28,63.82,74.29,-1.82,-2.01,83.29,89.69
157,,ayk.WallHugger 1.0,98.94,99.90,97.88,100.00,1.06,-0.10,21.05,11.89
158,,az.Ololobot 0.2.4,91.90,96.50,89.01,93.33,2.89,3.16,52.84,61.48
159,,baal.nano.N 1.42,98.48,99.90,98.45,100.00,0.02,-0.10,36.14,26.71
160,,banshee.micro.Nexus6 0.3.0,97.51,100.00,93.58,100.00,3.93,-0.00,48.09,41.01
161,,banshee.mini.Nexus6 0.2.0,99.68,100.00,98.37,98.57,1.31,1.43,43.23,45.96
162,,barontrozo.BaronTrozo 1.7.6,66.78,79.62,72.68,85.71,-5.90,-6.10,70.05,76.33
163,,bayen.UbaMicro 1.4,94.48,99.81,91.91,99.05,2.57,0.76,47.00,42.57
164,,bayen.UbaRamLT 1.0,76.69,97.90,82.46,97.14,-5.77,0.76,49.75,36.23
165,,bayen.nano.Squirrel 0.2,90.30,99.81,82.05,92.86,8.25,6.95,50.13,38.69
166,,bayen.nut.Squirrel 1.621,85.91,96.45,75.35,90.00,10.56,6.45,69.85,73.23
167,,bbo.RamboT 0.3,99.51,100.00,96.17,100.00,3.34,-0.00,28.89,15.67
168,,bbo.TheRoof 1.4.3,95.93,99.80,96.04,100.00,-0.11,-0.20,36.91,27.26
169,,benhorner.PureAggression 0.2.6,70.78,98.42,76.61,97.14,-5.83,1.28,52.16,42.20
170,,bh.PencilRain 0.01,99.94,100.00,99.98,100.00,-0.04,-0.00,11.57,12.77
171,,bigpete.Stewie 1.0,98.46,100.00,94.30,98.57,4.16,1.43,48.11,47.84
172,,bing2.Melody 1.3.1,84.98,95.85,83.13,97.14,1.85,-1.29,68.68,73.38
173,,bjl.LoneDragon 0.5,92.46,97.34,93.93,97.14,-1.47,0.20,60.21,63.64
174,,bk.Shooter 1.0,98.36,100.00,98.87,100.00,-0.51,-0.00,18.02,9.58
175,,blir.micro.blixi.Blixi 1.2,98.96,100.00,98.96,100.00,0.00,-0.00,43.81,41.70
176,,blir.mini.oops.Splooshlu 2.0,98.75,99.91,98.26,100.00,0.49,-0.09,47.92,51.71
177,,blir.nano.Bruce R1.0.0,79.02,99.62,79.50,100.00,-0.48,-0.38,44.14,34.00
178,,blir.nano.Cabbage R1.0.1,97.96,100.00,98.07,100.00,-0.11,-0.00,42.65,36.37
179,,blir.nano.inch.Inchworm 1.0,98.08,100.00,97.53,100.00,0.55,-0.00,20.75,15.83
180,,blr.Chicken001 0.1,98.88,100.00,98.43,100.00,0.45,0.00,18.28,11.06
181,,bndl.LostLion 1.2,92.97,100.00,92.22,99.05,0.74,0.95,42.63,38.15
182,,boe.Minerva 0.80,87.31,96.48,90.67,100.00,-3.36,-3.52,57.60,60.18
183,,bons.NanoStalker 1.2,97.12,100.00,97.31,100.00,-0.19,-0.00,39.15,32.78
184,,bots.UberBot 1.2c,97.10,100.00,97.96,100.00,-0.86,-0.00,40.52,36.28
185,,bots.UnterBot 1.0,95.54,100.00,96.27,100.00,-0.73,-0.00,43.85,36.94
186,,bots.UnterExBot 1.0,98.68,100.00,99.36,100.00,-0.68,-0.00,44.01,37.29
187,,bp.Kuma 1.0,99.68,100.00,99.70,100.00,-0.02,-0.00,30.61,24.49
188,,braaropolis.Abot 1.0,98.28,100.00,91.64,100.00,6.64,0.00,26.32,18.57
189,,brainfade.Fallen 0.63,67.61,82.67,75.27,90.48,-7.66,-7.81,70.29,76.18
190,,brainfade.melee.Dusk 0.44,96.08,99.81,91.36,97.14,4.72,2.67,51.78,57.07
191,,bts.mega.Gnarly 1.4,83.87,98.19,82.61,97.14,1.26,1.05,58.54,61.56
192,,bts.wiki.RipCurl 0.9b,80.08,95.18,75.39,92.86,4.69,2.32,66.63,68.09
193,,buba.Archivist 0.1,82.78,96.97,83.76,95.71,-0.98,1.26,56.31,51.56
194,,buba.Buba 0.3,98.15,99.55,94.57,98.57,3.58,0.98,43.56,35.08
195,,bumblebee.Bumblebee 1.0,91.77,99.90,89.28,97.14,2.49,2.76,42.82,31.03
196,,bvh.fnr.Fenrir 0.36l,76.42,90.78,80.81,94.29,-4.38,-3.50,62.80,67.30
197,,bvh.frg.Friga 0.112dev,88.65,99.11,84.94,98.57,3.71,0.54,63.35,64.33
198,,bvh.fry.Freya 0.82,81.15,94.47,76.57,91.43,4.58,3.04,66.65,71.23
199,,bvh.hdr.Hodur 0.4,93.99,100.00,89.53,97.14,4.46,2.86,21.47,14.23
200,,bvh.loki.Loki 0.5,98.27,100.00,95.69,100.00,2.58,-0.00,36.78,32.73
201,,bvh.micro.Freya 0.3,96.28,99.90,94.19,100.00,2.10,-0.10,44.39,39.53
202,,bvh.micro.Svadilfari 0.2,99.61,99.90,99.50,100.00,0.11,-0.10,36.27,32.55
203,,bvh.mini.Fenrir 0.39,82.71,96.77,79.97,94.29,2.75,2.49,57.60,57.44
204,,bvh.mini.Freya 0.55,83.78,96.76,78.41,93.57,5.37,3.19,62.79,61.88
205,,bvh.mini.Mjolnir 0.3,76.86,99.63,77.53,100.00,-0.67,-0.37,56.35,51.68
206,,bvh.mini.Wodan 0.50,76.86,91.82,74.29,88.57,2.57,3.24,63.87,68.80
207,,bvh.tyr.Tyr 1.74,94.48,99.81,84.82,97.14,9.66,2.67,41.43,36.30
208,,bwbaugh.nano.Tirunculus 0.0.0a,73.29,99.31,82.59,100.00,-9.29,-0.69,45.70,30.59
209,,bzdp.BoxCar 2.0,93.82,99.91,90.44,100.00,3.39,-0.09,40.27,30.10
210,,bzdp.Pansy 2.1,98.61,99.90,99.49,100.00,-0.88,-0.10,20.62,11.35
211,,caimano.Furia_Ceca 0.22,97.68,99.81,97.75,100.00,-0.07,-0.19,44.10,37.72
212,,can.Pookie 1.1,80.77,94.48,78.58,92.86,2.20,1.62,64.23,63.03
213,,casey.Flee 1.0,87.38,98.33,82.26,97.14,5.12,1.18,49.21,40.01
214,,casey.Flump 1.0,89.28,99.59,85.39,98.10,3.89,1.50,47.52,37.16
215,,catcat20.Lambda 0.017,64.78,76.51,65.05,80.00,-0.27,-3.49,82.45,88.61
216,,catcat20.Rabbit 0.001,83.11,88.30,84.50,94.29,-1.39,-5.98,68.65,76.26
217,,catcat20.atom.Atom 0.51,75.93,82.35,75.23,84.29,0.70,-1.94,75.55,83.07
218,,catcat20.helios.Helios 1.5,78.05,86.67,75.28,84.29,2.76,2.38,71.76,77.33
219,,catcat20.shape.Theta 0.018,66.63,77.57,72.83,85.71,-6.20,-8.14,79.18,86.30
220,,cb.Domogled 1.2,51.29,34.47,59.45,57.14,-8.15,-22.67,85.12,93.67
221,,cb.fire.Firestarter 2.0f,33.88,15.09,40.60,34.29,-6.72,-19.20,88.13,96.62
222,,cb.mega.RandomBot 1.0,70.47,84.33,69.17,82.86,1.30,1.48,54.93,55.33
223,,cb.nano.Insomnia 1.0,95.42,99.90,95.11,100.00,0.31,-0.10,24.99,15.25
224,,cbot.agile.Nibbler 0.2,75.33,91.43,79.36,94.29,-4.03,-2.86,64.33,65.90
225,,cbot.cbot.CBot 0.8,81.25,95.05,78.38,91.43,2.87,3.62,55.93,52.92
226,,cf.OldMan.OldManXP 0.1,75.01,90.54,51.85,75.71,23.16,14.83,57.70,55.00
227,,cf.mini.Chiva 1.0,83.67,96.95,88.46,100.00,-4.79,-3.05,68.77,73.64
228,,cf.proto.Shiva 2.2,68.83,83.73,67.99,85.71,0.83,-1.99,80.15,85.91
229,,cf.star.Star2 1.23,73.69,88.87,59.71,75.71,13.98,13.15,71.59,74.26
230,,ch.rhj.rbc.RHJ1 1.0,99.77,100.00,99.69,100.00,0.08,-0.00,16.28,13.92
231,,chase.pm.Pytko 1.0,66.65,82.21,72.40,88.57,-5.75,-6.36,67.00,72.50
232,,chickenfuego.UrChicken2 1.0,99.95,100.00,99.97,100.00,-0.02,-0.00,9.12,8.38
233,,cjk.Merkava 0.1.1,94.90,96.67,97.31,100.00,-2.40,-3.33,32.64,22.97
234,,cjm.Charo 1.1,80.11,95.17,83.86,97.14,-3.75,-1.97,64.35,61.58
235,,cjm.Che 1.2,76.76,92.38,79.84,91.43,-3.08,0.95,65.69,71.43
236,,cjm.Chomsky 1.5,80.81,90.74,82.80,91.43,-1.99,-0.69,66.52,73.48
237,,cjm.chalk.Chalk 2.6.Be,65.61,78.72,67.42,80.00,-1.81,-1.28,82.78,88.86
238,,cli.Dancer 1.1,99.79,100.00,99.83,100.00,-0.04,0.00,36.62,37.92
239,,cli.WasteOfAmmo 1.0,99.72,100.00,100.00,100.00,-0.28,-0.00,1.52,1.40
240,,codemojo.nano.Woot 1.0,95.01,100.00,92.86,98.57,2.14,1.43,37.44,25.33
241,,com.arsenic.NewTest 1.0,96.06,99.90,90.54,97.14,5.52,2.76,44.18,38.80
242,,com.blogspot.malinkody.DestrobotMalin 1.0,99.91,100.00,100.00,100.00,-0.09,-0.00,17.32,17.11
243,,com.cohesiva.robocode.ManOwaR 1.0,95.83,99.90,94.88,100.00,0.95,-0.10,48.33,52.96
244,,com.sociesc.T1000 1.0.0,100.00,100.00,99.99,100.00,0.00,-0.00,2.55,3.26
245,,com.spp.robocode.MostlyHarmless 010,96.44,99.43,94.59,100.00,1.85,-0.57,44.04,44.92
246,,com.syncleus.robocode.Dreadnaught 0.1,92.89,100.00,84.58,99.05,8.30,0.95,35.47,26.31
247,,com.timothyveletta.FuzzyBot 1.1,97.89,99.92,98.83,100.00,-0.94,-0.08,33.05,27.13
248,,conscience.Bulldozer 1.0a,79.30,99.33,90.05,100.00,-10.75,-0.67,46.16,33.70
249,,conscience.Electron 1.3g,96.57,100.00,94.03,100.00,2.54,-0.00,47.24,41.09
250,,conscience.Idem 1.0a,98.27,99.90,97.03,100.00,1.24,-0.10,33.60,19.21
251,,conscience.Suicidal 1.1,100.00,100.00,100.00,100.00,-0.00,-0.00,0.87,0.87
252,,cre.Karolos 0.32,92.62,99.05,92.33,97.14,0.28,1.90,57.06,59.37
253,,cs.Nene 1.0.5,56.24,68.57,58.41,74.29,-2.17,-5.71,86.63,92.43
254,,cs.PumpkinPie 1.0,75.63,88.57,78.62,90.00,-2.99,-1.43,61.22,66.84
255,,cs.Wren 1.0,99.46,100.00,99.28,100.00,0.18,-0.00,39.73,33.32
256,,cs.s2.Seraphim 2.3.1,67.72,83.30,75.08,91.43,-7.35,-8.13,83.13,88.67
257,,csm.NthGeneration 0.04,97.94,99.91,89.70,97.14,8.24,2.76,48.80,46.91
258,,csp.Eagle 3.30,97.59,99.82,96.98,100.00,0.60,-0.18,34.96,28.30
259,,css.Delitioner 0.11,77.98,91.72,81.65,94.29,-3.67,-2.56,61.43,64.88
260,,cuoq.Kakera 1.0,73.45,85.81,77.44,91.43,-3.99,-5.62,70.90,77.87
261,,cw.megas.Blade 0.8,83.29,96.95,82.24,94.29,1.05,2.67,60.77,61.76
262,,cw.megas.GhostShell GT,84.37,98.62,86.18,95.71,-1.81,2.90,48.55,45.40
263,,cw.megas.Gridd 0.4,79.18,95.17,80.42,92.86,-1.24,2.32,55.30,55.88
264,,cw.megas.Polar 3.2,79.25,95.24,83.41,95.71,-4.15,-0.48,54.92,55.08
265,,cw.megas.Silhouette 1.1,70.68,87.00,71.77,85.71,-1.09,1.28,69.75,74.54
266,,cx.BlestPain 1.41,76.09,90.76,75.80,94.29,0.29,-3.52,73.99,78.88
267,,cx.CigaretBH 1.03,74.72,89.24,77.78,91.43,-3.05,-2.19,68.85,72.57
268,,cx.Lacrimas 1.36,74.98,89.24,70.93,88.57,4.05,0.67,75.06,80.60
269,,cx.Princess 1.0,73.03,87.50,75.00,88.57,-1.98,-1.07,68.46,72.84
270,,cx.micro.Blur 0.2,83.72,97.33,84.33,97.14,-0.62,0.19,59.47,55.97
271,,cx.micro.Smoke 0.96,74.01,90.57,77.55,91.43,-3.53,-0.86,66.73,67.24
272,,cx.micro.Spark 0.6,78.47,92.61,79.28,94.29,-0.81,-1.67,64.74,65.55
273,,cx.mini.BlackSwans 0.60,78.78,94.19,78.98,94.29,-0.20,-0.10,64.98,63.83
274,,cx.mini.Cigaret 1.31,73.83,89.75,76.96,91.43,-3.13,-1.67,69.52,71.85
275,,cx.mini.Nimrod 0.55,78.01,93.52,80.96,94.29,-2.94,-0.76,65.42,64.69
276,,cx.nano.Smog 2.6,93.16,99.80,91.02,99.05,2.15,0.76,53.22,48.39
277,,cyragia.Bot 1.1,99.07,100.00,98.49,100.00,0.58,-0.00,40.53,37.09
278,,da.NewBGank 1.4,76.08,88.95,72.92,85.71,3.16,3.24,73.81,79.11
279,,daemons.DizzyA 1.0,99.63,99.81,98.82,100.00,0.81,-0.19,11.11,5.80
280,,dam.MogBot 2.9,80.28,92.51,82.97,97.14,-2.69,-4.63,59.03,64.44
281,,damij.mega.Boque aaah,62.31,71.59,66.78,77.14,-4.47,-5.55,81.88,89.97
282,,dans.Cinnamon 1.2,95.16,100.00,94.27,100.00,0.89,-0.00,36.76,28.35
283,,darkcanuck.Gaff 1.50,69.05,82.86,70.78,82.86,-1.73,-0.00,79.64,88.29
284,,darkcanuck.Holden 1.13a,64.08,76.10,60.34,74.29,3.74,1.81,82.37,90.07
285,,darkcanuck.Pris 0.92,64.39,77.84,59.64,71.43,4.75,6.41,84.73,91.68
286,,davidalves.Firebird 0.25,65.19,79.70,57.66,71.43,7.53,8.28,84.25,89.75
287,,davidalves.Phoenix 1.02,59.44,71.90,58.17,75.71,1.27,-3.81,85.77,91.76
288,,davidalves.PhoenixOS 1.1,64.97,77.73,69.08,82.86,-4.12,-5.12,81.92,87.50
289,,davidalves.net.Duelist 0.1.6src,85.85,98.13,84.43,97.14,1.42,0.99,63.97,65.55
290,,davidalves.net.DuelistMicro 1.22,83.47,97.05,82.68,98.57,0.78,-1.52,65.00,64.16
291,,davidalves.net.DuelistMicroMkII 1.1,80.38,95.67,76.47,91.43,3.91,4.24,62.45,60.73
292,,davidalves.net.DuelistMini 1.1,83.23,96.67,84.26,100.00,-1.03,-3.33,65.06,65.16
293,,davidalves.net.DuelistNano 1.0,89.06,98.57,81.90,94.29,7.16,4.29,44.72,33.30
294,,davv.DOne b002,99.90,100.00,99.98,100.00,-0.07,-0.00,3.05,2.17
295,,dcs.Eater_of_Worlds 1.1.3-A,98.26,100.00,95.10,98.57,3.16,1.43,28.37,21.16
296,,dcs.Eater_of_Worlds_Mini 1.0,99.37,100.00,98.30,100.00,1.07,-0.00,32.33,26.06
297,,dcs.PM.Eater_of_Worlds_PM 1.2,79.75,94.67,75.44,90.00,4.30,4.67,57.59,58.25
298,,de.erdega.robocode.Polyphemos 0.4,85.72,98.86,88.36,100.00,-2.64,-1.14,51.87,47.76
299,,de.simpleworks.robocode.bots.swiBot 1.1,99.13,100.00,99.03,100.00,0.10,-0.00,18.10,13.63
300,,deewiant.Anomaly 0.2,98.37,100.00,96.38,100.00,1.99,-0.00,49.47,52.57
301,,deith.Czolgzilla 0.11,97.27,99.80,94.04,97.14,3.23,2.66,51.37,55.85
302,,demetrix.ForceMajeure 0.75,73.75,36.38,73.35,85.71,0.39,-49.33,69.31,75.77
303,,demetrix.nano.Neutrino 0.27,85.12,98.13,73.67,88.57,11.45,9.56,51.34,44.93
304,,demetrix.nano.SledgeHammer 0.22,70.37,97.73,70.61,98.57,-0.24,-0.84,54.24,44.59
305,,deo.CloudBot 1.3,85.00,97.04,82.43,94.29,2.57,2.76,70.37,76.09
306,,deo.FlowerBot 1.0,83.23,96.77,73.42,88.57,9.81,8.20,67.05,69.77
307,,deo.virtual.RainbowBot 1.0,82.91,95.62,88.30,98.57,-5.39,-2.95,63.11,66.47
308,,dft.Calliope 5.6,92.90,99.72,96.08,100.00,-3.19,-0.28,48.38,50.63
309,,dft.Cardigan 1.09,65.04,79.59,72.71,88.57,-7.67,-8.98,82.43,89.24
310,,dft.Cyanide 1.90,63.89,79.80,69.20,88.57,-5.31,-8.77,82.33,87.84
311,,dft.Cyprus 3.0,84.23,97.93,79.70,94.29,4.53,3.65,62.79,62.91
312,,dft.Freddie 1.32,94.22,99.71,93.80,100.00,0.43,-0.29,56.22,55.10
313,,dft.Guppy 1.0,92.02,99.71,90.66,100.00,1.36,-0.29,52.88,47.83
314,,dft.Immortal 1.40,70.10,85.81,65.81,80.00,4.29,5.81,80.03,85.92
315,,dft.Krazy 1.5,92.00,98.95,90.54,99.05,1.45,-0.10,42.74,43.23
316,,dft.Virgin 1.25,75.56,90.76,90.01,97.14,-14.46,-6.38,65.13,67.44
317,,dggp.haiku.gpBot_0 1.1,95.89,100.00,94.60,100.00,1.29,-0.00,36.57,26.88
318,,dhn.Immortal 1.0,98.55,100.00,97.76,99.05,0.79,0.95,17.92,15.43
319,,disan.Chair 2.2.0,99.11,100.00,97.19,100.00,1.92,-0.00,39.79,34.50
320,,disan.Ghost .01,100.00,100.00,100.00,100.00,-0.00,-0.00,3.92,5.49
321,,discan.mini.Exode 0.25,98.56,100.00,97.74,100.00,0.82,0.00,31.10,24.14
322,,dittman.BlindSquirl Retired,97.62,100.00,97.20,100.00,0.42,-0.00,27.74,22.72
323,,divineomega.DivineBot 1.9.5,92.95,96.19,88.22,88.57,4.73,7.62,61.42,71.07
324,,divineomega.PatrollerBot 1.0,87.58,94.95,94.35,98.57,-6.77,-3.62,35.95,31.65
325,,divineomega.TrialBot 0.003,82.82,97.14,64.36,81.43,18.46,15.71,57.80,63.54
326,,djc.Aardvark 0.3.6,88.20,98.52,85.42,94.29,2.78,4.24,47.87,41.87
327,,djdjdj.NanoSkunk10 1.0,98.79,100.00,94.63,100.00,4.16,-0.00,39.71,36.68
328,,dk.stable.Gorgatron 1.1,88.90,99.51,84.31,94.29,4.60,5.22,53.43,49.45
329,,dks.MicroDanMK2 1.0,98.99,100.00,99.12,100.00,-0.13,-0.00,31.10,21.51
330,,dmh.robocode.robot.BlackDeath 9.2,90.65,99.81,87.86,98.10,2.79,1.71,64.13,65.98
331,,dmh.robocode.robot.BlueBerry 0.5,96.42,99.90,93.97,100.00,2.45,-0.10,40.76,33.47
332,,dmh.robocode.robot.GreenDragon 1.0,94.57,100.00,90.45,100.00,4.12,-0.00,48.16,44.28
333,,dmh.robocode.robot.PinkPanther 1.1,69.57,87.65,63.57,85.71,6.01,1.94,60.87,59.36
334,,dmh.robocode.robot.YellowBird 0.12,97.19,100.00,94.90,100.00,2.30,-0.00,50.12,46.03
335,,dmp.micro.Aurora 1.41,84.62,97.66,80.50,94.29,4.12,3.38,49.48,40.54
336,,dmp.nano.Eve 3.41,93.28,100.00,93.68,100.00,-0.41,-0.00,47.79,41.03
337,,doka.KillerRabbit 1.0,83.13,96.67,82.11,94.29,1.02,2.38,52.39,44.67
338,,doka.Shinigami 2.2,90.04,98.82,89.23,98.57,0.81,0.25,64.02,64.86
339,,doka.ShinigamiKNN 1.0,97.28,99.91,95.15,100.00,2.13,-0.09,53.27,52.85
340,,doka.Test 1.0,90.66,99.63,85.76,94.29,4.90,5.35,34.44,20.85
341,,donjezza.Jezza 1.0,99.89,100.00,99.85,100.00,0.04,-0.00,13.47,10.85
342,,donjezza.Muncho 1.0,99.50,99.92,99.18,100.00,0.32,-0.08,15.55,12.47
343,,dragonbyte.Neutrino 4,80.37,50.00,74.81,42.86,5.56,7.14,60.96,82.43
344,,drd.Dreadknoght 0.9,99.98,100.00,99.99,100.00,-0.02,-0.00,6.55,3.88
345,,drm.CobraBora 1.12,76.15,91.82,80.07,91.43,-3.93,0.39,63.30,66.81
346,,drm.Magazine 0.39,77.56,93.71,78.54,91.43,-0.98,2.29,61.48,61.79
347,,ds.OoV4 0.3b,90.67,99.33,92.71,100.00,-2.04,-0.67,59.58,67.11
348,,ds.Versatile RB1.0.1,86.50,97.34,80.42,91.43,6.08,5.91,69.33,78.01
349,,dsekercioglu.mega.Raven 3.56j8,55.55,4.53,55.72,68.57,-0.17,-64.04,87.75,94.21
350,,dsekercioglu.mega.WhiteFang 2.8.1,64.44,74.58,66.60,81.43,-2.16,-6.85,86.64,93.65
351,,dsekercioglu.mini.Partial 0.1.3,84.78,97.86,75.14,88.57,9.64,9.29,70.23,76.24
352,,dsekercioglu.shield.ColdBreath 1.0,99.93,100.00,100.00,100.00,-0.07,0.00,32.93,37.60
353,,dsw.StaticD 1.0,99.45,100.00,98.62,100.00,0.83,-0.00,41.20,38.78
354,,dsx724.VSAB_EP3_ATR 1.1,98.47,99.91,95.05,97.14,3.43,2.76,53.84,60.31
355,,dsx724.VSAB_EP3a 1.0,98.66,99.61,98.01,100.00,0.65,-0.39,54.48,59.13
356,,dukie.Ambassador 1.0,97.48,99.90,98.11,100.00,-0.63,-0.10,38.17,32.34
357,,dummy.micro.HummingBird 2.14,85.50,99.01,84.91,96.43,0.59,2.59,50.36,40.38
358,,dummy.micro.Sparrow 2.5,88.29,98.42,87.65,94.29,0.64,4.14,49.92,44.16
359,,dummy.mini.Parakeet 2.40,80.35,92.91,79.00,91.43,1.35,1.48,59.36,61.83
360,,dvogon.GangBang 1.0,98.69,100.00,98.09,100.00,0.60,-0.00,24.38,14.73
361,,dy.LevelOne 2.0,97.36,99.82,96.70,100.00,0.66,-0.18,51.15,52.21
362,,dz.Caedo 1.4,83.94,95.47,87.28,91.43,-3.33,4.04,61.03,65.61
363,,dz.GalbaMicro 0.11,85.21,97.71,85.78,100.00,-0.57,-2.29,61.36,61.92
364,,dz.GalbaMini 0.121,72.10,86.36,66.59,80.00,5.52,6.36,67.39,73.40
365,,dz.MostlyHarmlessNano 2.1,94.61,99.71,95.18,100.00,-0.57,-0.29,51.57,49.20
366,,dz.OthoMicro 0.12,78.26,93.40,82.51,97.14,-4.25,-3.74,55.41,50.66
367,,dz.OthoMini 0.15,76.13,91.90,83.12,100.00,-6.99,-8.10,61.04,61.30
368,,e32.Omni 0.06,96.59,100.00,95.02,100.00,1.57,0.00,37.78,33.06
369,,eat.HumblePieLite 1.0,83.86,97.14,93.08,100.00,-9.21,-2.86,56.20,54.12
370,,ebo.Sparse 0.02,79.65,92.98,82.02,94.29,-2.37,-1.31,61.46,61.00
371,,ebo.Tahoe 1.1.79,71.84,85.62,75.36,88.57,-3.52,-2.95,72.99,79.05
372,,eem.EvBot v4.6.4,88.46,98.13,88.37,97.14,0.08,0.99,67.50,74.93
373,,eem.EvBotNG v12.8,64.80,68.29,58.67,71.43,6.13,-3.14,80.15,87.19
374,,eem.IWillFireNoBullet v2.4,97.56,91.03,97.06,91.43,0.50,-0.39,42.14,68.28
375,,eem.awful v1.2,100.00,100.00,100.00,100.00,-0.00,-0.00,0.44,1.33
376,,eem.zapper v6.03,69.00,82.86,67.71,84.29,1.28,-1.43,81.26,87.98
377,,ej.ChocolateBar 1.1,72.29,87.05,93.13,97.14,-20.84,-10.10,74.70,80.78
378,,ejbots.AngryGrandpappy 1.2,97.95,100.00,97.50,100.00,0.45,-0.00,37.60,31.62
379,,el.Attackr 0.1,98.86,100.00,99.06,100.00,-0.20,-0.00,9.33,5.52
380,,el.JumpShoot 0.2,99.52,100.00,100.00,100.00,-0.48,-0.00,14.62,9.18
381,,el33t.EL33tGangstarr2 2.0,94.01,100.00,96.78,100.00,-2.77,-0.00,32.80,23.48
382,,eld.Hmm 1.0,96.50,99.76,89.56,88.57,6.94,11.19,37.26,44.05
383,,element.Earth 1.1,81.88,93.89,81.38,91.43,0.50,2.46,70.12,76.75
384,,elloco.Flower 0.1r1,97.59,100.00,92.27,97.14,5.32,2.86,48.02,43.05
385,,elloco.Kabuto 0.2r,90.93,99.01,88.05,92.86,2.87,6.16,35.86,32.81
386,,elvbot.ElverionBot 0.3,99.97,100.00,99.98,100.00,-0.02,-0.00,22.77,19.84
387,,emp.Yngwie 1.11,78.26,90.14,78.98,85.71,-0.72,4.42,61.10,68.76
388,,ender.EnderRobot 1.1,96.18,99.71,86.59,98.57,9.59,1.14,33.35,25.26
389,,ep.MyFirstRobot 1.0,99.90,100.00,97.15,100.00,2.76,-0.00,14.74,7.92
390,,erdnis.Rover 0.3,89.81,99.52,87.04,95.71,2.77,3.81,48.66,42.91
391,,ers.micro.ISuck.ISuckMicro 0.1f,80.98,93.93,82.87,92.86,-1.89,1.07,65.47,72.60
392,,ers.micro.speusippus.Speusippus 0.3,75.98,90.67,74.68,84.29,1.30,6.38,69.97,74.79
393,,ers.nano.gokdeniz.Gokdeniz 1.5b,73.43,88.00,76.32,90.00,-2.89,-2.00,62.39,65.76
394,,ers.nano.iSuck.ISuckNano 1.0a,80.56,95.84,82.51,94.29,-1.95,1.56,61.96,67.05
395,,ers.nano.lig.LigMA 1.9,87.76,99.74,82.41,88.57,5.35,11.17,58.80,59.48
396,,ers.nano.meroka.Meroka 1.8a,82.48,96.92,82.95,97.14,-0.47,-0.22,63.15,66.67
397,,ers.nano.nekolh.Nekolh 1.4d,78.05,92.70,78.54,88.57,-0.49,4.13,64.10,66.04
398,,ers.nano.sunderer.Sunderer 1.23a,77.01,99.48,70.00,94.29,7.01,5.19,64.93,62.90
399,,eskimo.micro.Echo 0.1,99.69,99.91,99.87,100.00,-0.18,-0.09,33.69,27.45
400,,et.Predator 1.8,91.03,98.67,83.39,97.14,7.64,1.52,52.77,51.16
401,,ethdsy.Malacka 2.4,91.43,99.90,93.71,100.00,-2.28,-0.10,48.75,46.87
402,,etienne72230.Wall_street 1.0,99.67,100.00,99.03,100.00,0.63,-0.00,20.17,18.68
403,,evd.X1 0.01,98.97,100.00,96.06,100.00,2.91,-0.00,35.44,25.29
404,,exauge.GateKeeper 1.1.121g,76.86,91.67,78.05,94.29,-1.19,-2.62,58.41,56.10
405,,exauge.LemonDrop 1.6.130,77.72,92.48,65.83,77.14,11.89,15.33,62.37,62.23
406,,exauge.Leopard 1.1.019,78.08,99.35,82.81,100.00,-4.73,-0.65,47.86,31.68
407,,extra.LightSauce 0.01,99.71,100.00,99.54,100.00,0.17,-0.00,40.42,32.01
408,,extra.Sauce .01,99.77,100.00,99.30,100.00,0.47,-0.00,40.33,33.70
409,,fala.robocode.FalaRobot 1.0,95.30,100.00,96.00,100.00,-0.70,-0.00,35.36,30.21
410,,fcr.First 1.0,98.31,100.00,98.68,100.00,-0.38,-0.00,47.73,45.67
411,,fire219.CatBot 1.0,99.12,100.00,99.35,100.00,-0.23,-0.00,22.46,11.45
412,,fire219.cymba.Cymba 1.8,94.46,100.00,90.11,100.00,4.35,-0.00,46.06,42.67
413,,florent.FloatingTadpole 1.2.6,81.50,95.21,82.31,97.14,-0.81,-1.94,74.31,79.82
414,,florent.XSeries.X2 0.17,65.23,78.42,64.99,80.00,0.24,-1.58,82.44,88.11
415,,florent.small.LittleAngel 1.8,76.59,91.05,70.36,85.71,6.23,5.33,74.30,79.82
416,,florent.test.Toad 0.14t,60.15,73.40,58.61,77.14,1.54,-3.74,82.89,89.70
417,,fm.claire 1.7,97.00,99.80,92.18,98.57,4.83,1.23,48.80,38.40
418,,fm.mammillarias 1.3,99.87,100.00,100.00,100.00,-0.13,-0.00,41.11,35.43
419,,fnc.bandit.Bandit 5.2.0,95.29,99.43,92.10,100.00,3.18,-0.57,43.33,40.32
420,,fnc.bandit2002.Bandit2002 4.0.2,88.03,99.21,86.16,97.14,1.87,2.07,48.75,46.26
421,,fowl3628800.LightningBolt 2.6.0,99.57,100.00,99.43,100.00,0.14,-0.00,44.75,51.81
422,,fowl3628800.SitAndGo 1.0.0,99.48,99.80,98.57,100.00,0.90,-0.20,32.51,30.91
423,,fowl3628800.StopAndGo 1.0.0,99.54,99.90,99.67,100.00,-0.13,-0.10,30.94,29.04
424,,fowl3628800.ThunderStruck 3.0.0,99.37,99.80,99.74,100.00,-0.36,-0.20,31.12,32.70
425,,frag.FragBot 1.0,93.59,99.46,91.78,100.00,1.80,-0.54,53.35,53.81
426,,franzor.Lizt 1.3.1,99.56,100.00,99.67,100.00,-0.11,-0.00,31.56,42.07
427,,froh.micro.Aversari 0.31,98.42,99.90,97.96,100.00,0.46,-0.10,46.81,48.31
428,,fromHell.BlackBox 0.0.2,69.73,82.17,66.21,77.14,3.52,5.02,84.64,91.38
429,,fromHell.C22H30N2O2S 2.2,78.26,94.57,74.54,87.14,3.72,7.43,62.39,62.73
430,,fromHell.C4H10O 1.5.1,70.34,83.35,72.44,85.71,-2.10,-2.36,69.04,71.66
431,,fromHell.CHCl3 1.4.2,66.63,79.26,72.04,85.71,-5.42,-6.45,83.06,89.82
432,,fruits.NanoStrawbery 1.3,98.91,100.00,98.46,100.00,0.45,-0.00,13.45,8.10
433,,fullsail.LaxativeTeaTwo 1.0,96.29,100.00,95.30,100.00,0.99,-0.00,46.28,44.80
434,,fullsail.SweetTea 1.1,99.81,100.00,99.96,100.00,-0.15,-0.00,33.98,33.33
435,,fullsail.TimbotNoPrediction 1.0,90.73,99.63,88.51,100.00,2.22,-0.37,32.02,17.03
436,,fushi.PvP1.PvP1 2004-02-16,88.54,94.10,89.59,97.14,-1.05,-3.04,55.12,64.81
437,,fw.Number1 1.0b,98.92,100.00,97.80,100.00,1.12,-0.00,27.85,19.54
438,,gadsky.Gadsky 1.01,81.94,95.21,84.12,97.14,-2.17,-1.94,63.07,69.27
439,,geep.mini.GPBotA 1.0,99.01,99.90,99.07,100.00,-0.06,-0.10,43.45,34.67
440,,geep.mini.GPBotB 1.1,94.75,100.00,93.91,100.00,0.84,-0.00,25.40,14.98
441,,genprog.Gajeel 1.0,97.77,100.00,95.84,100.00,1.94,0.00,26.22,15.01
442,,genprog.Rinmorikazu 1.0,97.67,100.00,95.27,100.00,2.39,-0.00,25.60,14.33
443,,genprog.Zafaran 1.0,97.34,100.00,93.88,100.00,3.47,-0.00,25.00,14.27
444,,germ.TheMind .2,99.57,100.00,99.86,100.00,-0.29,-0.00,37.27,27.33
445,,gf.Centaur.Centaur 0.6.7,82.79,93.43,87.88,100.00,-5.09,-6.57,69.19,76.37
446,,gg.Squaraus 0.6,98.54,100.00,98.19,100.00,0.36,0.00,29.04,23.43
447,,gg.Wolverine 2.0,87.50,99.14,90.76,100.00,-3.26,-0.86,40.63,37.48
448,,gh.GresSuffurd 0.4.13,62.12,73.20,56.13,65.71,5.98,7.49,86.69,93.41
449,,gh.GrubbmGrb 1.2.4,86.52,97.71,84.37,97.14,2.15,0.57,71.90,75.89
450,,gh.GrypRepetyf 0.13,89.45,98.92,91.85,100.00,-2.40,-1.08,64.45,69.42
451,,gh.micro.Grinnik 1.0,90.87,99.14,88.32,100.00,2.55,-0.86,66.41,69.55
452,,gh.micro.GrubbmThree 1.01,66.81,94.55,66.73,92.86,0.08,1.69,56.78,53.61
453,,gh.mini.Grimmig 0.3.6,90.17,99.31,82.27,91.43,7.90,7.88,69.75,75.48
454,,gh.nano.Grofvuil 0.2,97.79,100.00,99.40,100.00,-1.61,-0.00,49.44,49.96
455,,ghent.ArthurPanzergon 1.0.0,89.60,98.39,88.78,97.14,0.82,1.25,46.82,39.94
456,,gimp.GimpBot 0.1,97.70,100.00,97.98,100.00,-0.27,-0.00,25.55,18.80
457,,gio.RealGioBot 1.0,99.07,100.00,96.88,100.00,2.19,-0.00,31.12,23.04
458,,gjr.Cephalosporin 0.2,95.80,99.91,95.03,100.00,0.76,-0.09,29.41,22.93
459,,goblin.Bender 2.4,99.79,100.00,97.39,100.00,2.40,-0.00,22.91,19.28
460,,gre.svman4.Leonidas 1.3.2,98.50,99.63,98.26,100.00,0.24,-0.37,33.17,35.59
461,,gre.svman4.Morfeas 1.4.3,79.47,89.33,75.14,82.86,4.33,6.48,69.79,78.68
462,,grybgoofy.GoofyBot 0.10,90.58,99.33,92.02,100.00,-1.44,-0.67,43.25,41.86
463,,gtf.robocode.Strafer 2.1.1,94.39,100.00,89.44,97.14,4.94,2.86,33.72,28.63
464,,gu.MicroScoob 1.3,91.30,99.52,90.94,100.00,0.37,-0.48,54.59,50.90
465,,gwah.GBotMarkIV 1.0,99.57,100.00,99.39,100.00,0.18,-0.00,20.37,11.39
466,,gwah.GerryBotMkII 1.5.1,98.40,100.00,99.15,100.00,-0.75,-0.00,12.67,6.29
467,,ha2.T2 0.2,98.37,100.00,96.94,100.00,1.43,-0.00,40.46,37.35
468,,ha2.T2b 0.2b,97.96,99.71,95.31,100.00,2.66,-0.29,48.38,47.14
469,,ha2.T3 0.2,87.70,99.81,86.93,98.57,0.77,1.24,58.18,59.12
470,,hamilton.Hamilton 1.0,88.17,97.33,86.10,92.86,2.07,4.48,47.55,51.64
471,,hapiel.Spiral 0.1,96.38,100.00,96.84,100.00,-0.45,-0.00,39.12,33.05
472,,hfgrobots.HFG 1.0,99.74,99.71,99.80,100.00,-0.06,-0.29,8.85,8.26
473,,hirataatsushi.Neo 1.6,98.32,100.00,97.22,100.00,1.09,-0.00,34.95,31.48
474,,hirataatsushi.Trinity 0.003,96.30,100.00,94.35,100.00,1.94,-0.00,33.85,26.98
475,,hlavko.micro.Flex 1.5,81.22,96.19,77.17,90.00,4.06,6.19,64.21,59.23
476,,hlavko.nano.Phoenix 1.0,98.95,100.00,96.02,98.57,2.93,1.43,38.64,30.14
477,,hlavko.nano.Ringo 2.0,97.33,98.72,98.14,100.00,-0.81,-1.28,42.25,37.01
478,,homerbots.h1 1.0,99.98,100.00,100.00,100.00,-0.02,-0.00,15.48,9.85
479,,hp.Athena 0.1,88.11,98.82,79.41,91.43,8.70,7.39,55.46,52.45
480,,hs.SimpleHBot 1.3,97.89,100.00,98.25,100.00,-0.36,-0.00,22.65,15.16
481,,hvilela.HVilela 0.9,97.43,99.90,97.03,100.00,0.40,-0.10,41.17,34.66
482,,infovk.s_schwarzm16.silverbird 1.0,83.36,95.27,84.39,100.00,-1.03,-4.73,66.94,71.42
483,,ins.MobyNano 0.8,81.80,96.76,83.43,94.29,-1.63,2.48,55.81,48.02
484,,intruder.PrairieWolf 2.61,79.53,90.08,82.38,88.57,-2.86,1.50,65.12,72.35
485,,is.fon.rs.FonDestroyer3084 1.0,99.91,100.00,99.58,100.00,0.34,-0.00,9.75,5.93
486,,is.fon.rs.Kamikaza 1.0,99.93,100.00,99.99,100.00,-0.06,-0.00,13.38,6.96
487,,jaara.LambdaBot 1.1,85.36,96.79,80.55,97.14,4.80,-0.36,55.26,53.73
488,,jab.DiamondStealer 5,87.16,98.76,84.09,95.71,3.07,3.05,54.34,51.17
489,,jab.avk.ManuelGallegus 0.6,78.49,92.91,81.34,94.29,-2.84,-1.37,69.25,69.52
490,,jab.micro.Sanguijuela 0.8,69.45,95.71,73.55,100.00,-4.09,-4.29,55.46,47.69
491,,jaemcrb.nano.M1Abrams 1.0,95.08,99.90,96.05,100.00,-0.97,-0.10,42.65,38.03
492,,jam.RaikoMX 0.32,67.09,83.45,57.67,74.29,9.42,9.16,82.24,87.35
493,,jam.micro.RaikoMicro 1.44,74.72,90.86,95.34,100.00,-20.62,-9.14,71.70,75.64
494,,jam.mini.Raiko 0.43,71.93,87.81,68.20,82.86,3.74,4.95,74.41,80.47
495,,janm.Jammy 1.0,92.53,99.21,82.42,94.29,10.11,4.93,43.92,35.74
496,,japs.Serenity 1.0,99.88,100.00,98.98,100.00,0.89,-0.00,10.33,14.07
497,,japs.Sjonniebot 0.9.1,92.47,100.00,92.10,98.57,0.37,1.43,35.35,24.49
498,,jasolo.Sonda 0.55,89.44,99.21,85.05,100.00,4.39,-0.79,56.90,57.47
499,,jaw.KarenCain 0.11,99.59,99.91,98.75,100.00,0.84,-0.09,31.31,26.10
500,,jaw.Mouse 0.11,97.38,100.00,94.35,98.57,3.03,1.43,44.65,41.81
501,,jaybot.adv.bots.JayBot 2.0,95.23,99.62,91.36,97.14,3.88,2.48,43.10,39.89
502,,jaybot.bots.Oddball 4.0,99.33,100.00,99.39,100.00,-0.07,-0.00,25.13,26.91
503,,jbot.Rabbit2 1.1,77.27,93.50,73.97,82.86,3.30,10.64,64.07,68.00
504,,jcs.AutoBot 4.2.1,74.41,89.68,77.69,93.33,-3.28,-3.66,64.81,68.60
505,,jcs.Decepticon 2.5.3,71.88,87.68,79.40,97.14,-7.52,-9.46,78.18,83.47
506,,jcs.Megatron 1.2,73.14,86.80,80.14,91.43,-7.00,-4.63,77.48,81.27
507,,jcs.Seth 1.8,97.92,99.11,95.80,97.14,2.12,1.97,36.88,43.78
508,,jcw.ArcherOne 1.0,99.61,100.00,99.62,100.00,-0.01,-0.00,11.35,6.76
509,,jcz.linio.Linio 2.0.H,91.91,99.90,93.48,100.00,-1.56,-0.10,58.94,62.57
510,,jd.Nullstride 2.3.3,19.09,1.43,26.21,8.57,-7.12,-7.14,95.04,99.17
511,,jdw.Hornet 1.0,98.99,100.00,96.94,100.00,2.05,-0.00,35.11,22.30
512,,jekl.DarkHallow .90.9,72.20,87.59,71.03,91.43,1.17,-3.84,76.68,81.36
513,,jekl.Jekyl .70,82.82,97.60,84.17,100.00,-1.35,-2.40,67.97,73.30
514,,jekl.mini.BlackPearl .91,77.72,92.81,75.48,89.52,2.24,3.29,66.76,70.31
515,,jep.Terrible 0.4.1,97.53,99.82,96.35,100.00,1.18,-0.18,44.61,40.21
516,,jep.nano.Hawkwing 0.4.1,98.78,99.82,97.28,100.00,1.51,-0.18,37.95,28.33
517,,jep.nano.Hotspur 0.1,99.46,99.82,98.76,100.00,0.70,-0.18,39.19,25.66
518,,jeremyreeder.Bully 1,94.92,100.00,94.71,97.14,0.21,2.86,36.21,22.04
519,,jeremyreeder.Vincent 2011.12.09,98.42,100.00,98.79,100.00,-0.37,-0.00,35.63,26.79
520,,jeremyreeder.collective.Prophet 5,99.49,100.00,99.06,100.00,0.44,-0.00,32.18,23.40
521,,jf.Dodger 1.3,99.59,100.00,99.38,100.00,0.21,0.00,33.99,26.55
522,,jgap.JGAP12584 1.0,98.78,100.00,99.13,100.00,-0.35,-0.00,6.63,1.67
523,,jgap.JGAP130166 1.0,99.56,100.00,98.69,100.00,0.87,-0.00,24.70,14.41
524,,jgap.JGAP23423 1.0,96.65,99.90,94.66,100.00,1.99,-0.10,27.60,14.96
525,,jgap.JGAP6139 1.0,89.82,99.31,89.64,100.00,0.17,-0.69,32.18,16.90
526,,jgap.JGAP7247_2 1.0,95.74,100.00,96.58,100.00,-0.84,-0.00,16.78,5.54
527,,jgap.JGAP7958 1.0,91.90,99.52,87.76,97.14,4.14,2.38,34.91,20.30
528,,jje.BagPuss 1.2,96.31,99.71,94.12,100.00,2.19,-0.29,45.58,43.91
529,,jk.mega.DrussGT 3.1.16,42.17,28.04,55.83,62.86,-13.67,-34.82,92.58,98.00
530,,jk.melee.Neuromancer 7.12,46.45,39.52,54.13,61.90,-7.68,-22.38,86.58,94.01
531,,jk.micro.Cotillion 0.8,61.63,76.06,56.51,71.43,5.12,4.63,77.77,82.36
532,,jk.mini.CunobelinDC 1.2,68.96,83.46,69.48,85.71,-0.52,-2.26,82.96,88.18
533,,jk.nano.Machete 2.0,75.15,99.46,72.02,96.19,3.13,3.27,62.70,57.72
534,,jk.precise.EnergyDome 1.8,99.88,100.00,100.00,100.00,-0.12,0.00,56.27,62.93
535,,jk.precise.Wintermute 0.8,63.90,77.52,59.80,81.43,4.10,-3.90,84.60,91.00
536,,jk.sheldor.nano.Yatagan 1.2.3,76.34,91.43,73.54,81.43,2.79,10.00,65.60,63.52
537,,jmcd.BeoWulf 2.8,84.73,97.64,87.24,97.14,-2.50,0.49,57.89,58.74
538,,joe.ADinosaur 1.0,96.64,100.00,94.55,100.00,2.08,-0.00,46.15,40.59
539,,josago.Jorgito 0.16,90.01,98.95,88.49,97.14,1.52,1.81,49.08,50.12
540,,jp.Perpy 16.0,86.25,97.14,82.18,90.00,4.07,7.14,58.92,59.67
541,,jp.SineWall 1.0,97.89,100.00,97.72,100.00,0.18,-0.00,28.74,20.58
542,,jrm.Test0 1.0,96.64,99.80,96.45,100.00,0.19,-0.20,42.96,38.45
543,,js.PinBall 1.6,98.56,100.00,95.73,99.05,2.84,0.95,47.27,44.03
544,,jsal.Jsalbot 1.0,94.74,96.77,97.35,100.00,-2.61,-3.23,25.83,20.53
545,,jt.SpearmintCT Alpha,97.73,100.00,97.56,100.00,0.16,-0.00,25.12,12.52
546,,justin.DemonicRage 3.20,64.67,79.14,73.88,88.57,-9.21,-9.43,81.06,86.92
547,,jw.Booring 1.11,78.15,91.07,69.19,74.29,8.96,16.79,58.96,63.02
548,,jwirde.Gort 2.0,98.69,100.00,98.09,100.00,0.60,-0.00,38.38,35.71
549,,jwst.DAD.DarkAndDarker 1.1,88.50,99.62,86.72,94.29,1.79,5.33,63.60,69.67
550,,kanishk.Fr0z3n 1.1,99.92,100.00,99.91,100.00,0.01,-0.00,22.49,22.01
551,,kano.gamma.KanoGamma 1.8,86.04,96.92,89.56,97.14,-3.52,-0.22,49.78,48.34
552,,kawam.kmBot9 1.0,97.42,100.00,94.99,100.00,2.43,-0.00,43.11,44.00
553,,kawigi.f.FhqwhgadsMicro 1.0,82.97,96.75,81.27,95.00,1.70,1.75,64.51,65.36
554,,kawigi.micro.Shiz 1.1,99.26,100.00,96.85,100.00,2.40,-0.00,40.75,36.36
555,,kawigi.mini.Coriantumr 1.1,89.49,99.43,91.32,100.00,-1.83,-0.57,63.48,67.17
556,,kawigi.mini.Fhqwhgads 1.1,78.70,94.19,81.06,92.86,-2.37,1.33,64.85,67.12
557,,kawigi.nano.FunkyChicken 1.1,82.11,97.44,87.77,100.00,-5.66,-2.56,57.83,53.63
558,,kawigi.nano.ThnikkaBot 0.9,99.07,100.00,95.11,100.00,3.96,-0.00,47.14,44.73
559,,kawigi.robot.Girl 1.2,94.76,99.12,91.60,94.29,3.16,4.84,42.07,43.50
560,,kawigi.sbf.Barracuda 1.0,97.84,99.70,99.10,100.00,-1.27,-0.30,47.29,45.92
561,,kawigi.sbf.FloodHT 0.9.2,74.07,90.00,66.17,83.81,7.90,6.19,73.03,78.85
562,,kawigi.sbf.FloodMicro 1.5,98.90,100.00,97.98,100.00,0.93,-0.00,47.13,43.05
563,,kawigi.sbf.FloodMini 1.4,82.33,95.57,83.83,97.14,-1.50,-1.58,66.23,68.80
564,,kawigi.sbf.FloodNano 1.2,90.25,99.24,91.98,100.00,-1.73,-0.76,45.19,36.71
565,,kawigi.sbf.FloodSonnet 0.9,82.85,95.30,82.63,97.14,0.23,-1.84,63.31,66.18
566,,kawigi.sbf.Teancum 1.3,76.32,89.56,80.92,93.33,-4.59,-3.78,59.63,63.28
567,,kawigi.spare.SpareParts 0.7.6nosnd,93.89,98.57,94.03,100.00,-0.13,-1.43,45.14,45.66
568,,kb.PingPong 1.0,99.98,100.00,99.56,100.00,0.41,-0.00,13.59,12.16
569,,kc.mega.BeepBoop 2.0,19.95,1.77,23.14,11.43,-3.20,-9.66,95.02,99.19
570,,kc.micro.Needle 0.101,75.83,89.95,72.01,82.86,3.81,7.09,69.36,72.62
571,,kc.micro.Thorn 1.252,70.57,84.76,74.03,88.57,-3.46,-3.81,75.56,79.98
572,,kc.micro.WaveShark 0.5,73.49,89.17,70.79,82.86,2.70,6.32,76.94,81.03
573,,kc.micro.rammer.MaxRisk 0.6,68.33,94.19,70.05,94.29,-1.72,-0.10,56.43,51.28
574,,kc.nano.Splinter 1.2,86.82,98.92,83.30,96.19,3.52,2.73,58.11,56.29
575,,kc.serpent.Hydra 0.21,55.27,66.70,53.72,68.57,1.55,-1.87,84.61,90.66
576,,kc.serpent.WaveSerpent 2.11,59.72,70.05,61.63,80.00,-1.91,-9.95,86.68,93.04
577,,kcn.percept.PerceptBot 2.3,99.12,99.90,98.73,100.00,0.39,-0.10,36.00,38.14
578,,kcn.unnamed.Unnamed 1.21,78.44,92.59,93.57,98.57,-15.13,-5.98,68.40,72.16
579,,kenran.Bakko v1.0.1,74.71,85.97,65.85,74.29,8.87,11.69,76.37,82.85
580,,kenran.mega.Pantheist 1.1,71.26,84.67,76.05,91.43,-4.79,-6.76,72.72,78.41
581,,kid.Gladiator .7.2,76.27,83.78,92.28,94.29,-16.00,-10.51,75.93,83.55
582,,kid.Toa .0.5,83.04,92.19,82.71,91.43,0.33,0.76,71.81,77.78
583,,kinsen.melee.Angsaichmophobia 1.8c,88.53,97.97,91.38,97.14,-2.86,0.83,56.73,56.30
584,,kinsen.nano.Charp 1.0,77.93,94.56,74.16,91.43,3.76,3.13,58.69,52.51
585,,kinsen.nano.Hoplomachy 1.6,96.87,100.00,97.64,100.00,-0.76,-0.00,49.69,44.83
586,,kinsen.nano.Quarrelet 1.0,78.92,94.88,77.93,91.43,0.99,3.45,58.42,51.53
587,,kinsen.nano.Senticous 1.0,84.33,97.73,86.72,100.00,-2.40,-2.27,47.61,38.72
588,,kjc.Karaykan 1.0,95.84,100.00,95.87,100.00,-0.03,0.00,22.05,14.42
589,,kjc.MailManX 2.0,96.72,100.00,94.57,100.00,2.15,-0.00,22.36,14.00
590,,kjc.etc.Dharok 1.0,95.91,100.00,94.35,100.00,1.56,-0.00,43.36,36.74
591,,klein.GottesKrieger 1.1,94.46,100.00,94.58,100.00,-0.12,-0.00,49.75,47.30
592,,kms.Golden 0.10,71.88,87.00,74.81,90.00,-2.93,-3.00,72.99,78.22
593,,kms.Royal 0.15M,91.12,99.91,91.67,100.00,-0.55,-0.09,44.40,35.16
594,,knackibot.KnackOnOne 0.8.1,98.32,99.86,96.44,100.00,1.88,-0.14,39.07,37.12
595,,kneels.ToNoone 0.2,97.64,99.90,94.05,100.00,3.59,-0.10,33.31,25.47
596,,kneels.nano.Derp 0.2,80.22,95.24,80.20,97.14,0.02,-1.90,55.77,50.25
597,,krillr.mega.Psyche 0.0.3,97.69,99.43,95.95,100.00,1.74,-0.57,46.18,42.21
598,,krillr.mini.JointStrike 2.0.0,88.27,98.71,90.43,100.00,-2.15,-1.29,50.41,41.96
599,,kronenthaler.Basilisk 1.0,98.57,98.72,98.66,100.00,-0.09,-1.28,60.97,70.54
600,,krzysiek.robbo2.Robbo 1.0.0,88.44,99.31,87.36,97.14,1.08,2.17,57.53,58.12
601,,kurios.DOSexe .9a,85.55,99.82,87.49,97.14,-1.94,2.67,44.50,30.55
602,,kvk.HebusLeTroll 0.41,85.09,97.52,84.38,97.14,0.71,0.38,61.46,64.02
603,,labg.Cataclysm 2.05,86.83,98.52,90.35,100.00,-3.52,-1.48,58.16,60.46
604,,lancel.Lynx 1.09,63.97,77.52,72.18,91.43,-8.22,-13.90,77.69,84.55
605,,lazarecki.mega.PinkerStinker 0.7,78.56,91.03,78.31,88.57,0.26,2.46,69.26,77.25
606,,learn.ISmart 2.0s,81.99,94.88,72.71,88.57,9.28,6.31,62.36,66.81
607,,leb.ShootAnArrow 0.1,94.68,100.00,90.17,97.14,4.52,2.86,31.24,20.13
608,,lechu.Ala 0.0.4,84.54,94.48,87.05,94.29,-2.52,0.19,54.67,59.57
609,,lechu.Lechu 1.1,96.94,100.00,96.84,100.00,0.10,-0.00,44.49,41.22
610,,lessonz.robocode.Oz 0.5.0,98.62,100.00,94.75,97.14,3.88,2.86,48.26,49.22
611,,lion.Kresnanano 1.0,94.79,99.90,90.62,100.00,4.17,-0.10,42.41,35.90
612,,lj.Dapps 0.2,85.22,97.71,80.34,91.43,4.88,6.29,62.79,65.74
613,,lk.nano.Avesnar 1.1,97.06,99.90,95.54,100.00,1.52,-0.10,49.50,44.22
614,,lmk.ACPFinal 0.2,99.00,99.80,98.77,100.00,0.23,-0.20,35.73,29.77
615,,logiblocs.Fire 1.0,98.34,100.00,97.71,100.00,0.63,-0.00,4.27,1.26
616,,logiblocs.SittingDroid 1.0,100.00,100.00,100.00,100.00,-0.00,-0.00,3.25,3.84
617,,lorneswork.Predator 1.0,98.47,100.00,89.41,97.14,9.07,2.86,42.96,41.75
618,,lrem.Spectre 0.4.4,91.98,99.70,87.62,100.00,4.36,-0.30,56.59,58.69
619,,lrem.magic.TormentedAngel Antiquitie,86.47,99.34,81.69,95.71,4.78,3.63,57.38,58.82
620,,lrem.micro.FalseProphet Alpha,77.21,94.57,86.01,98.57,-8.80,-4.00,58.28,58.01
621,,lrem.micro.MoggFanatic 0.2,92.80,99.70,90.18,100.00,2.62,-0.30,50.98,46.71
622,,lrem.quickhack.QuickHack 1.0,88.93,99.05,89.35,97.14,-0.42,1.90,54.51,56.93
623,,lucasslf.Dodger 1.0,80.83,95.76,81.23,91.43,-0.40,4.33,61.91,67.57
624,,lucasslf.HariSeldon 0.2.1,80.51,95.47,77.84,90.48,2.68,4.99,69.95,75.24
625,,lucasslf.Wiggins 0.6,77.19,91.03,68.35,80.00,8.84,11.03,77.08,83.56
626,,lunchie.Lunchbox 0.93,95.10,100.00,95.49,100.00,-0.39,-0.00,36.26,30.33
627,,lundal.Mark8 2012.09.15,99.09,100.00,97.95,100.00,1.14,-0.00,38.98,38.17
628,,lw.LuthersTest 0.1,99.94,100.00,99.85,100.00,0.08,-0.00,8.09,5.29
629,,lxx.ConceptA 0.8,87.42,98.10,85.84,97.14,1.58,0.95,70.16,69.35
630,,lxx.Emerald 0.6.5,94.28,98.76,89.61,91.43,4.67,7.33,69.03,76.27
631,,m3thos.Eva00 1.1,99.81,100.00,98.91,100.00,0.90,0.00,41.01,31.85
632,,m3thos.Eva02 0.7.1,93.08,100.00,86.18,91.43,6.90,8.57,51.48,53.30
633,,m3thos.mini.Eva01 0.5.5,94.49,100.00,92.84,100.00,1.65,-0.00,38.91,35.47
634,,ma.is.fon.rs.RobotA 0.01,99.91,100.00,100.00,100.00,-0.09,-0.00,17.85,9.44
635,,madmath.Cow 0.1.1,97.89,100.00,97.21,100.00,0.67,-0.00,22.45,13.44
636,,mae.Mae1 1.1,99.62,100.00,99.82,100.00,-0.20,-0.00,15.93,10.74
637,,mahrgell.mahrram 1.3,79.28,99.45,81.11,99.29,-1.83,0.16,50.47,38.01
638,,marcinek.TopGun 1.3,97.26,100.00,95.62,100.00,1.64,-0.00,43.56,34.47
639,,maribo.FollowFire 1.11,73.66,98.16,71.99,95.71,1.67,2.44,48.62,32.82
640,,maribo.IotaCT 1.0,95.43,100.00,93.47,100.00,1.96,-0.00,42.15,36.99
641,,maribo.Omicron 1.0,97.12,99.90,91.71,98.57,5.41,1.33,52.51,48.60
642,,maribo.melee.BMV 0.1,98.92,100.00,98.29,100.00,0.63,-0.00,42.52,35.23
643,,marksteam.Phoenix 1.0,93.51,99.14,93.26,100.00,0.25,-0.86,46.44,42.14
644,,matt.BlueMind 0.8.00,97.67,99.90,96.72,100.00,0.95,-0.10,33.20,29.13
645,,matt.UnderDark3 2.4.34,97.86,100.00,96.07,97.14,1.79,2.86,31.65,34.05
646,,matt.UnderDark4 0.4.00,98.21,100.00,97.83,100.00,0.38,-0.00,20.49,18.45
647,,matt.advanced.Katana 1.0,94.93,100.00,91.27,97.14,3.66,2.86,35.98,31.07
648,,maye.SlashBot 1.0,99.97,100.00,99.10,100.00,0.87,-0.00,9.71,5.68
649,,mb.Beast 0.4.1,98.26,100.00,97.07,98.57,1.19,1.43,47.98,45.78
650,,mb.Monte 0.1.0,88.83,99.21,86.11,94.29,2.71,4.93,59.43,58.93
651,,mbh.Mbh 0.1,98.98,100.00,98.14,100.00,0.84,-0.00,24.85,15.16
652,,mbro.BelajarBot 0.0.3,99.29,99.90,97.14,100.00,2.15,-0.10,25.35,20.28
653,,mbro.Detektor3 0.1.1,99.58,100.00,93.66,97.14,5.92,2.86,25.68,24.59
654,,mc.Messapia 0.1.8,99.97,100.00,99.60,100.00,0.36,-0.00,11.30,7.62
655,,mc2.enemy.Original 0.9,97.81,97.73,92.58,91.43,5.23,6.31,49.25,59.83
656,,mcb.Audace 1.3,92.23,100.00,92.36,100.00,-0.14,-0.00,51.75,49.26
657,,md.November 1.0,90.97,99.51,82.19,94.29,8.78,5.22,43.49,36.85
658,,md.Pasta 1.1,85.74,98.57,88.82,100.00,-3.07,-1.43,48.43,43.99
659,,md.VelociRaptor 1.3,94.93,100.00,93.75,100.00,1.18,-0.00,25.50,14.90
660,,mdouet.BotKicker 2.0,95.30,100.00,94.46,100.00,0.84,-0.00,40.85,34.18
661,,metal.small.MCool 1.21,89.72,99.08,89.30,98.57,0.42,0.51,54.04,51.00
662,,metal.small.dna2.MCoolDNA 1.5,72.69,87.59,76.33,89.71,-3.64,-2.13,68.37,74.33
663,,microtestbotpack.MicroTestBot 1.0,99.52,100.00,99.81,100.00,-0.28,-0.00,38.33,45.84
664,,mjhjd.MattHussey1 1.1,99.96,100.00,99.52,100.00,0.44,-0.00,9.87,7.90
665,,mk.Alpha 0.2.1,91.06,99.71,87.09,96.19,3.97,3.52,63.99,67.07
666,,mladjo.AIR 0.7,86.78,98.71,82.33,97.14,4.45,1.57,54.21,51.04
667,,mladjo.GnuKlub 0.1,86.98,98.03,87.11,97.14,-0.13,0.89,65.12,65.42
668,,mladjo.Grrrrr 0.9,67.89,81.62,72.05,85.71,-4.17,-4.10,67.89,73.82
669,,mladjo.Startko 1.0,87.13,99.70,88.87,98.57,-1.75,1.13,53.05,51.66
670,,mladjo.iRobot 0.3,84.54,96.57,76.68,91.43,7.86,5.14,70.79,76.14
671,,mld.DustBunny 3.8,98.83,99.90,98.77,100.00,0.06,-0.10,41.67,31.76
672,,mld.Infinity 2.2,97.95,100.00,98.99,100.00,-1.05,-0.00,41.09,37.14
673,,mld.LittleBlackBook 1.69e,91.78,100.00,94.05,100.00,-2.27,-0.00,51.58,48.39
674,,mld.Moebius 2.9.3,78.83,94.73,83.96,95.71,-5.13,-0.98,63.96,64.73
675,,mld.Wisdom 1.0,97.41,100.00,97.80,100.00,-0.39,-0.00,43.89,39.95
676,,mld.jdc.nano.LittleBlackBook 1.0,92.06,100.00,94.00,100.00,-1.94,0.00,52.85,51.17
677,,mmb.Roskilde 0.5,99.06,100.00,99.31,100.00,-0.25,-0.00,42.36,47.36
678,,mme.NikeEnhanced 2.0,98.83,100.00,98.76,100.00,0.07,-0.00,30.86,22.65
679,,mn.Combat 3.25.0,58.13,62.49,66.71,85.71,-8.58,-23.23,83.24,92.87
680,,mn.micro.perceptual.Mimic 1.0.0,79.59,90.05,93.06,100.00,-13.48,-9.95,35.57,28.12
681,,mn.nano.SkippedTurns 1.1.0,100.00,100.00,100.00,100.00,-0.00,-0.00,0.00,0.01
682,,mn.nano.perceptual.Impact 1.3.0,68.58,95.33,67.59,91.43,0.99,3.90,55.44,47.70
683,,mnt.AHEB 0.6a,77.25,90.54,75.58,85.71,1.67,4.82,62.14,67.35
684,,mnt.SurferBot 0.2.5,87.62,99.11,86.54,97.14,1.08,1.97,63.08,66.96
685,,morbid.MorbidPriest 1.0,90.96,98.48,84.88,94.29,6.08,4.19,53.40,56.29
686,,mrm.MightyMoose .2,97.19,100.00,95.12,100.00,2.07,-0.00,46.01,42.13
687,,ms.Ares 0.19,93.72,98.25,94.58,100.00,-0.86,-1.75,58.98,64.44
688,,mue.Ascendant 1.2.27,54.95,64.76,57.67,73.33,-2.72,-8.57,84.91,91.91
689,,mue.Hyperion 0.8,64.22,76.72,70.34,82.86,-6.13,-6.13,75.77,86.36
690,,muf.CrazyKitten 0.9,84.67,95.76,88.02,100.00,-3.35,-4.24,59.91,60.32
691,,mwj.A1176183 1.0,99.94,99.90,99.82,100.00,0.12,-0.10,18.93,21.14
692,,myl.micro.Avipes 1.00,83.70,97.70,72.72,85.71,10.98,11.98,64.49,64.09
693,,myl.micro.NekoNinja 1.30,87.65,98.57,88.60,100.00,-0.95,-1.43,56.18,54.59
694,,myl.micro.Predator 1.50,97.60,99.63,96.59,100.00,1.02,-0.37,51.49,48.34
695,,myl.micro.Troodon 1.10,99.57,100.00,98.94,100.00,0.63,0.00,45.27,40.32
696,,myl.nano.Graviton 1.10,99.75,100.00,99.53,100.00,0.22,-0.00,35.46,33.92
697,,myl.nano.Kakuru 1.20,82.59,97.24,80.01,97.14,2.59,0.10,52.80,45.59
698,,myl.nano.KomoriNinja 1.1,97.32,100.00,97.03,100.00,0.29,-0.00,44.56,39.94
699,,mym.EdgeStalker 1.0,99.96,100.00,99.58,100.00,0.38,-0.00,11.35,8.09
700,,mz.Adept 2.65,90.89,99.52,90.88,100.00,0.02,-0.48,50.47,47.21
701,,mz.AdeptBSB 1.03,98.95,100.00,98.75,100.00,0.20,-0.00,50.89,52.53
702,,mz.Movement 1.8,94.71,98.47,90.25,100.00,4.45,-1.53,46.72,41.49
703,,mz.NanoDeath 2.56,71.83,97.62,66.14,88.57,5.70,9.05,54.74,46.67
704,,mz.NanoGod 2.02,98.43,100.00,97.18,100.00,1.24,-0.00,49.90,50.98
705,,nammyung.ModelT 0.23,99.74,100.00,99.75,100.00,-0.01,-0.00,38.36,49.58
706,,nan.Ihivatar_Mk_1 1.0,94.81,98.84,94.08,100.00,0.74,-1.16,56.27,54.27
707,,nanoskank.NanoSkank 1.0,93.95,99.90,92.74,98.10,1.21,1.81,38.92,29.05
708,,nat.BlackHole 2.0gamma,74.88,91.02,68.60,85.71,6.28,5.31,74.37,78.52
709,,nat.Hikari dev0001,85.34,98.48,83.49,97.14,1.85,1.33,67.63,72.38
710,,nat.Samekh 0.4,66.07,80.96,68.64,85.71,-2.58,-4.75,76.17,81.15
711,,nat.micro.Reepicheep 0.1a,86.08,98.13,86.08,100.00,-0.00,-1.87,54.74,48.81
712,,nat.nano.Ocnirp 1.73,78.20,94.88,77.67,92.86,0.53,2.02,58.09,54.22
713,,nat.nano.OcnirpPM 1.0,76.96,94.65,78.67,94.29,-1.71,0.37,58.37,53.65
714,,nat.nano.OcnirpSNG 1.0b,78.98,95.62,77.71,91.43,1.27,4.19,60.16,54.98
715,,ncj.MoxieBot 1.0,96.54,92.51,96.77,91.43,-0.23,1.08,9.93,17.53
716,,ndn.DyslexicMonkey 1.1,97.19,100.00,91.31,95.24,5.87,4.76,46.31,40.68
717,,ne.Chimera 1.2,88.08,99.62,86.11,97.14,1.96,2.48,52.42,51.21
718,,nexus.Experimental 0.2,99.56,100.00,98.14,100.00,1.42,-0.00,41.18,32.09
719,,nexus.One 1.0,98.90,100.00,98.45,100.00,0.45,-0.00,39.42,27.57
720,,nexus.Prototype 1.0,94.84,99.91,90.36,100.00,4.48,-0.09,33.95,18.50
721,,nexus.Two 0.2,96.89,99.14,97.99,100.00,-1.10,-0.86,37.89,25.87
722,,ngf.nano.Sparky 0.1.5,81.40,97.14,82.71,92.38,-1.32,4.76,56.97,55.59
723,,nic.Nicator 2.4,93.66,99.90,94.40,100.00,-0.74,-0.10,50.96,51.16
724,,nic.SnippetBot 1.0,99.12,100.00,98.66,100.00,0.47,-0.00,32.19,29.00
725,,nkn.mini.Jskr0 0.1,84.31,97.90,96.95,100.00,-12.64,-2.10,68.61,72.32
726,,non.mega.NaN 0.1,81.04,96.10,71.48,90.48,9.56,5.62,60.08,59.43
727,,non.mega.NoName 0.0,87.37,98.67,86.19,94.29,1.18,4.38,52.95,50.56
728,,nosteel.Welby 0.0.3,93.37,99.90,94.80,100.00,-1.43,-0.10,46.59,42.08
729,,nova.Snow 1.0,77.74,91.15,74.04,82.86,3.70,8.29,56.42,60.63
730,,ntc.Cannon 1.12test,72.68,89.52,73.61,88.57,-0.93,0.95,64.65,62.36
731,,ntc.Evader 1.2,98.70,99.90,98.13,100.00,0.57,-0.10,42.58,40.31
732,,ntc.Knowledge 1.1,90.97,99.73,90.35,99.05,0.62,0.68,49.14,40.68
733,,ntc.Lasers.Lasers 0.9,88.97,99.82,91.40,100.00,-2.42,-0.18,47.16,41.02
734,,ntc.Plains 0.9,95.99,98.13,97.94,100.00,-1.95,-1.87,41.92,34.62
735,,ntc.Swim 0.9,88.82,96.77,86.91,92.86,1.91,3.92,42.38,40.60
736,,ntw.Sighup 1.5,92.85,99.80,90.78,97.14,2.07,2.66,31.38,19.45
737,,ntw.Sigsys 1.6,96.40,100.00,93.74,98.57,2.67,1.43,32.48,19.24
738,,nz.A7Ibwenape A7Ibwen1.0,99.38,100.00,98.83,100.00,0.55,0.00,5.43,2.81
739,,nz.jdc.micro.HedgehogGF 1.5,76.15,90.25,79.40,92.86,-3.25,-2.61,75.74,81.01
740,,nz.jdc.micro.HedgehogP 1.2,77.59,90.76,74.20,85.71,3.39,5.05,65.92,69.31
741,,nz.jdc.nano.AralR 1.1,90.15,99.90,90.79,100.00,-0.64,-0.10,57.48,55.34
742,,nz.jdc.nano.AralT 1.1,88.99,99.90,87.71,98.57,1.28,1.33,57.07,52.71
743,,nz.jdc.nano.NeophytePRAL 1.4,87.92,99.22,90.32,100.00,-2.41,-0.78,63.11,65.14
744,,nz.jdc.nano.NeophytePattern 1.1,79.43,95.62,86.94,100.00,-7.50,-4.38,65.20,67.25
745,,nz.jdc.nano.NeophyteSRAL 1.3,98.40,100.00,97.94,100.00,0.46,-0.00,59.18,60.13
746,,nz.jdc.nano.PatternAdept 1.0,84.67,99.43,85.49,97.14,-0.82,2.29,62.85,59.91
747,,nz.jdc.nano.PralDeGuerre 1.2,77.24,93.71,75.54,85.71,1.70,8.00,64.98,62.36
748,,nzeemin.Izh 0.5,99.37,100.00,98.69,100.00,0.68,-0.00,30.98,23.81
749,,oa.weak.BotherBot 0.1,98.78,100.00,97.12,100.00,1.66,-0.00,27.55,20.64
750,,oa.weak.FlyMk1 0.1,99.42,100.00,95.92,98.57,3.50,1.43,24.87,17.14
751,,ola.Puffin 1.0,99.33,100.00,98.41,100.00,0.92,-0.00,25.88,21.83
752,,omens.CannonfodderMicro 1.4,97.64,100.00,95.08,97.14,2.56,2.86,43.10,39.69
753,,omens.CannonfodderNano 1.4,97.81,99.91,97.03,100.00,0.78,-0.09,26.84,17.86
754,,oog.PricklyPear 1.0.6,76.42,88.57,77.12,85.71,-0.69,2.86,77.75,84.73
755,,oog.mega.saguaro.Saguaro 1.0,56.66,69.75,72.10,88.57,-15.44,-18.82,91.88,95.26
756,,oog.melee.Capulet 1.2,91.94,99.41,91.49,100.00,0.44,-0.59,51.48,54.95
757,,oog.melee.Mercutio 1.0,97.12,99.90,88.50,92.86,8.62,7.04,47.96,49.62
758,,oog.micro.Claudius 1.11,75.83,89.14,71.78,88.57,4.05,0.57,71.92,75.99
759,,oog.micro.MagicD3 0.41,70.46,85.43,75.30,85.71,-4.84,-0.29,66.62,68.86
760,,oog.micro.Maui 1.2,78.99,94.65,81.69,94.29,-2.70,0.37,66.01,69.82
761,,oog.micro.SavantMicro 1.1,75.36,89.46,74.72,87.14,0.65,2.32,68.63,71.57
762,,oog.mini.AlphaDragon 0.1,75.95,90.25,76.41,97.14,-0.46,-6.90,70.02,75.64
763,,oog.nano.Caligula 1.15,78.05,98.42,75.88,97.14,2.16,1.28,65.00,61.42
764,,oog.nano.Fuatisha 1.1,78.33,94.21,76.45,90.00,1.88,4.21,63.87,68.85
765,,oog.nano.MagicD2 2.4,92.59,100.00,91.90,100.00,0.69,0.00,47.28,43.71
766,,oog.nano.SavantVS 1.1,98.14,99.70,96.26,100.00,1.88,-0.30,49.63,44.20
767,,oog.nano.SavantWS 0.1,97.47,100.00,96.13,100.00,1.34,-0.00,35.43,24.60
768,,origin.SleepSiphon 1.7b,93.96,99.90,94.18,100.00,-0.22,-0.10,64.94,68.94
769,,ouroboros.Dragon 0.0.3,74.67,83.05,73.95,82.86,0.72,0.19,81.56,89.01
770,,pa.Improved 1.1,99.67,100.00,97.62,97.14,2.05,2.86,27.96,22.25
771,,pa3k.Manta 1.20,88.13,97.90,91.48,97.14,-3.35,0.76,45.76,42.61
772,,pa3k.Quark 1.02,89.01,97.62,79.78,90.00,9.22,7.62,53.19,58.39
773,,pa3k.Viper 5.03,85.57,96.95,82.23,93.33,3.35,3.62,60.59,64.98
774,,pac.ABC 2.1,99.37,100.00,99.51,100.00,-0.15,-0.00,19.06,15.99
775,,pak.Dargon 1.0b,97.29,97.70,99.40,100.00,-2.11,-2.30,32.67,25.63
776,,pak.JakeTheTestingRobot .1b,97.98,100.00,93.81,100.00,4.18,-0.00,36.30,25.34
777,,paket.MojRobot 1.0,99.92,100.00,100.00,100.00,-0.08,-0.00,9.03,7.13
778,,panzer.Panzer 0.2,95.77,99.90,87.86,97.14,7.91,2.76,41.16,28.70
779,,paolord.TheHulk 1.0,99.78,100.00,98.44,98.57,1.34,1.43,35.46,32.45
780,,patson.PatsonTestBot 1.0,94.31,99.76,94.54,100.00,-0.24,-0.24,37.37,30.37
781,,paulk.PaulV3 1.7,76.93,91.14,76.10,90.00,0.84,1.14,70.03,78.07
782,,pb.Oscillator 1.0,98.35,100.00,95.89,99.05,2.46,0.95,18.65,11.39
783,,pbg.NinjaX 1.2,99.73,99.91,99.48,100.00,0.25,-0.09,21.30,18.21
784,,pc.Wavelet 1.5,38.66,26.24,44.34,40.00,-5.68,-13.76,87.06,94.88
785,,pe.SandboxDT 3.02,64.71,76.29,77.57,94.29,-12.86,-18.00,78.09,85.90
786,,pe.SandboxLump 1.52,78.30,94.29,84.00,97.14,-5.70,-2.86,66.82,71.85
787,,pe.mini.SandboxMini 1.2,83.09,97.93,79.22,92.86,3.87,5.07,61.00,61.23
788,,pe.minimelee.SandboxMiniMelee 1.1,97.21,99.82,96.11,100.00,1.10,-0.18,47.43,44.11
789,,pedersen.Hubris 2.4,83.47,96.38,83.34,97.14,0.12,-0.76,68.63,73.21
790,,pedersen.Ugluk 1.0,74.55,86.38,77.14,91.43,-2.59,-5.05,71.06,75.22
791,,penguin.Ivy 1.1r,80.92,84.48,83.94,91.43,-3.01,-6.95,64.95,71.66
792,,penguin.Joker .611wr,72.37,81.18,77.72,91.43,-5.35,-10.25,69.64,73.45
793,,penguin.MrFreeze 1.0a,83.77,93.69,89.02,97.14,-5.24,-3.45,69.93,76.19
794,,pez.clean.Swiffer 0.2.9,79.78,94.09,80.20,85.71,-0.42,8.37,65.78,71.47
795,,pez.frankie.Frankie 0.9.6.1,72.85,87.39,78.74,97.14,-5.89,-9.75,64.59,67.04
796,,pez.gloom.GloomyDark 0.9.2,79.84,94.38,91.84,97.14,-11.99,-2.76,66.84,72.50
797,,pez.mako.Mako 1.5,83.11,96.47,79.96,94.29,3.16,2.18,61.42,59.90
798,,pez.micro.Aristocles 0.3.9,75.83,89.43,77.32,91.43,-1.48,-2.00,68.87,76.11
799,,pez.mini.ChironexFleckeri 0.5,81.83,95.67,85.29,100.00,-3.46,-4.33,65.49,66.36
800,,pez.mini.Gouldingi 1.5,91.81,99.41,93.49,100.00,-1.68,-0.59,56.12,54.14
801,,pez.mini.Tityus 0.9.1,77.44,92.67,72.97,88.57,4.46,4.10,72.44,75.93
802,,pez.mini.VertiLeach 0.4.0,77.74,93.24,81.40,94.29,-3.66,-1.05,67.75,70.65
803,,pez.mini2.Pugilist 2.5.15,66.34,68.99,62.07,62.86,4.28,6.14,80.33,88.58
804,,pez.nano.Icarus 0.3,97.44,99.52,94.99,97.14,2.45,2.38,46.00,40.97
805,,pez.nano.LittleEvilBrother 0.1,98.36,99.90,98.34,100.00,0.03,-0.10,41.81,34.02
806,,pez.rumble.Ali 0.4.9,60.89,75.67,63.93,82.86,-3.04,-7.19,82.47,88.28
807,,pez.rumble.CassiusClay 2rho.02no,60.31,66.31,53.09,48.57,7.22,17.73,83.61,91.00
808,,pfvicm.Sobieski 7.2.3b,96.08,99.70,96.94,100.00,-0.86,-0.30,50.49,47.05
809,,ph.Thinker 0.2.5,95.30,99.71,92.66,100.00,2.64,-0.29,44.41,40.86
810,,ph.micro.Pikeman 0.4.5,78.51,94.29,68.71,85.71,9.80,8.57,66.48,69.59
811,,ph.mini.Archer 0.6.6,69.90,85.05,66.54,82.86,3.35,2.19,68.70,76.75
812,,ph.musketeer.Musketeer 0.6,67.14,81.24,78.30,88.57,-11.17,-7.33,68.21,76.49
813,,pi.Dark 10,83.49,97.44,82.81,95.71,0.67,1.72,55.13,52.68
814,,pkbots.BoyTDSurfer 1.0,74.20,88.67,76.11,91.43,-1.91,-2.76,72.54,78.04
815,,pkdeken.Paladin 1.0,92.69,100.00,93.25,100.00,-0.56,-0.00,51.95,45.22
816,,pl.Drum 0.1,87.41,99.65,83.37,94.29,4.05,5.37,60.50,64.04
817,,pl.Patton.GeneralPatton 1.54,87.58,98.57,77.81,87.14,9.76,11.43,62.33,67.98
818,,pl.mskiba.Hilton 0.4,99.92,100.00,99.95,100.00,-0.03,-0.00,37.77,39.00
819,,pl.robocode.Pacyfista 1.0,99.52,100.00,98.13,100.00,1.38,-0.00,38.52,39.24
820,,pla.Memnoch 0.5,97.51,99.80,94.84,100.00,2.67,-0.20,44.28,40.72
821,,pmc.SniperBot 1.0,94.76,100.00,94.25,100.00,0.51,-0.00,41.45,25.88
822,,populations.TrainStoopidbot 0.01,97.28,100.00,91.19,94.29,6.09,5.71,45.69,45.21
823,,positive.Portia 1.26e,68.01,80.46,64.75,81.43,3.27,-0.97,81.54,89.77
824,,povik.nano.Smilee 0.2.1,88.04,99.33,89.45,100.00,-1.41,-0.67,29.80,15.56
825,,projectx.ProjectNano 2.0,96.70,100.00,94.73,97.14,1.97,2.86,40.25,34.89
826,,projectx.TestNano 1.0,93.83,99.51,90.34,100.00,3.50,-0.49,30.32,17.14
827,,pulsar.Nanis 0.3,93.96,100.00,94.81,100.00,-0.85,-0.00,50.26,45.42
828,,pulsar.PulsarMax 0.8.9,63.26,78.80,59.58,80.00,3.69,-1.20,84.15,90.07
829,,pulsar.PulsarNano 0.2.4,97.49,100.00,98.71,100.00,-1.21,-0.00,50.49,46.37
830,,qohnil.blot.BlotBot 3.61,76.92,92.02,88.15,99.05,-11.23,-7.03,62.36,69.33
831,,qualidafial.MajorDick 1.0.1,99.43,100.00,96.93,100.00,2.50,-0.00,28.45,24.15
832,,quietus.Invader 0.1,99.99,100.00,100.00,100.00,-0.01,-0.00,13.88,17.94
833,,quietus.NarrowRadar 0.1,97.03,99.82,98.84,100.00,-1.81,-0.18,22.39,13.27
834,,qwaker00.Ahchoo 1.6,80.06,89.59,83.25,91.43,-3.19,-1.84,58.91,67.21
835,,qwaker00.Gandhi 1.2,95.76,100.00,93.67,100.00,2.10,-0.00,48.92,46.52
836,,racso.Crono 1.0,88.48,98.42,94.38,100.00,-5.90,-1.58,45.61,41.90
837,,racso.Frog 0.9,90.40,99.01,90.09,97.14,0.31,1.87,44.76,46.02
838,,radnor.DoctorBob 1.42,99.39,100.00,99.28,100.00,0.11,-0.00,50.71,52.75
839,,radnor.RamRod 1.0,73.86,98.38,76.70,97.14,-2.84,1.24,51.69,41.42
840,,rampancy.Durandal 2.2d,77.96,92.81,79.48,92.38,-1.52,0.43,67.93,71.42
841,,rampancy.micro.Epiphron 1.0,99.17,100.00,98.93,100.00,0.23,-0.00,33.15,32.61
842,,rapture.Rapture 2.13,98.20,100.00,97.54,100.00,0.66,-0.00,47.36,51.83
843,,ratosh.Nobo 0.21,97.70,99.70,97.03,100.00,0.67,-0.30,47.85,41.72
844,,ratosh.Wesco 1.4,96.69,99.90,89.33,94.29,7.37,5.62,46.63,43.02
845,,ratosh.nano.Debo 1.36,87.52,99.14,90.44,100.00,-2.92,-0.86,47.16,41.34
846,,rc.RCBot 2.0,95.20,100.00,92.93,100.00,2.26,-0.00,48.32,48.24
847,,rc.yoda.Yoda 1.0.6c.fix,77.81,88.28,79.53,90.00,-1.72,-1.72,74.46,81.88
848,,rcb.Vanessa03 0,81.58,96.16,81.70,94.29,-0.12,1.87,63.57,65.22
849,,rcp.Kuramatron 1.0,78.45,98.70,86.10,100.00,-7.64,-1.30,48.79,36.17
850,,rdm.Dueler 0.4x,85.79,96.67,83.08,94.29,2.71,2.38,62.45,64.61
851,,rdm.Grasshopper 0.5e,93.56,98.86,92.12,100.00,1.44,-1.14,54.05,53.16
852,,rdm.WallRider 0.5c,91.13,96.16,95.75,100.00,-4.63,-3.84,40.77,35.07
853,,rdt.AgentSmith.AgentSmith 0.5,67.26,78.82,69.65,85.71,-2.39,-6.90,78.16,84.74
854,,rdt.AgentSmith.AgentSmithRedux 0.02,95.75,99.90,92.25,100.00,3.50,-0.10,65.18,67.84
855,,rdt.Wraith.Wraith 0.3,82.84,94.88,85.35,97.14,-2.51,-2.27,72.28,76.87
856,,rdt199.Warlord 0.73,83.49,96.76,82.35,94.29,1.13,2.48,57.86,59.49
857,,reaper.Reaper 1.1,83.09,94.67,98.33,100.00,-15.24,-5.33,64.49,70.27
858,,reeder.caden.Elmo 1,99.74,99.90,99.89,100.00,-0.15,-0.10,16.08,9.32
859,,reeder.caden.Grover 1.0,99.63,99.90,99.83,100.00,-0.19,-0.10,16.07,10.16
860,,reeder.colin.WallGuy3 1.0,97.22,100.00,93.53,100.00,3.69,-0.00,32.64,22.24
861,,repositorio.NanoStep 1.0,99.31,100.00,95.63,98.57,3.68,1.43,36.97,33.77
862,,rfj.Sunburn 1.1,91.11,98.80,88.51,97.14,2.60,1.66,44.53,44.50
863,,rh.Intra 2.1DomoKN,67.32,81.11,76.69,91.43,-9.37,-10.32,80.56,88.18
864,,rh.abs.Xwing 2.1,72.64,85.86,70.13,82.86,2.51,3.01,73.04,80.59
865,,rijteam.SmartDodge 1.1,99.28,100.00,98.79,100.00,0.49,-0.00,19.42,14.75
866,,rjw.RabidWombat 0.71,94.96,99.33,95.16,100.00,-0.21,-0.67,48.20,46.41
867,,rnatest.MendelBot 1.0,97.31,99.90,95.64,100.00,1.67,-0.10,16.60,6.62
868,,robar.haiku.Spike 1.0,94.72,99.71,95.11,100.00,-0.39,-0.29,38.39,30.70
869,,robar.micro.Gladius 1.15,83.50,97.42,82.40,94.29,1.09,3.13,65.64,66.94
870,,robar.micro.Kirbyi 1.0,72.23,87.05,77.62,88.57,-5.39,-1.52,62.75,62.68
871,,robar.micro.Topaz 0.25,76.86,91.24,78.09,88.57,-1.23,2.67,63.28,63.76
872,,robar.nano.Assertive 0.3,81.52,98.10,81.69,91.43,-0.17,6.67,56.52,55.95
873,,robar.nano.BlackWidow 1.3,80.06,95.67,78.20,94.29,1.86,1.38,60.18,54.57
874,,robar.nano.Breeze 0.3,90.35,99.33,77.79,91.43,12.56,7.90,47.88,41.76
875,,robar.nano.Mosquito 1.1,98.37,99.81,93.97,97.14,4.40,2.67,51.93,50.71
876,,robar.nano.MosquitoPM 1.0,83.58,98.10,84.33,97.14,-0.75,0.95,57.91,54.66
877,,robar.nano.Prestige 1.0,77.19,94.29,78.69,92.86,-1.50,1.43,57.10,54.24
878,,robar.nano.Pugio 1.49,83.00,97.83,81.20,94.29,1.81,3.55,61.60,61.92
879,,robar.nano.Scytodes 0.3,91.99,100.00,96.05,100.00,-4.06,-0.00,50.52,47.24
880,,robar.nano.Vespa 0.95,88.70,99.71,89.34,100.00,-0.64,-0.29,56.32,53.39
881,,robin.SCALPBot 1.0,97.46,100.00,98.41,100.00,-0.94,-0.00,28.49,16.89
882,,robin.ScalpBotC 1.0,97.33,99.81,97.62,100.00,-0.29,-0.19,28.43,18.91
883,,robo.PartsBot 1.1,99.34,100.00,95.37,97.14,3.96,2.86,41.71,41.80
884,,robots.Lucky 1.2,97.57,99.90,97.10,100.00,0.47,-0.10,33.30,31.57
885,,romz.robot.Test 0.1.0,89.02,99.72,89.61,100.00,-0.59,-0.28,44.96,39.88
886,,romz.robot.circular.WildRabbit 0.9.6,93.90,99.91,94.20,100.00,-0.30,-0.09,46.44,43.73
887,,romz.robot.guessfactor.TeasingFox 0.2,89.46,100.00,88.28,98.57,1.18,1.43,46.57,42.24
888,,rsalesc.mega.Knight 0.6.28,46.74,33.80,59.86,68.57,-13.12,-34.77,87.70,96.24
889,,rsalesc.roborio.Roborio 1.2.4,57.12,45.32,68.78,73.57,-11.66,-28.25,85.34,94.00
890,,rsim.micro.uCatcher 0.1,99.95,100.00,100.00,100.00,-0.05,-0.00,28.83,33.93
891,,rsim.mini.BulletCatcher 0.4,86.76,96.61,80.04,87.14,6.72,9.46,66.33,74.63
892,,rsk1.RSK1 4.0,90.40,98.99,90.02,97.14,0.39,1.84,54.53,55.03
893,,rtk.Tachikoma 1.0,81.45,92.90,80.50,92.86,0.95,0.05,57.70,59.05
894,,ruc.nano.Zealot 0.2,95.52,100.00,96.41,100.00,-0.89,-0.00,43.88,37.31
895,,rus.vv.Dzhigit 1.1,98.56,99.90,96.54,98.57,2.02,1.33,37.27,26.06
896,,rus.vv.Snezhok 1.1,97.80,100.00,93.91,97.14,3.89,2.86,30.65,23.57
897,,ry.LightningBug 1.0,85.41,98.48,84.07,97.14,1.34,1.33,62.24,61.76
898,,ry.VirtualGunExperiment 1.2.0,81.26,94.10,82.20,95.71,-0.94,-1.62,72.97,79.39
899,,ry.Worst 1.0,100.00,100.00,100.00,100.00,-0.00,0.00,0.59,1.36
900,,rz.Aleph 0.34,65.48,81.05,77.99,95.71,-12.51,-14.67,79.04,83.49
901,,rz.Apollon 0.23,81.45,95.48,83.75,97.14,-2.30,-1.66,76.58,81.38
902,,rz.Artist 0.2,83.16,97.64,78.30,94.29,4.87,3.35,64.74,63.67
903,,rz.GlowBlow 2.31,77.36,92.95,74.35,91.43,3.00,1.52,65.94,66.86
904,,rz.GlowBlowAPM 1.0,78.74,93.90,82.61,94.29,-3.87,-0.38,66.84,67.19
905,,rz.GlowBlowMelee 1.4,78.61,93.60,77.41,94.29,1.21,-0.69,65.39,66.83
906,,rz.HawkOnFire 0.1,97.72,99.21,100.00,100.00,-2.28,-0.79,47.78,44.89
907,,rz.SmallDevil 1.502,93.33,99.82,90.97,100.00,2.36,-0.18,51.25,47.36
908,,sL300.Mozart life,80.60,91.43,79.17,91.43,1.43,0.00,54.10,57.12
909,,sadoner.killer 0.2,90.30,99.31,86.39,100.00,3.91,-0.69,48.39,44.84
910,,sam.ChipmunkDuelist 1.0,92.37,99.65,91.54,97.14,0.83,2.51,48.36,46.43
911,,sam.Samspin 1.0,98.87,99.90,98.23,100.00,0.64,-0.10,33.25,23.47
912,,sample.Corners 1.0,99.97,100.00,100.00,100.00,-0.03,-0.00,10.92,7.35
913,,sample.Crazy 1.0,99.86,100.00,99.06,100.00,0.79,-0.00,9.66,4.98
914,,sample.Fire 1.0,99.91,100.00,99.98,100.00,-0.07,-0.00,8.29,5.14
915,,sample.MyFirstJuniorRobot 1.0,99.28,100.00,99.54,100.00,-0.25,-0.00,14.99,11.78
916,,sample.MyFirstRobot 1.0,99.95,100.00,99.98,100.00,-0.03,-0.00,13.39,13.74
917,,sample.RamFire 1.0,98.97,99.63,98.74,100.00,0.23,-0.37,14.00,7.20
918,,sample.SittingDuck 1.0,100.00,100.00,100.00,100.00,-0.00,-0.00,2.44,3.45
919,,sample.SpinBot 1.0,99.91,100.00,99.84,100.00,0.07,-0.00,17.64,15.23
920,,sample.Target 1.0,100.00,100.00,100.00,100.00,-0.00,-0.00,2.32,2.68
921,,sample.TrackFire 1.0,99.73,99.90,99.94,100.00,-0.21,-0.10,13.74,8.87
922,,sample.Tracker 1.0,99.89,100.00,99.86,100.00,0.03,-0.00,11.66,6.44
923,,sample.VelociRobot 1.0,99.12,100.00,98.75,100.00,0.37,-0.00,15.13,8.60
924,,sample.Walls 1.0,99.97,100.00,99.14,100.00,0.83,-0.00,21.02,19.28
925,,sanja.First 0.1,99.14,100.00,99.00,100.00,0.14,-0.00,18.04,10.70
926,,sanyi.mikrobi.Roberto 1.0,96.20,100.00,94.95,100.00,1.25,-0.00,28.77,21.05
927,,satan.R0 0.2,89.24,100.00,88.30,100.00,0.94,-0.00,44.16,35.48
928,,satan.White 0.26,89.17,99.71,91.15,100.00,-1.98,-0.29,50.73,46.43
929,,sch.Simone 0.3d,98.61,100.00,99.81,100.00,-1.20,-0.00,44.98,47.85
930,,scheronimus.AntiRebel 1.1,96.62,99.80,96.05,100.00,0.57,-0.20,59.61,60.68
931,,scheronimus.NanoScheroBot 1.0,98.95,100.00,98.34,100.00,0.62,-0.00,42.66,39.75
932,,scheronimus.ScheroBot 2.3,98.72,100.00,97.63,100.00,1.09,-0.00,46.58,46.55
933,,seed.Anastasia 1.0,91.17,97.89,84.73,85.71,6.44,12.18,32.76,31.44
934,,seed.Weed 3.0.2,91.42,99.61,87.17,97.14,4.24,2.46,60.07,63.60
935,,serenity.moonlightBat 1.17,97.93,100.00,94.88,97.14,3.05,2.86,52.87,63.49
936,,serenity.nonSense 1.39,88.45,98.38,86.42,97.14,2.03,1.24,57.85,59.14
937,,serenity.serenityFire 1.29,91.08,99.33,85.73,94.29,5.35,5.05,57.67,62.02
938,,sgp.JollyNinja 3.53,86.26,93.83,85.73,94.29,0.53,-0.45,51.49,55.57
939,,sgp.MadHatter 4.13,93.18,100.00,94.65,100.00,-1.48,0.00,49.26,50.63
940,,sgp.ShiningBeetle 1.1,94.74,100.00,92.27,100.00,2.47,-0.00,40.51,29.59
941,,sgp.SleepingGoat 1.1,93.17,100.00,89.84,100.00,3.33,-0.00,41.21,31.01
942,,sgp.nano.FurryLeech 1.0,99.44,99.90,98.54,100.00,0.90,-0.10,41.00,33.23
943,,sheldor.melee.nano.TestMelee 0.1,95.96,100.00,95.21,100.00,0.75,-0.00,42.64,35.28
944,,sheldor.micro.Continuation 1.1,64.99,74.10,66.84,80.00,-1.85,-5.90,77.58,84.21
945,,sheldor.micro.Epeeist 3.7,71.18,83.71,75.09,88.57,-3.91,-4.86,76.99,83.32
946,,sheldor.micro.EpeeistDC 3.0,70.96,85.03,68.89,82.86,2.07,2.18,76.49,82.47
947,,sheldor.micro.PointInLineRRAL 1.0,88.39,98.16,84.37,95.71,4.02,2.45,68.62,72.43
948,,sheldor.mini.Foilist 1.3.1,61.71,68.37,59.36,74.29,2.36,-5.91,82.96,88.99
949,,sheldor.mini.FoilistMC 1.0,70.19,79.73,70.37,80.00,-0.18,-0.27,82.70,88.42
950,,sheldor.nano.Feint 1.2.1,77.96,93.25,80.37,97.14,-2.42,-3.90,61.17,61.71
951,,sheldor.nano.FoilistNano 3.2,71.73,87.30,72.39,80.00,-0.65,7.30,63.95,69.83
952,,sheldor.nano.PointInLine 1.0,83.07,97.70,82.57,97.14,0.50,0.55,50.55,40.47
953,,sheldor.nano.PointInLineRRAL 1.0.0,87.37,99.31,88.74,100.00,-1.37,-0.69,57.31,54.71
954,,sheldor.nano.Retreat 1.0,100.00,100.00,100.00,100.00,-0.00,-0.00,0.44,0.59
955,,sheldor.nano.Sabreur 1.1.2,70.44,94.75,71.28,97.14,-0.84,-2.40,66.02,60.87
956,,sheldor.nano.SabreuseNano 1.1,73.82,97.71,70.21,95.71,3.60,2.00,63.40,60.50
957,,shinh.Entangled 0.3,85.76,96.86,85.51,95.71,0.25,1.14,62.77,68.74
958,,shrub.Silver v048,97.95,100.00,96.15,98.57,1.80,1.43,39.66,37.43
959,,shrub.Vapour v159,84.69,96.65,83.37,92.38,1.32,4.27,57.26,59.68
960,,shu.nitro.LENIN .T34,90.08,99.72,89.87,94.29,0.20,5.44,51.54,54.68
961,,sigterm.Sigterm 1.0,92.31,99.52,93.29,100.00,-0.98,-0.48,43.62,41.55
962,,simonton.GFNano_D 3.1b,90.43,99.80,89.83,99.05,0.59,0.76,56.22,52.19
963,,simonton.beta.LifelongObsession 0.5.1,61.44,73.39,56.02,65.71,5.42,7.68,81.04,87.26
964,,simonton.mega.SniperFrog 1.0.fix2,65.00,77.93,95.33,100.00,-30.33,-22.07,80.51,86.67
965,,simonton.micro.GFMicro 1.0,81.28,91.81,83.91,94.29,-2.63,-2.48,70.97,75.18
966,,simonton.micro.WeeklongObsession 3.4.1,67.99,77.64,70.57,82.86,-2.58,-5.22,73.34,78.86
967,,simonton.mini.WeeksOnEnd 1.10.4,62.68,74.19,65.04,80.00,-2.37,-5.81,81.52,87.15
968,,simonton.nano.WeekendObsession_S 1.7,84.29,98.19,86.26,100.00,-1.98,-1.81,58.96,52.75
969,,skm.PateranBotlock2 1.0,99.95,100.00,100.00,100.00,-0.05,-0.00,13.61,8.43
970,,skm.Ryubot 1.0,99.87,100.00,98.88,100.00,0.99,-0.00,15.56,11.23
971,,skm.butterfly 1.0,99.73,100.00,100.00,100.00,-0.27,-0.00,20.49,16.61
972,,slugzilla.Basilisk 3.9,71.54,87.39,72.98,91.43,-1.44,-4.04,78.12,83.95
973,,slugzilla.Basilite 0.13,70.24,76.22,77.52,94.29,-7.27,-18.06,74.56,81.60
974,,slugzilla.ButtHead 2.0,74.68,98.23,71.07,97.14,3.61,1.08,65.85,61.70
975,,slugzilla.OrbitGF 1.0,94.29,99.90,95.89,100.00,-1.61,-0.10,51.91,47.39
976,,slugzilla.OrbitLinear 1.1,99.36,99.90,97.97,100.00,1.39,-0.10,41.17,35.07
977,,slugzilla.OrbitPattern 1.1,92.57,99.90,91.21,99.05,1.36,0.86,51.62,46.40
978,,slugzilla.OscillateGF 1.0,95.28,99.90,94.35,100.00,0.93,-0.10,48.37,45.36
979,,slugzilla.OscillateLinear 1.0,99.29,100.00,99.62,100.00,-0.33,-0.00,39.06,33.63
980,,slugzilla.OscillatePattern 1.0,94.06,99.90,90.58,97.14,3.47,2.76,48.78,44.40
981,,slugzilla.Parallax 0.1,83.96,98.02,81.27,98.57,2.68,-0.55,55.71,56.73
982,,slugzilla.RandomGF 1.0,83.62,96.95,79.37,97.14,4.25,-0.20,66.09,69.06
983,,slugzilla.RandomLinear 1.0,98.81,99.80,96.37,100.00,2.45,-0.20,49.29,46.29
984,,slugzilla.RandomPattern 1.0,76.67,93.04,67.68,81.90,8.99,11.13,66.40,68.58
985,,slugzilla.SNGGF 1.0,94.77,100.00,95.38,100.00,-0.61,-0.00,52.66,51.16
986,,slugzilla.SNGLinear 1.0,99.22,100.00,99.27,100.00,-0.05,-0.00,43.82,40.64
987,,slugzilla.SNGPattern 1.0,93.09,100.00,94.01,100.00,-0.92,-0.00,53.00,50.45
988,,slugzilla.SquirmyToad 3.9,80.34,95.39,76.56,91.43,3.78,3.96,61.82,59.26
989,,sm.Devil 7.3,89.46,95.67,79.23,91.43,10.23,4.24,50.77,53.66
990,,sng.arco.Arco 0.0,99.77,99.90,98.23,98.57,1.54,1.33,35.41,31.54
991,,snowman.Snowman 1.0,99.86,100.00,100.00,100.00,-0.14,-0.00,10.00,7.24
992,,sos.SOS 1.0,90.01,98.82,89.70,97.14,0.31,1.67,65.21,72.03
993,,sp.AstherNano 1.0,98.71,100.00,98.59,100.00,0.13,-0.00,29.21,28.53
994,,spartancompany.Spartan2 1.0,99.72,100.00,99.48,100.00,0.25,-0.00,12.45,5.51
995,,spin.Bugstard 0.012b,94.16,100.00,96.08,100.00,-1.92,0.00,38.25,30.26
996,,spinnercat.CopyKat 1.2.3,82.71,96.22,78.52,94.29,4.20,1.94,57.19,50.40
997,,spinnercat.Kitten 1.6,80.48,96.26,82.50,97.14,-2.02,-0.89,58.59,55.00
998,,spinnercat.Limit .01,98.89,99.82,99.33,100.00,-0.44,-0.18,23.67,14.12
999,,spinnercat.Robovirus 2.718,84.75,96.10,83.63,94.29,1.12,1.81,63.88,64.33
1000,,spinnercat.haiku.Refrigerator 1.1,89.67,99.33,87.81,97.14,1.86,2.19,34.09,18.99
1001,,spinnercat.mega.Tardis 1.2,80.77,94.38,66.29,77.14,14.48,17.24,68.01,69.25
1002,,sqTank.waveSurfing.LionWWSVMvoid 0.01,99.05,99.90,100.00,100.00,-0.95,-0.10,60.95,69.96
1003,,squidM.SquidmanNano 1.0,97.27,100.00,97.95,100.00,-0.68,-0.00,41.10,30.34
1004,,squidM.SurfinUSA 1.0,97.56,99.14,98.37,100.00,-0.82,-0.86,58.97,61.20
1005,,starpkg.StarViewerZ 1.26,90.40,97.83,92.33,100.00,-1.93,-2.17,53.86,59.04
1006,,staticline.whiskey.Whiskey 0.6,82.98,95.14,77.13,88.57,5.85,6.57,63.11,65.41
1007,,steff.Rebel 2.1,93.44,100.00,95.86,100.00,-2.42,-0.00,56.77,59.01
1008,,stefw.Tigger 0.0.23,68.19,82.96,62.49,74.29,5.70,8.67,75.77,81.97
1009,,stelo.Chord 1.0,83.36,95.85,81.32,96.19,2.04,-0.34,73.93,79.67
1010,,stelo.FretNano 1.1,90.66,99.71,88.27,100.00,2.39,-0.29,45.43,37.03
1011,,stelo.Liblix 0.3.1,70.73,84.57,67.60,85.71,3.14,-1.14,74.33,82.57
1012,,stelo.Lifestealer 1.0,85.78,100.00,78.80,100.00,6.98,0.00,33.29,19.00
1013,,stelo.MatchupAGF 1.1,65.59,74.00,74.35,85.71,-8.76,-11.71,68.09,74.91
1014,,stelo.MatchupMicro 1.2,86.81,99.59,82.69,95.24,4.12,4.35,57.12,57.29
1015,,stelo.MatchupMini 1.1,67.77,79.61,71.12,85.71,-3.35,-6.11,64.67,70.57
1016,,stelo.MatchupWS 1.2c,71.23,84.10,73.54,85.71,-2.31,-1.62,76.25,83.22
1017,,stelo.Mirror 1.1,67.03,81.67,92.86,100.00,-25.83,-18.33,61.99,65.81
1018,,stelo.MirrorMicro 1.1,79.72,93.73,81.16,97.86,-1.44,-4.12,50.51,43.41
1019,,stelo.MirrorNano 1.4,87.74,97.79,90.63,100.00,-2.89,-2.21,42.86,30.86
1020,,stelo.MoojukNano 1.2,89.88,99.62,85.21,95.71,4.67,3.90,43.27,31.43
1021,,stelo.PastFuture 2.3.2,67.41,80.62,66.43,81.43,0.98,-0.81,78.49,85.35
1022,,stelo.PatternRobot 1.0,99.96,100.00,100.00,100.00,-0.04,-0.00,23.90,19.26
1023,,stelo.PianistNano 1.3,82.87,96.96,81.96,95.71,0.91,1.24,49.19,40.34
1024,,stelo.RamTrackSurfer 1.2,86.06,95.52,86.70,100.00,-0.64,-4.48,61.28,65.73
1025,,stelo.Randomness 1.1,86.14,98.33,82.79,97.14,3.35,1.18,61.93,64.91
1026,,stelo.Spread 0.9,73.95,87.01,76.79,91.43,-2.84,-4.42,76.10,84.21
1027,,stelo.SteloTestNano 1.0,90.15,99.70,87.47,100.00,2.68,-0.30,51.03,42.67
1028,,stelo.UnfoolableNano 1.0,86.45,98.42,83.86,100.00,2.59,-1.58,46.87,38.36
1029,,stelo.UntouchableNano 1.4,86.73,98.23,84.02,97.14,2.71,1.08,51.60,47.35
1030,,step.NanoBidu 1.0,94.94,98.92,94.52,100.00,0.41,-1.08,48.30,42.19
1031,,step.nanoPri 1.0,76.26,99.51,75.67,98.57,0.59,0.94,47.94,34.47
1032,,stf.PanzerGeneral 0.1,88.08,99.90,85.80,94.29,2.28,5.62,52.27,47.70
1033,,stordy.StordyBot 1.0,98.00,99.81,98.98,100.00,-0.98,-0.19,38.17,34.11
1034,,stranger.nano.TestBot 1.0,96.37,99.81,86.00,100.00,10.37,-0.19,42.14,32.40
1035,,strider.Festis 1.2.1,94.33,100.00,87.44,97.14,6.89,2.86,46.54,37.48
1036,,strider.Mer 1.1.0,95.24,100.00,95.50,100.00,-0.26,-0.00,45.39,41.12
1037,,stuff.Vlad 0.1,87.78,98.95,89.55,98.10,-1.77,0.86,40.88,29.93
1038,,suh.mega.WaveSurferGF 1.04,83.58,91.62,79.07,85.71,4.51,5.90,67.99,75.50
1039,,suh.mega.WaveSurferPG 1.06,81.17,89.91,80.66,85.71,0.51,4.20,68.88,76.53
1040,,suh.micro.MirrorPM 1.00,71.37,79.11,96.18,98.57,-24.81,-19.46,60.37,63.27
1041,,suh.micro.WallPM 1.00,86.98,98.29,84.64,94.29,2.34,4.00,49.60,44.51
1042,,suh.nano.AngularMirrorC 1.00,95.80,98.72,96.95,100.00,-1.15,-1.28,39.20,35.37
1043,,suh.nano.AntiGravityL 1.01,99.67,100.00,98.93,100.00,0.74,-0.00,43.42,41.41
1044,,suh.nano.CornerRL 1.00,96.72,99.91,95.06,100.00,1.66,-0.09,40.33,33.44
1045,,suh.nano.CrossC 1.00,98.72,100.00,97.97,100.00,0.75,-0.00,34.00,27.28
1046,,suh.nano.CrossH 1.00,99.79,100.00,99.68,100.00,0.11,-0.00,27.22,21.52
1047,,suh.nano.CrossL 1.00,98.99,100.00,99.51,100.00,-0.53,-0.00,31.95,25.65
1048,,suh.nano.MirrorH 1.01,99.85,100.00,96.03,100.00,3.82,-0.00,37.14,36.13
1049,,suh.nano.MirrorL 1.00,99.65,100.00,94.99,100.00,4.66,-0.00,41.67,40.66
1050,,suh.nano.MyFirstAdvancedRobot 1.00,99.75,100.00,98.45,100.00,1.30,-0.00,26.62,21.35
1051,,suh.nano.OscillatorL 1.00,99.34,100.00,99.23,100.00,0.10,-0.00,46.33,46.96
1052,,suh.nano.RammingC 1.00,75.61,99.33,73.16,100.00,2.44,-0.67,49.20,37.21
1053,,suh.nano.RandomPM 1.02,78.36,95.39,78.38,93.33,-0.01,2.06,58.57,56.32
1054,,suh.nano.StopAndGoL 1.01,99.58,100.00,99.52,100.00,0.06,-0.00,43.26,41.88
1055,,suh.nano.TargetC 1.00,97.93,100.00,97.43,100.00,0.49,-0.00,21.75,14.22
1056,,suh.nano.TargetH 1.00,99.29,99.71,100.00,100.00,-0.71,-0.29,18.97,11.63
1057,,suh.nano.TargetL 1.00,98.38,99.90,98.43,100.00,-0.04,-0.10,19.84,11.50
1058,,suh.nano.TargetR 1.00,93.77,100.00,97.71,100.00,-3.94,-0.00,14.66,4.59
1059,,suh.nano.Worst 1.02,100.00,100.00,100.00,100.00,-0.00,-0.00,0.41,0.82
1060,,sul.Bicephal 1.2,71.68,97.24,67.06,91.43,4.63,5.81,56.49,49.08
1061,,sul.BlueBot 1.0,99.50,100.00,99.17,100.00,0.33,-0.00,39.93,37.21
1062,,sul.NanoR2 1.32,95.76,100.00,97.43,100.00,-1.67,-0.00,45.20,38.21
1063,,sul.Pinkbot 1.1,98.75,100.00,95.69,100.00,3.06,0.00,45.19,38.45
1064,,supersample.SuperBoxBot 1.0,99.70,100.00,97.10,100.00,2.60,-0.00,38.77,31.79
1065,,supersample.SuperCorners 1.0,92.62,99.62,88.64,95.24,3.98,4.38,44.29,38.63
1066,,supersample.SuperMercutio 1.0,86.09,98.62,87.27,100.00,-1.17,-1.38,57.74,53.75
1067,,supersample.SuperRamFire 1.0,84.76,99.81,82.09,97.14,2.68,2.67,50.95,41.71
1068,,supersample.SuperSpinBot 1.0,95.78,99.90,94.58,100.00,1.20,-0.10,42.67,35.58
1069,,supersample.SuperTrackFire 1.0,95.38,99.73,83.64,97.14,11.74,2.59,34.70,21.15
1070,,supersample.SuperTracker 1.0,97.75,100.00,93.99,100.00,3.76,-0.00,38.77,31.60
1071,,supersample.SuperWalls 1.0,97.84,99.90,96.15,100.00,1.68,-0.10,37.94,29.67
1072,,suzushin7.nano.Galaxy01 1.01,100.00,100.00,100.00,100.00,-0.00,-0.00,0.39,0.43
1073,,suzushin7.nano.Galaxy02 1.01,99.02,100.00,99.20,100.00,-0.18,0.00,38.47,33.57
1074,,suzushin7.nano.Galaxy03 1.01,74.86,98.57,73.05,97.14,1.81,1.43,50.13,39.43
1075,,suzushin7.nano.TargetC 1.00,97.76,100.00,98.12,100.00,-0.37,-0.00,22.48,14.99
1076,,syl.Centipede 0.5,87.66,97.33,86.74,98.57,0.92,-1.24,56.30,54.29
1077,,synapse.Geomancy 15,72.16,85.62,71.09,85.71,1.07,-0.10,76.08,82.05
1078,,synapse.rsim.GeomancyBS 0.11,74.66,88.38,68.90,82.86,5.76,5.52,78.77,85.93
1079,,synnalagma.NeuralPremier 0.51,85.16,96.00,82.69,94.29,2.47,1.71,60.53,64.83
1080,,synnalagma.test.MiniNeural 1.1,91.15,99.35,92.41,100.00,-1.26,-0.65,50.16,50.73
1081,,t3.Ripper 1.0,98.33,100.00,99.27,100.00,-0.94,-0.00,38.43,35.39
1082,,tad.Dalek98 0.98,83.09,96.65,85.24,97.14,-2.15,-0.49,63.69,64.24
1083,,takeBot.SpinSpiral 1.2,96.81,100.00,96.74,100.00,0.07,-0.00,46.25,46.49
1084,,takeBot.SpiralCrash 1.0,94.57,99.90,96.86,100.00,-2.29,-0.10,36.91,29.79
1085,,takeBot.WeavingWiggle 1.1,96.58,99.81,96.77,100.00,-0.18,-0.19,45.85,46.30
1086,,tango.Recrimpo 2.51,88.96,99.41,88.78,98.57,0.18,0.84,48.15,42.12
1087,,taqho.taqbot 1.0,91.39,99.82,91.22,98.57,0.17,1.24,38.65,30.67
1088,,tcf.Drifter 29,76.56,90.65,78.01,94.29,-1.46,-3.64,64.57,66.24
1089,,tcf.Repat3 2,86.22,98.76,85.60,97.14,0.62,1.62,61.47,63.39
1090,,techdude.Class2C.Class2C 0.1,90.03,99.61,89.14,100.00,0.89,-0.39,46.56,40.38
1091,,techdude.kombat.FlamingKombat 1.5,99.54,100.00,99.14,100.00,0.41,-0.00,25.11,21.32
1092,,test.Fuzzer 1.0.1,88.85,98.00,92.03,100.00,-3.18,-2.00,56.24,56.56
1093,,test.Podgy 4.0,87.98,98.52,76.83,88.57,11.15,9.95,31.45,20.89
1094,,testantiswapgun.AntiSwap 1.0,98.76,100.00,94.04,100.00,4.72,-0.00,34.60,30.63
1095,,tex.Longbot 0.4,95.97,100.00,95.65,100.00,0.31,-0.00,31.78,21.74
1096,,theo.Hydrogen 2.1r,82.01,95.76,84.55,100.00,-2.54,-4.24,69.05,73.80
1097,,theo.QuarkSoup 1.5fga,70.09,84.67,69.19,82.86,0.90,1.81,70.38,76.00
1098,,theo.Tungsten 1.0a,75.50,89.71,76.93,91.43,-1.43,-1.71,73.96,79.11
1099,,theo.avenge.Pequod 1.0,71.89,83.15,66.53,82.86,5.36,0.30,71.94,76.17
1100,,theo.real.Ahab 1.0,67.43,79.41,68.44,82.86,-1.01,-3.45,77.56,83.98
1101,,theo.simple.Bones 1.0,75.26,88.38,70.00,78.57,5.27,9.81,68.48,77.08
1102,,theo.simple.Lucid 1.0,69.22,82.66,67.91,85.71,1.31,-3.05,69.93,78.16
1103,,throxbot.ThroxBot 0.1,93.43,99.76,95.04,100.00,-1.61,-0.24,42.67,38.48
1104,,tide.pear.Pear 0.62.1,63.90,76.96,64.96,82.86,-1.06,-5.90,82.23,88.54
1105,,timmit.TimmiT 0.22,94.23,99.90,85.06,100.00,9.17,-0.10,53.25,51.10
1106,,timmit.micro.TimXJ 0.22,83.65,97.52,80.17,94.29,3.48,3.24,58.66,55.80
1107,,timmit.mini.TimVA 0.43,81.87,96.70,76.65,91.43,5.22,5.27,61.71,61.23
1108,,timmit.nano.TimCat 0.13,97.89,100.00,96.35,100.00,1.54,-0.00,43.84,40.42
1109,,timmit.nano.TimDog 0.33,99.19,99.90,97.62,99.29,1.57,0.62,50.23,54.21
1110,,tjk.AFlatNatural 1.0,84.95,97.44,92.14,100.00,-7.19,-2.56,53.42,54.72
1111,,tjk.deBroglie rev0108,54.39,64.69,41.99,45.71,12.40,18.98,82.42,90.48
1112,,tk.BotOX 0.3,98.42,100.00,98.27,100.00,0.15,-0.00,20.56,10.82
1113,,tkt.RedShift 1.1.CS.0,95.48,100.00,96.91,100.00,-1.43,-0.00,52.24,52.85
1114,,tlp.ThreeLeggedPig 1,96.72,99.52,95.98,100.00,0.74,-0.48,38.36,36.28
1115,,tm.Yuugao 1.0,75.96,90.95,81.53,94.29,-5.57,-3.33,63.27,66.35
1116,,tobe.Fusion 1.0,83.95,94.02,83.31,88.57,0.65,5.45,53.71,56.04
1117,,tobe.Relativity 3.9,91.34,99.45,91.44,99.05,-0.09,0.40,51.63,49.43
1118,,tobe.Saturn lambda,80.98,95.17,82.85,95.71,-1.87,-0.54,56.35,55.12
1119,,tobe.calypso.Calypso 4.1,87.67,99.51,83.88,95.24,3.79,4.27,41.35,28.94
1120,,tobe.mini.Charon 0.9,98.61,100.00,97.19,100.00,1.43,-0.00,39.31,30.57
1121,,tornyil.Lajcsi2.Lajcsi2sm 1.0,92.55,99.41,86.97,100.00,5.59,-0.59,46.35,41.74
1122,,tornyil.bottomup.BottomUp 1.05,82.46,96.35,80.06,94.29,2.40,2.07,60.40,62.65
1123,,toz.Gnome 1.1,96.99,99.90,90.60,100.00,6.39,-0.10,48.40,44.81
1124,,trab.Crusader 0.1.7,69.24,83.93,61.90,74.29,7.35,9.64,77.58,84.49
1125,,trab.nano.AinippeNano 1.3,87.29,99.54,84.31,95.71,2.98,3.82,52.70,50.77
1126,,traker.Eraser 1,99.00,99.61,98.74,100.00,0.25,-0.39,53.60,62.12
1127,,trm.Wrekt 1.1.6.f,71.30,82.96,70.81,85.71,0.49,-2.76,74.69,82.39
1128,,tvv.micro.Antares 1.1.1,98.22,100.00,96.53,98.57,1.68,1.43,48.99,50.25
1129,,tvv.nano.Polaris 1.2,97.28,100.00,97.34,100.00,-0.06,-0.00,46.77,48.38
1130,,tw.Exterminator 1.0,84.78,79.51,74.15,62.86,10.63,16.65,61.81,76.61
1131,,tzu.TheArtOfWar 1.2,87.61,99.43,90.20,100.00,-2.59,-0.57,58.61,60.74
1132,,ua.kiiv.kosyak.robocode.tn1.Tn1 2.0,96.38,100.00,92.01,100.00,4.37,-0.00,35.76,24.11
1133,,uccc.Dorito 1.12,97.65,100.00,95.59,99.05,2.06,0.95,35.47,35.88
1134,,uccc.MilkyWay 1.01,98.82,100.00,97.06,100.00,1.76,0.00,30.78,29.44
1135,,uccc.RingDing 1.12,99.68,100.00,99.56,100.00,0.11,0.00,34.33,31.59
1136,,uccc.Scrapple 1.0,99.99,100.00,96.20,100.00,3.79,-0.00,2.22,1.26
1137,,ultra.Defender 1.2,89.17,99.01,90.38,98.57,-1.21,0.44,56.76,60.61
1138,,unarmedlad.nano.VirginSteele 2.2,88.89,99.24,80.64,91.43,8.25,7.81,53.36,53.63
1139,,ur4n0.UR4NO 1.0,72.67,85.86,72.19,85.71,0.47,0.14,75.60,83.67
1140,,urdos.URDOS 1.3,92.05,99.17,86.91,94.29,5.13,4.88,58.97,62.30
1141,,usa.nano.Nemo 2.0,91.98,98.82,96.77,100.00,-4.80,-1.18,48.83,47.07
1142,,vStar.RAFzilla 2.15,98.67,100.00,97.60,99.05,1.07,0.95,40.92,42.74
1143,,velas.Alpha 1.0,99.06,100.00,97.12,100.00,1.94,-0.00,23.54,13.80
1144,,velas.Beta_2_0 2.0,95.50,100.00,92.11,98.57,3.39,1.43,38.24,27.64
1145,,vft.Hrist 1.0,94.35,99.57,92.60,100.00,1.74,-0.43,34.64,22.84
1146,,vft.Valkyrie 1.0,89.73,99.43,93.55,100.00,-3.82,-0.57,38.09,23.93
1147,,vic.Locke 0.7.5.5,68.31,82.67,93.08,100.00,-24.77,-17.33,71.67,79.50
1148,,vishius.Orbiter 1.0,98.56,99.81,97.46,100.00,1.09,-0.19,38.57,35.95
1149,,vjik.UnViolation 1.1,95.23,100.00,88.72,100.00,6.51,-0.00,41.90,39.66
1150,,voidious.Diamond 1.8.22,36.14,23.65,50.26,57.14,-14.12,-33.50,90.16,97.37
1151,,voidious.Dookious 1.573c,61.77,73.10,58.87,77.14,2.90,-4.04,86.42,93.06
1152,,voidious.micro.Jen 1.11,81.88,95.96,76.52,91.43,5.36,4.53,68.76,70.73
1153,,voidious.mini.Komarious 1.88,75.06,90.44,70.37,81.43,4.69,9.01,81.45,87.37
1154,,voidious.perceptual.RetroGirl 1.0.0,92.65,98.10,92.66,98.57,-0.01,-0.48,49.66,53.62
1155,,vort.Chaser 0.0.3,98.60,100.00,95.30,100.00,3.30,0.00,29.70,19.06
1156,,vuen.Fractal 0.55,91.20,98.67,90.24,100.00,0.96,-1.33,48.62,46.90
1157,,wcsv.Engineer.Engineer 0.5.4,62.34,76.57,64.66,82.86,-2.33,-6.29,82.27,88.13
1158,,wcsv.PowerHouse.PowerHouse 1.7e3,61.43,75.96,55.47,70.00,5.96,5.96,82.69,88.43
1159,,wcsv.Stampede 1.3.3,86.12,97.83,90.34,100.00,-4.22,-2.17,53.73,51.18
1160,,wcsv.Stampede2.Stampede2 1.1.0,78.82,93.64,79.73,98.57,-0.91,-4.93,74.70,80.27
1161,,wcsv.mega.PowerHouse2 0.2,62.84,75.39,71.36,84.29,-8.52,-8.89,80.02,85.46
1162,,whind.Constitution 0.7.1,84.83,96.95,82.35,94.29,2.48,2.66,54.79,55.48
1163,,whind.Strength 0.6.4,80.80,94.29,81.21,94.29,-0.41,-0.00,64.66,69.07
1164,,whind.StrengthBee 0.6.4,66.99,82.56,77.17,91.43,-10.18,-8.87,73.39,81.59
1165,,whind.Wisdom 0.5.1,78.63,95.21,73.90,91.43,4.73,3.78,51.76,45.96
1166,,whitesquare.robots.SkynetAdvanced 1.1,97.64,100.00,94.09,97.14,3.55,2.86,36.41,30.06
1167,,wiki.BasicBulletShielder 1.0,99.99,100.00,99.98,100.00,0.00,-0.00,18.59,27.00
1168,,wiki.BasicGFSurfer 1.02,81.25,94.98,82.46,100.00,-1.21,-5.02,70.58,76.37
1169,,wiki.SuperSampleBot.SuperSittingDuck 1.0,99.96,100.00,99.71,100.00,0.26,-0.00,2.35,3.04
1170,,wiki.WaveRammer 1.0,78.93,97.62,74.97,91.43,3.96,6.19,60.59,64.39
1171,,wiki.Wolverine 2.1,91.25,99.70,91.31,100.00,-0.06,-0.30,40.27,35.93
1172,,wiki.mako.MakoHT 1.2.2.1,91.35,99.51,90.82,100.00,0.52,-0.49,54.07,53.14
1173,,wiki.mini.BlackDestroyer 0.9.0,81.86,95.76,76.29,94.29,5.56,1.48,66.41,71.75
1174,,wiki.mini.GouldingiHT 1.0,96.29,99.91,98.32,100.00,-2.03,-0.09,50.57,49.36
1175,,wiki.mini.Griffon 0.1,84.38,97.62,80.74,94.29,3.64,3.33,65.62,70.62
1176,,wiki.mini.Sedan 1.0,80.28,95.05,81.93,100.00,-1.64,-4.95,68.92,70.68
1177,,wiki.nano.DevilFISH 1.0,98.38,100.00,98.22,100.00,0.16,-0.00,47.39,45.39
1178,,wiki.nano.Flick 1.0,94.52,86.59,95.12,88.57,-0.61,-1.98,53.94,74.03
1179,,wiki.nano.RaikoNano 1.1,83.03,96.95,86.35,100.00,-3.32,-3.05,56.06,51.74
1180,,wilson.Chameleon 0.91,79.51,93.64,83.65,97.14,-4.14,-3.50,68.95,74.75
1181,,winamp32.micro.MicroMacro 1.0,96.63,100.00,95.69,100.00,0.94,-0.00,39.61,36.13
1182,,wit.Chuliath 1.0,98.88,100.00,96.28,100.00,2.60,0.00,39.82,37.92
1183,,wit.Deep7 2.0,99.60,99.91,99.50,100.00,0.10,-0.09,22.15,24.73
1184,,wompi.Kowari 1.6,69.32,96.59,73.56,97.14,-4.24,-0.55,63.43,57.67
1185,,wompi.Numbat 1.9,84.97,97.05,86.97,100.00,-2.00,-2.95,65.50,71.91
1186,,xander.cat.Fiona 1.4,88.94,99.65,87.49,98.57,1.45,1.08,66.94,70.72
1187,,xander.cat.Mikey 1.2,89.84,99.82,82.48,91.43,7.36,8.39,66.92,70.83
1188,,xander.cat.SamAxe 1.1,89.70,99.76,88.52,98.57,1.18,1.19,66.96,70.86
1189,,xander.cat.Spitfire 1.4,99.98,100.00,100.00,100.00,-0.02,-0.00,46.62,54.76
1190,,xander.cat.XanderCat 12.9,55.40,58.86,59.66,68.57,-4.26,-9.71,87.74,93.94
1191,,xiongan.Xiongan 1.1,99.22,100.00,96.23,100.00,2.99,0.00,29.87,25.48
1192,,yabot.YaBot 0.1,99.96,100.00,99.87,100.00,0.09,-0.00,8.67,6.01
1193,,yagami.Tidus 0.11,99.24,99.90,99.54,100.00,-0.30,-0.10,45.18,39.48
1194,,yarghard.Y101 1.0,99.52,100.00,99.20,100.00,0.32,-0.00,40.27,31.09
1195,,yarhoslav.YaroBot 1.2,95.93,99.52,94.28,100.00,1.64,-0.48,35.89,33.02
1196,,yk.JahMicro 1.0,95.91,99.91,95.26,100.00,0.64,-0.09,31.19,24.69
1197,,yk.JahRoslav 1.1,95.71,100.00,92.67,97.14,3.04,2.86,33.44,29.78
1198,,zch.David 0.21,99.24,100.00,98.54,100.00,0.71,-0.00,21.65,9.46
1199,,zch.Hirkan 0.11,98.77,99.33,98.41,100.00,0.37,-0.67,28.10,22.65
1200,,zen.Lindada 0.2,79.65,94.09,77.46,91.43,2.19,2.66,59.81,59.78
1201,,zen.Mirage 0.9.5,61.23,60.61,64.61,68.57,-3.38,-7.96,83.72,94.00
1202,,zen.Ronin 1.0.0,70.06,81.78,66.89,77.14,3.17,4.64,81.83,90.25
1203,,zeze2.OperatorZeze 1.05,85.72,96.04,86.56,95.24,-0.84,0.80,46.60,46.62
1204,,zezinho.QuerMePegarKKKK 1.0,80.63,93.30,78.91,91.43,1.72,1.87,60.47,67.06
1205,,zh.UnderDog 0.0.2,99.65,100.00,99.77,100.00,-0.12,-0.00,16.95,18.63
1206,,zignd.ZigIndexOutOfRange 1.1,99.85,99.91,99.87,100.00,-0.01,-0.09,15.95,8.64
1207,,zyx.mega.YersiniaPestis 3.0,63.08,77.79,54.06,65.71,9.02,12.07,84.05,90.24
1208,,zyx.micro.Ant 1.1,91.47,99.90,92.23,100.00,-0.76,-0.10,58.16,54.69
1209,,zyx.nano.Ant 1.1,99.17,100.00,98.39,100.00,0.77,-0.00,36.20,28.80
1210,,zyx.nano.EscherichiaColi 1.0,91.78,99.81,91.57,98.57,0.21,1.24,33.65,18.03
1211,,zyx.nano.RedBull 1.0,95.84,100.00,95.91,100.00,-0.07,0.00,40.43,25.72
1212,,zzx.Gron 1.14,97.27,99.61,94.77,97.14,2.50,2.46,42.06,33.53
1213,,zzx.Ignohis 8.0,98.98,100.00,98.29,100.00,0.69,-0.00,44.24,39.34
1214,,zzx.Serunyr 2.0.2,97.75,99.83,97.47,100.00,0.28,-0.17,24.21,16.30
