rank	name	aps
1	aaa.r.ScalarR 0.005g.047	72.80
2	jk.melee.Neuromancer 7.12	72.19
3	cb.fire.Firestarter 2.0f	71.52
4	jd.Nullstride 2.3.1	70.88
5	voidious.Diamond 1.8.28	70.18
6	justin.DemonicRage 3.4	70.05
7	positive.Portia 1.26e	69.43
8	abc.Shadow 3.84i	69.33
9	ags.Glacier 0.2.11	68.92
10	kc.mini.Mirage 0.2	68.31
11	rsalesc.melee.Medina 0.4.5	68.09
12	mn.Combat 3.25.0	68.07
13	rz.Aleph 0.34	67.93
14	catcat20.Matcha 0.006	66.50
15	wompi.Numbat 2.1	66.48
16	justin.Mallais 14.0	65.89
17	kc.micro.Figment 1.0	65.38
18	hadur2.Hadur 3.7	65.25
19	catcat20.Lambda 0.024	65.09
20	wompi.Wallaby 5.1	64.99
21	stelo.PastFuture 2.3.2	64.86
22	stelo.Spread 0.9	64.80
23	rz.GlowBlowMelee 1.4	64.47
24	kid.Gladiator .7.2	64.47
25	dmh.robocode.robot.BlackDeath 9.2	64.44
26	gh.Griezel 0.5.2	64.34
27	maribo.Quester 0.3	64.16
28	gh.mini.Griezel 0.2	64.05
29	pe.SandboxDT 2.71m	63.89
30	davidalves.Phoenix 0.54	63.83
31	eem.EvBot v4.6.16	63.69
32	florent.XSeries.X2 0.12	63.68
33	zyx.mega.YersiniaPestis 3.1	63.65
34	kawigi.mini.Coriantumr 1.1	63.60
35	stelo.Liblix 0.3.1	63.53
36	oog.melee.Capulet 1.2	63.40
37	bvh.fry.Freya 0.82	63.30
38	nat.PallasHawk 1.0	62.96
39	pe.SandboxLump 1.52	62.94
40	trm.Wrekt 1.1.6.f	62.85
41	gh.mini.Gruwel 0.9	62.84
42	kawigi.sbf.FloodHT 0.9.2	62.73
43	maribo.mini.MiniQuester 0.1	62.72
44	deewiant.Anomaly 0.2	62.60
45	mk.Alpha 0.2.1	62.47
46	simonton.micro.Sprout 1.1.3	62.43
47	cx.mini.Nimrod 0.55	62.28
48	brainfade.melee.Dusk 0.44	62.25
49	jekl.StoneGhost 0.7	62.19
50	ak.Fermat 2.0	62.18
51	bts.wiki.RipCurl 0.9b	62.16
52	shinh.Entangled 0.3	62.15
53	catcat20.shape.Theta 0.018	61.83
54	ary.Swarm 1.1	61.83
55	tm.Yuugao 1.0	61.67
56	kid.test.NightFox .2	61.63
57	darkcanuck.B26354 1.06	61.49
58	d414.nano.Quantum 1.0.0	61.47
59	origin.SleepSiphon 1.7b	61.43
60	kawigi.micro.Shiz 1.1	61.39
61	kvk.HebusLeTroll 0.35	61.38
62	tzu.TheArtOfWar 1.2	61.33
63	az.Ololobot 0.2.4	61.22
64	bvh.mini.Freya 0.55	61.05
65	rz.HawkOnFire 0.1	60.99
66	darkcanuck.Leon 1.01	60.94
67	rsalesc.roborio.RoborioPorradeiro 1.1b	60.93
68	pulsar.PulsarMax 0.8.9	60.75
69	oog.melee.Mercutio 1.0	60.74
70	voidious.micro.BlitzBat 1.05	60.57
71	voidious.mini.BrokenSword 2.0.3	60.49
72	et.Predator 1.8	60.33
73	davidalves.net.DuelistMiniMelee 1.2	60.25
74	shrub.Vapour v159	60.23
75	pedersen.Ugluk 1.1.1	60.17
76	ms.Ares 0.19	60.07
77	rtk.Tachikoma 1.0	60.06
78	mld.DustBunny 3.8	60.00
79	apc.LeeroyJenkins2 1.0	59.97
80	catcat20.Rabbit 0.001	59.95
81	sheldor.melee.nano.NaturalScience 1.2.1	59.91
82	lessonz.robocode.Oz 0.5.0	59.90
83	morbid.MorbidPriest 1.0	59.89
84	ara.Shera 0.88	59.89
85	DTF.Kludgy 1.2b	59.77
86	pe.minimelee.SandboxMiniMelee 1.1	59.60
87	myl.micro.Troodon 1.10	59.51
88	emp.Yngwie 1.11	59.49
89	bts.mega.Gnarly 1.4	59.48
90	gh.micro.Gruweltje 0.7	59.19
91	ags.surreptitious.MiniSurreptitious 0.0.1	59.12
92	yagami.Tidus 0.11	58.99
93	agd.Mooserwirt2 2.7	58.99
94	radnor.DoctorBob 1.42	58.93
95	cx.BlestPain 1.41	58.90
96	kano.gamma.KanoGamma 1.8	58.90
97	kawigi.nano.Lib 1.0	58.62
98	pedersen.Grishnakh 1.0	58.59
99	spinnercat.micro.Tyger 0.1	58.58
100	eem.EvBotNG v12.8	58.44
101	wcsv.melee.EngineerMelee 0.1	58.38
102	dummy.micro.Sparrow 2.5	58.36
103	dummy.mini.Scimitar 1.01	57.89
104	mz.MicroSheep 1.0	57.86
105	cs.Wren 1.0	57.84
106	intruder.PrairieWolf 2.61	57.79
107	axeBots.HataMoto 3.09	57.75
108	brainfade.melee.Genghis 0.36	57.73
109	kdf.KoulDestroyer 1.0	57.62
110	lrem.Spectre 0.4.4	57.58
111	mz.AntiGrav 1.0	57.38
112	labg.Cataclysm 2.05	57.37
113	fwb.Nine 1.0.1	57.25
114	ne.Chimera 1.2	57.21
115	bzdp.Pansy 2.1	57.17
116	oog.melee.Corsair 1.0	57.11
117	vuen.Cake 2.51	57.06
118	mc2.enemy.Original 0.9	56.95
119	alpha.RainingFire 1.0	56.81
120	mz.MicroGodMelee 1	56.74
121	uji.DBH 1.1	56.72
122	rsalesc.melee.Monk 0.3.6c	56.69
123	gre.svman4.Leonidas 1.3.2	56.67
124	shu.nitro.LENIN .T34	56.65
125	djc.DynaBot 0.1.1	56.62
126	Krabb.sliNk.Garm 0.9u	56.59
127	cb.nano.Insomnia 1.0	56.54
128	cx.Princess 1.0	56.50
129	nz.jdc.nano.GridFu 1.0	56.50
130	simonton.nano.MeleeSeed 1.8	56.42
131	rdt199.Warlord 0.73	56.32
132	ejb.Polaris 1.0.1	56.29
133	eem.IWillFireNoBullet v2.8	56.25
134	jlm.javaDisturbance 0.59	56.24
135	jdw.Hurricane 1.4	56.21
136	lxx.ConceptA 0.8	56.19
137	jje.BagPuss 1.2	56.13
138	uji.Antique 1.0	55.96
139	jok.PheonixM 0.1.2	55.71
140	mld.Infinity 2.2	55.59
141	gh.nano.Grofvuil 0.2	55.58
142	bigpete.Stewie 1.0	55.45
143	nic.Nicator 2.4	55.31
144	vjik.UnViolation 1.1	55.23
145	jcs.Seth 1.8	55.15
146	sch.Simone 0.3d	54.96
147	Polkwane.SmashMelee 1.0	54.91
148	js.PinBall 1.6	54.86
149	myl.nano.Graviton 1.10	54.85
150	wee.Gem 1.8.4	54.85
151	sheldor.melee.nano.TestMelee 0.1	54.85
152	br2.MobyDickBot 1.6	54.81
153	Krabb.akim2.Akim2 1.1b	54.79
154	mz.NanoGod 2.02	54.70
155	mz.Cork 0.1	54.68
156	tcf.Reach 3	54.58
157	davidalves.net.DuelistMicroMelee 1.4	54.58
158	com.cohesiva.robocode.ManOwaR 1.0	54.54
159	techdude.forest.FlamingForest 1.1	54.36
160	myl.nano.KomoriNinja 1.1	54.33
161	vStar.RAFzilla 2.15	54.25
162	ahf.NanoAndrew .4	54.20
163	TNT.TNT 0.99.1	54.18
164	simonton.nano.WeekendObsession_Melee 1.0	54.14
165	apc.botM 3.0	54.14
166	EH.Eagle 1.0.6	54.09
167	m3thos.Eva02 0.7.1	54.06
168	kawigi.robot.Girl 1.2	53.99
169	oog.melee.CapuletDroid 1.1	53.85
170	sul.Lunar 1.1	53.75
171	ntc.Opposite 1.5	53.58
172	cre.Karolos 0.32	53.56
173	bvh.micro.Freya 0.3	53.39
174	fowl3628800.LightningBolt 2.6.0	53.35
175	cf.RiO.RiOx 4.2.1	53.27
176	lrem.micro.SpikeSoldier 0.4	53.09
177	shrub.Silver v048	52.99
178	tripphippy.Alice 1.1	52.98
179	winamp32.micro.MicroMacro 1.0	52.95
180	mld.Wisdom 1.0	52.94
181	wompi.Quokka 1.6	52.84
182	davidalves.net.DuelistNanoMelee 1.01	52.77
183	kinsen.melee.Angsaichmophobia 1.8c	52.73
184	stelo.Randomness 1.0	52.67
185	jaybot.adv.bots.JayBot 2.0	52.67
186	krillr.mini.JointStrike 2.0.0	52.56
187	franzor.Lizt 1.3.1	52.51
188	jwst.DAD.DarkAndDarker 1.1	52.46
189	stelo.AreaTargetingBot 1.1	52.39
190	jab.DiamondStealer 5	52.35
191	lorneswork.Predator 1.0	52.33
192	com.spp.robocode.MostlyHarmless 010	52.21
193	ph.melee.ArcherME 0.3	52.00
194	ratosh.Nobo 0.21	51.98
195	sgp.JollyNinja 3.53	51.92
196	maribo.melee.BMV 0.1	51.81
197	pfvicm.Sobieski 7.2.3b	51.79
198	tvv.micro.Antares 1.1.1	51.74
199	sadoner.killer 0.2	51.58
200	qohnil.blot.BlotBot 3.61	51.52
201	uji.YellohFellah 1.0	51.38
202	apc.Colossus2 0.17	51.23
203	supersample.SuperBoxBot 1.0	51.18
204	ds.Oo 2.2	51.09
205	spinnercat.Robovirus 2.718	51.03
206	stelo.SoRobotNanoMelee 1.2	50.97
207	gh.mini.GrubbmOne 1.0	50.89
208	baal.nano.N 1.42	50.86
209	techdude.kombat.FlamingKombat 1.5	50.86
210	css.Delitioner 0.11	50.80
211	gre.svman4.Morfeas 1.4.1	50.72
212	bvh.fnr.Fenrir 0.36l	50.68
213	ICS4U1.Patrick_White_Schrodinger 1.1	50.60
214	josago.Jorgito 0.16	50.53
215	cli.Dancer 1.1	50.49
216	sigterm.Sigterm 1.0	50.45
217	bvh.mini.Fenrir 0.39	50.42
218	gg.Wolverine 2.0	50.40
219	jwirde.Gort 2.0	50.39
220	dft.Calliope 5.6	50.28
221	gimp.GimpBot 0.1	50.19
222	jrm.Test0 1.0	50.16
223	m3thos.Eva00 1.1	50.11
224	erdnis.Rover 0.3	49.84
225	timmit.nano.TimDog 0.33	49.80
226	fm.claire 1.7	49.57
227	apollokidd.ApolloKidd 0.9	49.48
228	m3thos.mini.Eva01 0.5.5	49.46
229	tvv.nano.Polaris 1.2	49.44
230	hvilela.HVilela 0.9	49.30
231	KiraNL.Chupacabra 0.4	49.28
232	stelo.SoJNanoMelee 1.1	49.26
233	amz.NanoClone 1.41	49.22
234	lunchie.Lunchbox 0.93	49.04
235	throxbot.ThroxBot 0.1	48.88
236	zyx.nano.Ant 1.1	48.81
237	jp.Perpy 16.0	48.80
238	arthord.NanoSatanMelee Beta	48.74
239	sanyi.mikrobi.Roberto 1.0	48.53
240	co.edu.usb.rc.LidisTron 1.0	48.37
241	Lo_Ian.Gandalf_V4 4.0	48.26
242	dmh.robocode.robot.RedDwarf 0.4	48.14
243	Noran.BitchingElk 0.054	48.10
244	pez.mini.ChironexFleckeri 0.5	48.07
245	alpha.BlackIce 1.0	48.05
246	joe.ADinosaur 1.0	48.02
247	tj.zombie1n 1.0.1	47.97
248	fm.mammillarias 1.3	47.96
249	whitesquare.robots.SkynetAdvanced 1.1	47.63
250	maribo.IotaCT 1.1	47.52
251	disan.Chair 2.2.0	47.48
252	fnc.bandit.Bandit 5.2.0	47.47
253	bayen.UbaMicro 1.4	47.44
254	stelo.Wang 1.0	47.42
255	cs.sheldor.Talon 1.1	47.35
256	ratosh.Wesco 1.4	47.22
257	wit.Chuliath 1.0	47.11
258	stelo.IntrinsicVolatility 1.4	46.86
259	stf.PanzerGeneral 0.1	46.85
260	kawigi.mini.Fhqwhgads 1.1	46.49
261	adt.Ar2 1.1	46.47
262	panzer.Panzer 0.2	46.43
263	gjr.Cephalosporin 0.1	46.42
264	patson.PatsonTestBot 1.0	46.31
265	germ.TheMind .2	45.97
266	kawigi.spare.SpareParts 0.7.6nosnd	45.86
267	awesomeness.Elite 1.0	45.80
268	stelo.MirrorNano 1.3	45.76
269	step.nanoPri 1.0	45.45
270	bayen.nut.Squirrel 1.615	45.43
271	qualidafial.MajorDick 1.0.1	45.43
272	lambdaxy.TBot 0.1	45.38
273	adt.Ar2 1.0	45.19
274	urdos.URDOS 1.3	45.09
275	DBall.Anarchy 0.1	45.08
276	Grystrion.TrackerWO 1.0	44.95
277	zyx.nano.BacillusComma 1.0	44.61
278	dsw.StaticD 1.0	44.51
279	ers.nano.hawk.HawkLA 3.0m	44.50
280	DBall.NUKE 0.1	44.46
281	djdjdj.NanoSkunk10 1.0	44.41
282	sheldor.micro.PointInLineRRAL 1.0	44.30
283	amk.ChumbaWumba 0.3	44.28
284	as.FrankTheTank 1.3	44.27
285	EBBU.Sim2 1.02	44.21
286	Gecko.ultimateGeckoBot 1.0	44.11
287	jeremyreeder.collective.Prophet 5	44.10
288	amk.ShizzleStiX.ShizzleStiX 0.6	43.88
289	eld.Hmm 1.0	43.83
290	yk.JahMicro 1.0	43.79
291	adt.Ar1 2.1	43.76
292	conscience.Electron 1.3g	43.72
293	stelo.PatternRobot 1.0	43.69
294	zyx.micro.Ant 1.1	43.68
295	yk.JahRoslav 1.1	43.62
296	ahr.ice.Ice 1.0.2	43.45
297	fullsail.LaxativeTeaTwo 1.0	43.44
298	divineomega.TrialBot 0.003	43.33
299	tad.Dalek98 0.98	43.29
300	fullsail.TimbotNoPrediction 1.0	43.28
301	rampancy.Durandal 2.1d	43.24
302	caimano.Furia_Ceca 0.22	43.18
303	gg.Squaraus 0.6	43.15
304	jeremyreeder.Vincent 2011.12.09	43.13
305	stelo.Mirror 1.1	42.95
306	stelo.MirrorMicro 1.0	42.87
307	pa.Improved 1.0	42.87
308	spinnercat.Omen 1.0	42.85
309	SHAM.WOW 1.4	42.84
310	divineomega.DivineBot 1.9.4.5	42.80
311	WarfaJibril.Jibril_Warfa_Andromeda 1.11	42.77
312	sam.Samspin 1.0	42.47
313	robar.nano.Assertive_Melee 0.2	42.46
314	oa.weak.BotherBot 0.1	42.43
315	com.syncleus.robocode.Dreadnaught 0.1	42.30
316	stelo.RamTrackSurfer 1.2	42.30
317	ayk.WallHugger 1.0	42.15
318	lrem.micro.MoggFanatic 0.2	41.93
319	mme.NikeEnhanced 2.0	41.90
320	sanja.First 0.1	41.84
321	agrach.Dalek 1.0	41.83
322	Grystrion.RandomTrackerNOREV 1.0	41.76
323	Queens_teamrobot.UltraRazor 1.0	41.72
324	stelo.WangRobot 1.0	41.67
325	ntc.ControlledChaos 1.1.4	41.65
326	tlp.ThreeLeggedPig 1	41.59
327	amk.superstrike.SuperStrike 0.3	41.51
328	exauge.GateKeeper 1.1.121g	41.33
329	amk.jointstrike.JointStrike 0.2	41.22
330	wit.Deep7 2.0	41.20
331	dcs.Eater_of_Worlds 1.1.3-A	41.19
332	darwinsnightmare.DNGEN474UI85390C20S0R528 1.0	41.06
333	kawigi.sbf.FloodSonnet 0.9	40.95
334	stuff.Vlad 0.1	40.91
335	jaybot.bots.Oddball 4.0	40.86
336	jsal.Jsalbot 1.0	40.81
337	edu.otg.spr.TheTeacher 1.2	40.75
338	bzdp.BoxCar 2.0	40.68
339	stelo.UntouchableNano 1.3	40.56
340	pac.ABC 2.1	40.45
341	lmk.ACPFinal 0.1	40.21
342	oa.weak.FlyMk1 0.1	40.17
343	evd.X1 0.01	40.02
344	mn.nano.perceptual.Impact 1.3.0	39.69
345	cw.megas.Blade 0.8	39.65
346	stelo.MyAgileRobot 0.2	39.59
347	tex.Longbot 0.4	39.46
348	fullsail.SweetTea 1.1	39.37
349	sample.Walls 1.0	39.31
350	mbh.Mbh 0.1	39.30
351	dl.BetterWalls 1.0	39.30
352	squidM.TentalceMeleeNano 1.1	39.16
353	ghent.ArthurPanzergon 1.0.0	39.14
354	de.simpleworks.robocode.bots.swiBot 1.1	39.12
355	com.blogspot.malinkody.DestrobotMalin 1.0	39.07
356	amk.ChumbaMini 0.2	38.66
357	sp.Nanos.Ember 1.1	38.61
358	matt.advanced.Katana 1.0	38.59
359	maribo.FollowFire 1	38.27
360	GarmBox.Oranges 1.0	38.11
361	kurios.DOSexe .9b	38.03
362	kurios.DOSexe .9a	37.92
363	abud.ThirdRobo 1.0	37.90
364	com.cgarias.rc.AdvancedTrackerII 1.0	37.78
365	sample.Crazy 1.0	37.71
366	GarmBox.Anger 1.0	37.71
367	amk.Punbot.Punbot 0.01	37.71
368	matt.UnderDark3 2.4.34	37.36
369	dans.Cinnamon 1.2	37.32
370	repositorio.NanoStep 1.0	37.27
371	rdm.Dueler 0.4x	37.15
372	pbg.NinjaX 1.2	37.05
373	asd.Cthulhu 1.3	36.81
374	donjezza.Jezza 1.0	36.71
375	jangs.ns51 1.0	36.70
376	donjezza.Muncho 1.0	36.65
377	stelo.Lifestealer 1.0	36.52
378	acogdev.alpha 0.2	36.39
379	el.JumpShoot 0.2	36.23
380	mb.Beast 0.1	36.11
381	sample.SpinBot 1.0	35.91
382	cvt.Firsty 1.0	35.78
383	testantiswapgun.AntiSwap 1.0	35.52
384	stelo.PianistNano 1.2	35.26
385	sample.MyFirstJuniorRobot 1.0	35.04
386	bwbaugh.nano.Tirunculus 0.0.0a	34.97
387	mbro.Detektor3 0.1.1	34.90
388	pbg.R2D2 1.0	34.52
389	cs.Grudge 1.0	33.61
390	fire219.CatBot 1.0	33.61
391	ap.Frederick 1.1	33.54
392	skm.butterfly 1.0	33.35
393	arthord.MannyPacquiao Beta	33.19
394	de.simpleworks.robocode.bots.swiBot 1.0	33.17
395	sample.VelociRobot 1.0	32.63
396	PSW.Relentless 0.1	32.58
397	sample.MyFirstRobot 1.0	32.50
398	sample.Corners 1.0	32.01
399	goblin.Bender 2.4	31.84
400	skm.PateranBotlock2 1.0	31.35
401	spin.Bugstard 0.012b	31.25
402	skm.Ryubot 1.0	31.05
403	rrh.Iwillfindyou 2.0	30.83
404	sample.Fire 1.0	28.78
405	sample.Tracker 1.0	28.59
406	sample.RamFire 1.0	28.14
407	mym.EdgeStalker 1.0	28.09
408	inonit.robocode.javascript.MyFirstRobot 1.1	26.14
409	drd.Dreadknoght 0.9	23.11
410	sample.Target 1.0	22.99
411	sample.TrackFire 1.0	22.42
412	logiblocs.SittingDroid 1.0	16.44
413	pedersen.Moron 2.0	15.28
414	sample.SittingDuck 1.0	13.68
415	cli.WasteOfAmmo 1.0	11.68
