ladder_rank	opponent	opponent_aps	aps	aps_ci	survival	knnpbi	battles	result	bench_version	bench_share	bench_ci	live_minus_bench	live_3.0_aps	live_3.1_aps
1	kc.mega.BeepBoop 2.0	95.02	16.53	7.84	0.00	-3.78	1	loss	3.2	17.5	2.2	-1.0	26.28	19.30
2	jd.Nullstride 2.3.0	94.25	17.06	4.82	0.00	-2.42	2	loss						
3	jk.mega.DrussGT 3.1.16	92.60	38.31	7.84	25.71	5.02	1	loss	3.2	29.5	5.3	8.8		25.53
4	oog.mega.saguaro.Saguaro 1.0	91.87	70.56	7.84	82.86	23.26	1	win	3.2	68.8	8.3	1.8		
5	aaa.r.ScalarR 0.005h.053-noshield	91.26	30.90	7.84	20.00	0.43	1	loss	3.2	25.0	4.5	5.9	27.36	
6	voidious.Diamond 1.8.22	90.17	33.25	7.84	28.57	-3.17	1	loss	3.2	30.4	7.9	2.9		38.85
7	cb.fire.Firestarter 2.0f	88.13	34.80	7.84	14.29	-9.04	1	loss	3.2	37.4	10.2	-2.6	42.41	35.48
8	dsekercioglu.mega.Raven 3.56j8	87.74	59.55	7.84	74.29	11.38	1	win	3.2	60.0	5.0	-0.5		
9	xander.cat.XanderCat 12.9	87.74	59.18	7.84	65.71	10.98	1	win	3.2	58.0	7.7	1.2	44.57	
10	rsalesc.mega.Knight 0.6.28	87.71	46.44	7.84	37.14	4.58	1	even	3.2	48.2	6.0	-1.8		46.66
11	lxx.Tomcat 3.68	87.70	59.33	5.26	71.43	13.97	2	win	3.2	56.5	5.0	2.8		55.17
12	aw.Gilgalad 1.99.5c	87.64	42.17	5.34	48.57	-3.74	2	loss	3.0	49.0	7.3	-6.8	49.19	40.69
13	pc.Wavelet 1.5	87.07	30.65	7.84	11.43	-16.00	1	loss	3.0	39.5	5.8	-8.9	45.54	
14	gh.GresSuffurd 0.4.13	86.68	65.41	7.84	77.14	16.15	1	win	3.0	61.2	9.2	4.2	60.67	58.04
15	kc.serpent.WaveSerpent 2.11	86.68	55.54	7.84	71.43	7.59	1	even	3.0	55.1	8.3	0.4		49.84
16	cs.Nene 1.0.5	86.63	55.81	4.98	72.38	4.06	3	win	3.0	57.4	3.3	-1.6		
17	dsekercioglu.mega.WhiteFang 2.8.1	86.63	73.50	7.84	88.57	22.13	1	win	3.0	67.9	2.5	5.6		68.96
18	jk.melee.Neuromancer 7.12	86.59	51.57	7.84	42.86	0.10	1	even	3.0	49.7	5.7	1.9		
19	voidious.Dookious 1.573c	86.41	65.09	7.84	82.86	16.62	1	win	3.0	59.8	3.1	5.3	56.43	
