name	opponent_aps	aps_3.4	survival_3.4	battles_3.4	aps_3.5.1	survival_3.5.1	battle_utc_3.5.1	delta_aps
DM.Mijit .3	56.83	86.50	95.71	2	92.41	100.00	2026-10-03 19:42:07	+5.91
EH.Pegasus 0.113	39.10	91.01	98.57	2	91.25	100.00	2026-10-03 19:19:45	+0.24
EH.nano.NightBird M	38.05	92.32	97.14	1	93.59	100.00	2026-10-03 19:44:02	+1.27
GarmBox.Oranges 1.0.1	44.36	92.03	100.00	1	74.14	82.86	2026-10-03 21:25:11	-17.89
Heal.TekitokaBot 1.0	26.44	96.46	97.14	1	97.19	100.00	2026-10-03 21:50:58	+0.73
KiraNL.ChupaLite 0.4	60.18	81.33	91.43	1	76.80	91.43	2026-10-03 20:54:09	-4.53
KiraNL.Chupacabra 0.5	64.41	76.92	88.57	1	76.15	91.43	2026-10-03 19:09:45	-0.77
Legend.BoulderZY 1.4.9	44.76	94.51	97.14	1	98.44	100.00	2026-10-03 19:11:00	+3.93
Legend.Qetro 1.6	42.43	94.89	97.14	1	98.71	100.00	2026-10-03 21:47:42	+3.82
Lo_Ian.Gandalf_V4 4.0	38.93	99.15	100.00	1	96.39	100.00	2026-10-03 20:05:23	-2.76
Polkwane.Piyane 0.7b	58.49	84.44	91.43	1	94.39	100.00	2026-10-03 21:59:04	+9.95
SK.SimpleKiller 1.0	18.16	96.58	100.00	1	96.76	100.00	2026-10-03 19:12:35	+0.18
TCMI.Enyo 0.4	66.68	94.94	100.00	1	92.61	100.00	2026-10-03 20:22:03	-2.33
WarfaJibril.Jibril_Warfa_Andromeda 1.11	42.82	83.07	97.14	1	79.56	88.57	2026-10-03 21:26:46	-3.51
ags.Glacier 0.3.2	78.93	62.86	74.29	1	62.23	74.29	2026-10-03 22:01:45	-0.63
ags.Midboss 1q.fast	83.82	69.76	82.86	1	75.19	91.43	2026-10-03 20:38:02	+5.43
ags.micro.Carpet 1.1	63.12	80.75	91.43	1	80.95	97.14	2026-10-03 19:39:02	+0.20
alk.lap.LoudAndProud 2.23	62.75	83.00	97.14	2	87.77	100.00	2026-10-03 19:10:06	+4.77
alpha.BlackIce 1.0	56.23	70.11	80.00	1	76.81	88.57	2026-10-03 19:27:59	+6.70
am.Miedzix 3.0	44.56	87.68	97.14	1	87.85	97.14	2026-10-03 19:36:03	+0.17
apv.LauLectrik 1.2	61.67	70.90	85.71	2	77.62	94.29	2026-10-03 19:20:05	+6.72
apv.NanoLauLectrik 1.0	58.94	77.55	94.29	1	82.52	94.29	2026-10-03 20:40:58	+4.97
areb.Union 1.06	64.27	80.52	91.43	1	69.00	74.29	2026-10-03 21:38:38	-11.52
ary.Crisis 1.0	61.22	87.08	97.14	1	89.84	97.14	2026-10-03 21:57:58	+2.76
ary.Help 1.0	80.64	82.40	97.14	1	78.34	94.29	2026-10-03 20:37:14	-4.06
ary.nano.AceSurf 1.2	51.74	86.43	95.24	3	91.55	100.00	2026-10-03 19:11:27	+5.12
awl.Locutus 1.5	48.89	91.11	97.14	1	93.26	97.14	2026-10-03 21:44:47	+2.15
axeBots.HataMoto 3.09	56.54	87.93	98.57	2	76.50	85.71	2026-10-03 21:13:48	-11.43
axeBots.SilverSurfer 2.53.33fix	83.34	64.29	77.14	1	64.99	80.00	2026-10-03 19:32:20	+0.70
bayen.nano.Squirrel 0.2	50.12	87.67	100.00	1	89.34	100.00	2026-10-03 21:52:16	+1.67
bh.PencilRain 0.01	11.58	99.97	100.00	1	99.97	100.00	2026-10-03 21:36:20	+0.00
bjl.LoneDragon 0.5	60.26	85.68	91.43	1	93.22	94.29	2026-10-03 19:57:02	+7.54
blir.nano.inch.Inchworm 1.0	20.77	96.17	97.14	1	98.34	100.00	2026-10-03 19:26:37	+2.17
blr.Chicken001 0.1	18.28	93.34	98.10	3	99.34	100.00	2026-10-03 20:46:16	+6.00
bp.Kuma 1.0	30.63	99.74	100.00	1	99.93	100.00	2026-10-03 20:58:49	+0.19
brainfade.Fallen 0.63	70.35	67.69	80.00	1	71.70	85.71	2026-10-03 21:23:08	+4.01
buba.Archivist 0.1	56.36	86.30	100.00	1	78.82	91.43	2026-10-03 21:46:04	-7.48
bvh.frg.Friga 0.112dev	63.40	84.25	97.14	1	89.38	100.00	2026-10-03 20:10:07	+5.13
caimano.Furia_Ceca 0.22	44.11	93.91	97.14	1	89.78	94.29	2026-10-03 21:55:44	-4.13
casey.Flump 1.0	47.55	84.64	97.14	2	87.17	100.00	2026-10-03 21:48:07	+2.53
catcat20.Lambda 0.017	82.51	62.43	77.14	1	66.48	77.14	2026-10-03 20:31:31	+4.05
catcat20.shape.Theta 0.018	79.24	62.94	74.29	1	60.15	71.43	2026-10-03 21:08:00	-2.79
cb.fire.Firestarter 2.0f	88.18	34.80	14.29	1	38.64	22.86	2026-10-03 20:57:40	+3.84
cb.nano.Insomnia 1.0	25.01	93.10	97.14	1	94.37	100.00	2026-10-03 20:50:40	+1.27
cbot.agile.Nibbler 0.2	64.33	75.68	91.43	1	79.80	94.29	2026-10-03 19:31:42	+4.12
cbot.cbot.CBot 0.8	55.96	75.79	88.57	1	81.11	94.29	2026-10-03 19:28:36	+5.32
cf.proto.Shiva 2.2	80.22	72.52	90.00	2	59.14	74.29	2026-10-03 21:50:21	-13.38
chase.pm.Pytko 1.0	67.00	66.60	80.00	2	75.54	88.57	2026-10-03 20:17:30	+8.94
codemojo.nano.Woot 1.0	37.47	93.05	97.14	1	94.90	100.00	2026-10-03 21:48:45	+1.85
cs.Nene 1.0.5	86.68	55.81	72.38	3	64.70	82.86	2026-10-03 21:43:52	+8.89
