name	on_list	hadur_aps	hadur_survival	hadur_knnpbi	battles	opponent_aps	opponent_rank
ab.DengerousRoBatra 1.3	1	73.39	88.57	-10.40	1	71.46	155
AD.CodaFirst 1.1	1	97.97	100.00	-1.47	1	23.58	1096
ad.Quest 0.10	1	75.64	91.43	-1.19	1	70.15	167
ags.micro.Carpet 1.1	1	80.75	91.43	-4.12	1	63.08	333
ahf.NanoAndrew .4	1	96.65	97.14	-2.44	2	46.95	703
ahf.r2d2.R2d2 0.86	1	81.92	95.71	-5.25	2	63.76	315
AIR.iRobot 1.0	1	80.00	94.29	-2.57	1	65.27	263
ak.Fermat 2.0	1	84.24	97.14	3.61	2	67.89	218
alpha.BlackIce 1.0	1	70.11	80.00	-15.40	1	56.19	492
amk.ChumbaMini 0.2	1	77.06	91.43	-5.65	1	58.74	421
amk.ChumbaWumba 0.3	1	80.82	100.00	-4.03	2	58.79	419
apc.botM 3.0	1	90.26	100.00	1.33	1	50.56	601
apv.AspidReloaded 0.6	1	78.61	95.71	-3.34	2	62.57	343
apv.LauLectrik 1.2	1	70.90	85.71	-6.24	2	61.64	363
apv.MicroAspid 1.8	1	68.48	82.86	-3.84	1	65.08	271
apv.NanoLauLectrik 1.0	1	77.55	94.29	-1.81	1	58.90	418
apv.NanoLauLectrikTheCannibal 1.1	1	86.95	97.14	6.89	1	53.52	537
apv.test.Virus 0.6.1	1	67.96	77.14	1.82	1	79.74	78
ar.horizon.Horizon 1.2.2	1	62.06	74.29	2.51	1	82.88	45
ArchAlpha.ArchimedesAlpha 1.0	1	100.00	100.00	0.50	3	2.55	1203
arthord.KostyaTszyu Beta2	1	80.49	97.14	-0.89	1	64.12	304
ary.Help 1.0	1	82.40	97.14	11.23	1	80.57	69
ary.micro.Weak 1.2	1	78.42	94.29	4.45	1	71.67	153
ary.mini.Nimi 1.0	1	78.19	94.29	6.58	1	73.93	131
ary.nano.ColorNanoP 1.1	1	83.99	97.14	-1.49	1	56.88	468
ary.SMG 1.01	1	66.60	80.00	-3.29	1	79.19	81
asm.Statistas 0.1	1	76.05	94.29	-3.39	2	55.06	508
baal.nano.N 1.42	1	98.23	100.00	0.13	2	36.14	941
bayen.nut.Squirrel 1.621	1	79.54	97.14	3.13	1	69.85	176
bayen.UbaMicro 1.4	1	96.90	100.00	0.94	1	47.00	702
bigpete.Stewie 1.0	1	94.75	100.00	-2.56	3	48.11	670
bndl.LostLion 1.2	1	93.86	100.00	0.80	1	42.63	812
brainfade.Fallen 0.63	1	67.69	80.00	-6.75	1	70.30	164
brainfade.melee.Dusk 0.44	1	92.84	100.00	-0.48	2	51.78	573
buba.Archivist 0.1	1	86.30	100.00	5.36	1	56.30	485
bvh.frg.Friga 0.112dev	1	84.25	97.14	-5.38	1	63.35	322
bvh.mini.Fenrir 0.39	1	78.99	91.43	-2.11	1	57.60	452
bvh.mini.Freya 0.55	1	80.61	94.29	-3.78	1	62.79	339
can.Pookie 1.1	1	74.92	85.71	-6.20	1	64.23	301
casey.Flee 1.0	1	87.44	100.00	0.77	1	49.21	636
cbot.agile.Nibbler 0.2	1	75.68	91.43	-0.10	1	64.33	298
cf.mini.Chiva 1.0	1	67.88	80.00	-14.16	1	68.79	198
cf.proto.Shiva 2.2	1	72.52	90.00	2.89	2	80.15	74
CharlieN.Omega.Omega 1.03	1	83.63	94.29	-2.05	1	57.26	458
chase.pm.Pytko 1.0	1	66.60	80.00	-0.81	2	67.00	224
cjm.chalk.Chalk 2.6.Be	1	61.44	77.14	1.00	1	82.78	43
cjm.Charo 1.1	1	76.51	91.43	-5.06	2	64.36	296
cjm.Che 1.2	1	75.09	82.86	-1.17	1	65.69	253
cjm.Chomsky 1.5	1	78.57	88.57	-1.34	1	66.52	238
cli.WasteOfAmmo 1.0	1	98.89	97.14	-0.91	1	1.52	1209
com.sociesc.T1000 1.0.0	1	100.00	100.00	0.29	2	2.55	1204
com.spp.robocode.MostlyHarmless 010	1	92.73	98.57	-2.74	2	44.04	773
com.timothyveletta.FuzzyBot 1.1	1	98.36	100.00	0.15	2	33.05	996
conscience.Suicidal 1.1	1	98.70	97.14	-1.28	1	0.87	1210
cs.Wren 1.0	1	98.19	100.00	-0.34	1	39.73	870
csm.NthGeneration 0.04	1	92.44	97.14	-4.14	1	48.80	646
css.Delitioner 0.11	1	79.40	91.43	1.82	2	61.43	369
cuoq.Kakera 1.0	1	80.47	91.43	9.67	1	70.90	159
cw.megas.Blade 0.8	1	80.57	88.57	1.16	1	60.77	386
cw.megas.Silhouette 1.1	1	68.22	85.71	-0.75	1	69.77	178
cx.CigaretBH 1.03	1	71.12	85.71	3.72	1	68.85	196
cx.micro.Smoke 0.96	1	78.91	97.14	12.34	1	66.73	233
cx.mini.BlackSwans 0.60	1	73.66	87.62	-1.28	3	64.98	276
cx.Princess 1.0	1	63.20	71.43	-3.13	1	68.48	207
da.NewBGank 1.4	1	71.43	81.90	-5.01	3	73.81	134
darkcanuck.Holden 1.13a	1	63.94	77.14	7.91	2	82.36	54
davidalves.Firebird 0.25	1	68.52	88.57	3.56	1	84.24	30
davidalves.net.DuelistMicroMkII 1.1	1	76.75	91.43	-0.19	1	62.45	345
davidalves.net.DuelistMini 1.1	1	84.18	100.00	1.29	1	65.06	272
davidalves.Phoenix 1.02	1	54.85	68.57	0.61	1	85.77	21
deewiant.Anomaly 0.2	1	94.35	100.00	-3.59	2	49.47	630
demetrix.nano.Neutrino 0.27	1	76.85	92.86	-9.87	2	51.33	589
deo.FlowerBot 1.0	1	75.71	88.57	-0.20	1	67.05	223
deo.virtual.RainbowBot 1.0	1	78.26	91.43	1.72	1	63.12	328
dft.Cyanide 1.90	1	66.60	82.86	-0.02	1	82.33	55
dft.Virgin 1.25	1	78.01	91.43	2.14	1	65.14	268
disan.Ghost .01	1	99.67	99.05	-0.33	3	3.92	1199
DM.mega.Bezier 1.618fprrr	1	78.53	95.71	9.98	2	78.24	86
dmh.robocode.robot.BlackDeath 9.2	1	80.76	91.43	-7.66	2	64.14	303
dmh.robocode.robot.YellowBird 0.12	1	96.19	100.00	0.23	1	50.12	615
dmp.nano.Eve 3.41	1	90.93	98.10	-0.87	3	47.79	683
ds.OoV4 0.3b	1	88.03	97.14	-2.65	1	59.59	404
dsx724.VSAB_EP3a 1.0	1	95.34	97.14	-2.29	1	54.48	520
dummy.micro.Sparrow 2.5	1	88.76	100.00	-0.34	1	49.93	619
dy.LevelOne 2.0	1	93.91	97.14	-3.16	1	51.15	591
dz.Caedo 1.4	1	93.76	100.00	12.27	1	61.03	380
dz.MostlyHarmlessNano 2.1	1	93.69	100.00	-0.24	1	51.57	581
eem.awful v1.2	1	100.00	100.00	0.44	1	0.44	1213
EH.kms.LightningStorm 0.11B	1	77.72	94.29	2.24	1	61.97	355
ej.ChocolateBar 1.1	1	69.87	85.71	-4.56	1	74.72	119
element.Earth 1.1	1	83.20	94.29	5.80	1	70.12	168
ers.micro.ISuck.ISuckMicro 0.1f	1	79.36	88.57	-5.21	1	65.47	260
ers.micro.speusippus.Speusippus 0.3	1	70.86	77.14	-7.38	1	69.97	172
ers.nano.gokdeniz.Gokdeniz 1.5b	1	73.23	85.71	-1.29	1	62.39	347
ers.nano.iSuck.ISuckNano 1.0a	1	80.98	91.43	0.78	1	61.95	356
ers.nano.lig.LigMA 1.9	1	81.42	91.43	-6.21	1	58.80	420
ers.nano.meroka.Meroka 1.8a	1	80.80	93.33	-0.93	3	63.16	327
ers.nano.nekolh.Nekolh 1.4d	1	71.39	77.14	-8.47	1	64.11	305
et.Predator 1.8	1	85.59	98.57	-4.36	2	52.77	557
exauge.GateKeeper 1.1.121g	1	79.59	91.43	6.07	1	58.41	431
exauge.LemonDrop 1.6.130	1	75.81	90.00	2.22	2	62.36	346
fcr.First 1.0	1	96.40	98.57	-1.69	2	47.73	685
florent.small.LittleAngel 1.8	1	77.16	92.86	5.14	2	74.30	128
fnc.bandit2002.Bandit2002 4.0.2	1	78.71	88.57	-7.01	1	48.75	648
frag.FragBot 1.0	1	92.35	100.00	-2.27	1	53.35	542
fromHell.C22H30N2O2S 2.2	1	75.88	90.48	-2.82	3	62.39	348
gh.GrubbmGrb 1.2.4	1	85.36	97.14	2.25	2	71.90	148
gh.micro.Grinnik 1.0	1	87.36	97.14	-3.56	2	66.41	241
gh.nano.Grofvuil 0.2	1	95.95	100.00	-2.04	1	49.44	631
gu.MicroScoob 1.3	1	88.76	100.00	-2.09	1	54.59	517
ha2.T2 0.2	1	98.30	100.00	0.36	1	40.46	856
ha2.T3 0.2	1	82.56	94.29	-5.99	2	58.19	434
hamilton.Hamilton 1.0	1	87.67	100.00	-1.53	1	47.55	687
homerbots.h1 1.0	1	99.73	100.00	0.09	3	15.48	1151
ICS4U1.Patrick_White_Schrodinger 1.1	1	96.77	100.00	0.62	1	36.73	931
ins.MobyNano 0.8	1	83.17	95.71	1.72	2	55.81	497
intruder.PrairieWolf 2.61	1	70.47	74.29	-2.08	1	65.13	270
jab.DiamondStealer 5	1	78.00	88.57	-5.51	2	54.35	522
jam.micro.RaikoMicro 1.44	1	70.24	91.43	-4.98	1	71.72	151
jam.mini.Raiko 0.43	1	68.12	82.86	-6.07	1	74.41	124
jaybot.adv.bots.JayBot 2.0	1	93.94	100.00	-1.64	2	43.09	799
jbot.Rabbit2 1.1	1	78.22	91.43	0.69	1	64.08	306
jcs.Decepticon 2.5.3	1	70.88	85.71	-2.44	1	78.19	87
jcs.Megatron 1.2	1	80.54	94.29	6.86	1	77.48	98
jekl.DarkHallow .90.9	1	69.66	82.86	-0.25	1	76.68	102
jekl.Jekyl .70	1	86.05	100.00	8.28	1	67.98	215
jekl.mini.BlackPearl .91	1	78.07	94.29	-1.61	1	66.77	232
jk.micro.Cotillion 0.8	1	63.52	77.14	-0.13	1	77.77	91
jk.mini.CunobelinDC 1.2	1	72.55	90.00	5.33	2	82.96	42
jk.sheldor.nano.Yatagan 1.2.3	1	76.71	88.57	-0.54	1	65.60	256
jp.Perpy 16.0	1	86.21	95.71	4.59	2	58.92	416
jt.SpearmintCT Alpha	1	98.13	100.00	1.27	1	25.12	1084
kawigi.mini.Coriantumr 1.1	1	89.30	100.00	-1.10	1	63.49	319
kawigi.mini.Fhqwhgads 1.1	1	81.69	97.14	1.98	1	64.86	280
kawigi.nano.FunkyChicken 1.1	1	85.31	97.14	4.63	1	57.84	444
kawigi.sbf.Barracuda 1.0	1	97.92	100.00	-0.83	1	47.29	695
kawigi.sbf.FloodHT 0.9.2	1	73.44	88.57	5.61	1	73.03	138
kawigi.sbf.FloodMini 1.4	1	80.87	94.29	-0.86	1	66.23	244
kawigi.sbf.FloodSonnet 0.9	1	76.20	88.57	-3.60	1	63.32	323
kc.micro.Thorn 1.252	1	77.83	91.43	5.75	1	75.55	116
kc.micro.WaveShark 0.5	1	69.79	85.71	0.09	1	76.94	101
kc.serpent.Hydra 0.21	1	56.14	68.57	-6.66	1	84.60	28
kcn.unnamed.Unnamed 1.21	1	69.81	88.57	-10.20	1	68.43	209
kenran.Bakko v1.0.1	1	61.77	71.43	-6.61	1	76.38	106
kid.Gladiator .7.2	1	77.83	85.71	2.83	1	75.95	111
kid.Toa .0.5	1	79.56	85.71	1.19	1	71.82	149
kinsen.nano.Quarrelet 1.0	1	77.78	94.29	1.17	1	58.42	430
KiraNL.Cataris 1.0	1	78.76	94.29	4.08	2	58.04	439
KiraNL.ChupaLite 0.4	1	81.33	91.43	1.39	1	60.13	396
kms.Golden 0.10	1	65.93	80.00	-8.43	1	73.01	139
kneels.nano.Derp 0.2	1	82.73	97.14	4.87	1	55.77	498
Krabb.krabby.Krabby 1.18b	1	83.42	95.71	1.23	2	61.70	362
krzysiek.robbo2.Robbo 1.0.0	1	84.08	95.71	-4.79	2	57.53	454
lechu.Ala 0.0.4	1	74.07	80.00	-9.42	1	54.68	516
Legend.Qetro 1.6	1	94.89	97.14	-3.60	1	42.40	817
lessonz.robocode.Oz 0.5.0	1	97.80	100.00	-0.05	1	48.26	665
logiblocs.SittingDroid 1.0	1	100.00	100.00	1.04	1	3.25	1200
lrem.magic.TormentedAngel Antiquitie	1	85.33	100.00	4.51	1	57.37	456
lrem.micro.FalseProphet Alpha	1	87.86	100.00	6.13	1	58.28	433
lrem.quickhack.QuickHack 1.0	1	90.67	97.14	0.51	1	54.51	519
lucasslf.Dodger 1.0	1	80.34	94.29	-0.72	2	61.91	358
lucasslf.HariSeldon 0.2.1	1	82.96	100.00	6.60	1	69.96	173
lucasslf.Wiggins 0.6	1	79.38	97.14	10.57	1	77.07	99
matt.UnderDark4 0.4.00	1	97.21	97.14	-0.81	1	20.49	1120
mb.Monte 0.1.0	1	87.72	97.14	-0.71	1	59.44	406
metal.small.dna2.MCoolDNA 1.5	1	77.19	92.86	0.45	2	68.37	210
metal.small.MCool 1.21	1	83.94	97.14	-6.38	1	54.04	528
mk.Alpha 0.2.1	1	91.22	100.00	0.67	2	63.99	308
mladjo.AIR 0.7	1	81.85	97.14	-1.20	2	54.22	524
mladjo.Grrrrr 0.9	1	61.63	74.29	-10.91	1	67.89	217
mladjo.Startko 1.0	1	85.63	98.57	-2.00	2	53.06	548
mld.jdc.nano.LittleBlackBook 1.0	1	95.17	100.00	1.38	1	52.85	553
mld.LittleBlackBook 1.69e	1	95.67	100.00	1.91	1	51.58	580
mld.Wisdom 1.0	1	98.82	100.00	1.37	1	43.89	778
mn.nano.SkippedTurns 1.1.0	1	100.00	100.00	0.01	1	0.00	1216
mnt.AHEB 0.6a	1	76.66	85.71	1.94	1	62.14	353
mnt.SurferBot 0.2.5	1	84.60	97.14	-3.85	1	63.08	331
mrm.MightyMoose .2	1	91.92	97.14	-4.94	1	46.01	731
mue.Ascendant 1.2.27	1	56.30	67.14	4.07	2	84.91	24
mue.Hyperion 0.8	1	67.27	80.00	5.55	1	75.78	112
myl.micro.NekoNinja 1.30	1	80.67	97.14	-5.50	1	56.19	493
myl.micro.Predator 1.50	1	94.34	97.14	-3.99	1	51.49	584
mz.Adept 2.65	1	93.46	100.00	1.59	1	50.47	609
mz.AdeptBSB 1.03	1	98.57	100.00	-0.27	2	50.89	597
nat.Hikari dev0001	1	76.42	85.71	-8.93	1	67.63	220
nat.nano.Ocnirp 1.73	1	80.58	97.14	4.83	2	58.08	437
nat.nano.OcnirpPM 1.0	1	79.93	97.14	4.82	1	58.37	432
nat.nano.OcnirpSNG 1.0b	1	79.29	94.29	1.99	1	60.16	397
nkn.mini.Jskr0 0.1	1	82.78	98.57	-3.47	2	68.62	206
Noran.BitchingElk 0.054	1	91.05	88.57	-4.39	1	35.04	964
Noran.RandomTargeting 0.02	1	99.93	100.00	0.16	1	28.57	1053
nova.Snow 1.0	1	81.35	91.43	3.51	1	56.41	479
nz.jdc.micro.HedgehogGF 1.5	1	84.38	100.00	7.78	1	75.74	114
nz.jdc.nano.NeophytePattern 1.1	1	83.71	97.14	4.33	1	65.21	264
nz.jdc.nano.PatternAdept 1.0	1	84.16	94.29	2.00	1	62.85	334
oog.micro.Claudius 1.11	1	76.41	91.43	3.64	2	71.91	147
oog.micro.MagicD3 0.41	1	75.45	87.14	2.98	2	66.64	235
oog.micro.Maui 1.2	1	83.78	94.29	4.85	2	66.01	247
oog.micro.SavantMicro 1.1	1	77.96	88.57	3.26	1	68.63	205
oog.mini.AlphaDragon 0.1	1	81.22	97.14	6.00	1	70.02	171
origin.SleepSiphon 1.7b	1	90.82	97.14	-2.77	1	64.94	278
ouroboros.Dragon 0.0.3	1	74.25	85.71	2.89	1	81.56	62
pe.mini.SandboxMini 1.2	1	81.37	94.29	0.88	1	61.00	381
pedersen.Hubris 2.4	1	83.01	94.29	6.64	1	68.63	203
pez.clean.Swiffer 0.2.9	1	67.65	82.86	-12.30	1	65.79	252
pez.frankie.Frankie 0.9.6.1	1	71.17	82.86	-3.59	1	64.59	288
pez.gloom.GloomyDark 0.9.2	1	77.07	91.43	-1.20	2	66.85	229
pez.mako.Mako 1.5	1	81.14	94.29	0.07	1	61.42	372
pez.micro.Aristocles 0.3.9	1	67.97	82.86	-6.83	1	68.88	197
pez.mini.Gouldingi 1.5	1	90.51	97.14	-1.96	1	56.13	494
pez.rumble.Ali 0.4.9	1	66.74	81.43	3.88	2	82.47	48
ph.micro.Pikeman 0.4.5	1	76.52	94.29	-1.72	1	66.48	239
ph.mini.Archer 0.6.6	1	66.42	82.86	-4.89	1	68.70	200
ph.musketeer.Musketeer 0.6	1	69.57	85.71	0.14	1	68.23	211
pkbots.BoyTDSurfer 1.0	1	78.86	94.29	8.33	1	72.53	143
PkKillers.PkAssassin 1.0	1	89.48	100.00	-0.06	1	54.44	521
pl.mskiba.Hilton 0.4	1	99.73	100.00	0.19	1	37.78	915
Polkwane.Intensive 1.0	1	84.22	100.00	-0.14	1	64.42	292
Polkwane.Piyane 0.7b	1	84.44	91.43	-10.29	1	58.45	429
projectx.ProjectNano 2.0	1	92.31	97.14	-3.70	2	40.25	863
quietus.Invader 0.1	1	99.51	98.57	-0.18	2	13.88	1160
quietus.NarrowRadar 0.1	1	95.57	97.14	-2.55	1	22.39	1105
qwaker00.Ahchoo 1.6	1	82.30	87.14	-1.88	2	58.91	417
racso.Crono 1.0	1	87.10	97.14	-1.34	2	45.63	737
racso.Frog 0.9	1	87.76	96.19	-1.86	3	44.77	750
ratosh.Nobo 0.21	1	96.06	100.00	-0.50	1	47.85	682
rc.yoda.Yoda 1.0.6c.fix	1	80.43	91.43	5.12	1	74.46	123
rcb.Vanessa03 0	1	80.04	97.14	3.59	1	63.57	318
rdt.AgentSmith.AgentSmith 0.5	1	72.68	91.43	8.86	1	78.16	88
rdt199.Warlord 0.73	1	83.68	97.14	0.32	1	57.86	441
reaper.Reaper 1.1	1	83.54	94.29	0.82	1	64.50	294
rjw.RabidWombat 0.71	1	90.36	97.14	-4.89	1	48.21	666
robar.micro.Kirbyi 1.0	1	73.33	82.86	-2.02	2	62.76	337
robar.micro.Topaz 0.25	1	68.22	80.00	-6.91	1	63.28	325
robar.nano.BlackWidow 1.3	1	76.10	88.57	-1.11	1	60.18	395
robar.nano.MosquitoPM 1.0	1	84.21	95.71	1.29	2	57.91	440
robar.nano.Prestige 1.0	1	75.35	91.43	-0.23	1	57.11	462
robar.nano.Pugio 1.49	1	74.80	85.71	-5.93	1	61.60	364
robar.nano.Scytodes 0.3	1	95.77	100.00	2.95	1	50.52	604
robar.nano.Vespa 0.95	1	87.64	97.14	0.73	2	56.32	484
rsim.mini.BulletCatcher 0.4	1	78.46	88.57	-2.17	1	66.34	243
rsk1.RSK1 4.0	1	91.76	100.00	1.34	2	54.53	518
rtk.Tachikoma 1.0	1	83.00	97.14	2.90	1	57.71	448
ry.LightningBug 1.0	1	81.00	94.29	-4.76	1	62.25	352
ry.Worst 1.0	1	98.81	97.14	-1.14	1	0.59	1211
rz.Aleph 0.34	1	73.91	94.29	7.91	1	79.05	82
rz.Artist 0.2	1	76.34	90.48	-6.46	3	64.74	283
rz.GlowBlow 2.31	1	71.99	85.71	-3.24	1	65.95	248
rz.GlowBlowAPM 1.0	1	78.34	91.43	0.17	2	66.83	230
rz.GlowBlowMelee 1.4	1	70.21	84.29	-4.99	2	65.39	262
rz.SmallDevil 1.502	1	94.72	100.00	0.68	1	51.26	590
sample.Fire 1.0	1	100.00	100.00	0.42	2	8.30	1193
sample.SittingDuck 1.0	1	100.00	100.00	0.34	1	2.44	1205
sample.Target 1.0	1	100.00	100.00	0.01	1	2.32	1207
sample.Tracker 1.0	1	100.00	100.00	0.23	1	11.66	1172
sample.TrackFire 1.0	1	100.00	100.00	1.54	1	13.74	1161
satan.White 0.26	1	88.40	97.14	-0.43	1	50.73	599
sheldor.nano.Feint 1.2.1	1	82.31	97.14	7.19	1	61.17	377
sheldor.nano.FoilistNano 3.2	1	74.61	88.57	0.30	1	63.95	311
sheldor.nano.PointInLine 1.0	1	87.40	100.00	6.76	1	50.54	603
sheldor.nano.PointInLineRRAL 1.0.0	1	85.14	97.14	-3.00	1	57.31	457
sheldor.nano.Retreat 1.0	1	100.00	100.00	0.02	1	0.44	1212
shinh.Entangled 0.3	1	85.63	94.29	5.12	2	62.78	340
simonton.beta.LifelongObsession 0.5.1	1	59.20	72.86	-3.52	2	81.04	68
simonton.GFNano_D 3.1b	1	90.31	97.14	0.85	1	56.22	491
simonton.mega.SniperFrog 1.0.fix2	1	68.11	82.86	-3.51	1	80.53	72
simonton.micro.GFMicro 1.0	1	84.41	97.14	3.24	1	70.98	158
simonton.mini.WeeksOnEnd 1.10.4	1	68.15	85.71	4.80	1	81.52	64
simonton.nano.WeekendObsession_S 1.7	1	83.78	97.14	1.19	1	58.96	413
slugzilla.Basilite 0.13	1	69.79	82.86	-0.44	1	74.57	122
slugzilla.OrbitGF 1.0	1	90.18	97.14	-4.14	1	51.92	569
slugzilla.OrbitLinear 1.1	1	96.44	97.14	-2.42	2	41.17	839
slugzilla.OrbitPattern 1.1	1	90.21	97.14	-1.91	1	51.62	578
slugzilla.OscillateGF 1.0	1	94.35	100.00	-1.17	2	48.37	657
slugzilla.OscillateLinear 1.0	1	95.71	97.14	-3.35	1	39.07	884
slugzilla.OscillatePattern 1.0	1	89.99	97.14	-3.03	1	48.79	649
slugzilla.RandomGF 1.0	1	76.88	94.29	-9.35	2	66.09	245
slugzilla.RandomLinear 1.0	1	96.57	100.00	-1.62	2	49.28	632
slugzilla.RandomPattern 1.0	1	72.09	88.57	-5.06	3	66.39	242
slugzilla.SNGLinear 1.0	1	98.74	100.00	-0.18	1	43.82	782
slugzilla.SNGPattern 1.0	1	91.76	97.14	-1.16	1	53.00	549
slugzilla.SquirmyToad 3.9	1	73.56	91.43	-4.37	1	61.82	359
sm.Devil 7.3	1	76.93	85.71	-4.25	2	50.77	598
spinnercat.CopyKat 1.2.3	1	83.70	97.14	6.01	1	57.19	460
spinnercat.Kitten 1.6	1	82.17	95.71	3.52	2	58.59	425
sqTank.waveSurfing.LionWWSVMvoid 0.01	1	99.70	100.00	0.81	2	60.95	384
starpkg.StarViewerZ 1.26	1	88.62	97.14	-1.01	1	53.87	530
stefw.Tigger 0.0.23	1	69.53	82.86	4.76	1	75.77	113
stelo.Liblix 0.3.1	1	69.28	80.00	2.88	1	74.32	126
stelo.MatchupMicro 1.2	1	86.11	100.00	2.11	1	57.12	461
stelo.MatchupMini 1.1	1	72.08	85.71	4.78	2	64.67	284
stelo.MatchupWS 1.2c	1	72.11	85.71	3.05	1	76.26	107
stelo.PastFuture 2.3.2	1	61.73	75.24	0.56	3	78.49	85
stelo.PianistNano 1.3	1	81.90	97.14	-1.44	2	49.18	638
stelo.Randomness 1.1	1	80.77	94.29	-4.10	2	61.93	357
stelo.Spread 0.9	1	67.09	80.00	0.34	1	76.10	109
stelo.SteloTestNano 1.0	1	85.18	91.43	-3.31	1	51.03	593
stelo.UnfoolableNano 1.0	1	81.02	95.71	-2.25	2	46.87	704
strider.Festis 1.2.1	1	88.84	100.00	-4.31	1	46.54	717
suh.mega.WaveSurferGF 1.04	1	82.12	88.57	0.56	1	68.00	214
suh.mega.WaveSurferPG 1.06	1	78.51	85.71	-0.12	1	68.88	195
suh.micro.MirrorPM 1.00	1	67.81	80.00	-3.68	1	60.40	392
suh.nano.AngularMirrorC 1.00	1	96.67	100.00	0.66	1	39.20	877
suh.nano.AntiGravityL 1.01	1	97.54	98.57	-1.63	2	43.42	789
suh.nano.OscillatorL 1.00	1	97.17	98.57	-1.59	2	46.33	721
suh.nano.RandomPM 1.02	1	80.70	94.29	6.94	1	58.57	427
suh.nano.Worst 1.02	1	100.00	100.00	0.01	1	0.41	1214
sul.Pinkbot 1.1	1	94.50	97.14	-2.83	1	45.20	744
SuperSample.SuperCrazy 1.0	1	88.47	97.14	-3.28	1	46.21	726
supersample.SuperMercutio 1.0	1	86.44	100.00	4.76	2	57.74	447
suzushin7.nano.Galaxy01 1.01	1	98.89	97.14	-1.10	1	0.39	1215
syl.Centipede 0.5	1	88.27	100.00	1.17	1	56.30	483
synapse.rsim.GeomancyBS 0.11	1	65.80	77.14	-0.04	2	78.77	84
tcf.Drifter 29	1	73.62	90.00	-2.03	2	64.58	290
tcf.Repat3 2	1	82.41	92.86	-2.74	2	61.47	366
TCMI.Enyo 0.4	1	94.94	100.00	-2.04	1	66.63	236
theo.avenge.Pequod 1.0	1	71.86	88.57	3.50	1	71.93	146
theo.QuarkSoup 1.5fga	1	82.87	100.00	11.82	1	70.36	162
theo.real.Ahab 1.0	1	71.00	85.71	7.34	1	77.56	97
theo.simple.Bones 1.0	1	75.00	82.86	0.96	1	68.47	208
theo.simple.Lucid 1.0	1	74.76	88.57	8.71	1	69.93	175
theo.Tungsten 1.0a	1	76.35	88.57	3.61	2	73.96	132
throxbot.ThroxBot 0.1	1	90.72	97.14	-2.74	1	42.68	807
tide.pear.Pear 0.62.1	1	67.69	85.71	4.90	1	82.23	58
timmit.nano.TimCat 0.13	1	88.74	94.29	-9.39	1	43.84	781
tm.Yuugao 1.0	1	75.71	87.14	4.00	2	63.28	326
tobe.calypso.Calypso 4.1	1	86.24	100.00	0.54	1	41.35	834
tobe.Saturn lambda	1	79.14	91.43	0.39	2	56.34	481
tornyil.bottomup.BottomUp 1.05	1	85.69	100.00	11.50	1	60.39	393
trab.Crusader 0.1.7	1	67.22	82.86	-1.22	1	77.59	96
trab.nano.AinippeNano 1.3	1	87.23	100.00	2.60	1	52.70	558
trm.Wrekt 1.1.6.f	1	75.39	88.57	2.89	1	74.68	121
tw.Exterminator 1.0	1	74.52	65.71	-10.10	1	61.81	360
tzu.TheArtOfWar 1.2	1	86.58	97.14	-1.95	2	58.62	424
vic.Locke 0.7.5.5	1	68.06	85.71	2.12	2	71.69	152
vishius.Orbiter 1.0	1	98.83	100.00	0.20	2	38.57	894
voidious.micro.Jen 1.11	1	75.24	92.38	-6.23	3	68.76	199
voidious.mini.Komarious 1.88	1	79.90	97.14	8.87	1	81.44	65
vuen.Fractal 0.55	1	87.95	100.00	-0.28	1	48.63	652
WarfaJibril.Jibril_Warfa_Andromeda 1.11	1	83.07	97.14	-6.90	1	42.82	803
wcsv.Engineer.Engineer 0.5.4	1	72.15	91.43	8.85	1	82.27	56
wcsv.mega.PowerHouse2 0.2	1	70.96	82.86	1.62	2	80.02	77
wcsv.PowerHouse.PowerHouse 1.7e3	1	65.78	82.86	0.29	1	82.69	47
WdV.Lesserbee 0.01	1	96.46	100.00	0.75	3	19.79	1124
whind.Constitution 0.7.1	1	83.88	94.29	-1.30	1	54.78	511
whind.Strength 0.6.4	1	84.35	97.14	2.61	1	64.66	285
wiki.BasicGFSurfer 1.02	1	84.88	100.00	2.95	1	70.58	161
wiki.mako.MakoHT 1.2.2.1	1	92.09	100.00	-0.65	1	54.07	525
wiki.mini.BlackDestroyer 0.9.0	1	82.84	94.29	4.16	1	66.41	240
wiki.mini.Griffon 0.1	1	79.86	91.43	-1.83	2	65.62	255
wiki.mini.Sedan 1.0	1	79.69	91.43	1.00	1	68.93	194
wiki.nano.RaikoNano 1.1	1	84.06	100.00	1.55	1	56.07	495
wiki.Wolverine 2.1	1	90.23	98.57	-1.99	2	40.28	866
wilson.Chameleon 0.91	1	80.11	94.29	2.79	3	68.95	193
wompi.Numbat 1.9	1	79.60	87.14	-2.52	2	65.51	258
zen.Lindada 0.2	1	77.37	88.57	-0.97	1	59.81	401
zeze2.OperatorZeze 1.05	1	89.09	97.14	6.12	1	46.60	713
aaa.r.ScalarR 0.005h.053-noshield	0	30.90	20.00	0.43	1	91.26	5
abc.Shadow 3.83c	0	63.49	80.00	15.45	1	84.72	26
abud.ThirdRobo 1.0	0	94.50	97.14	-4.23	1	23.59	1095
acid.Bl4ck 1.0	0	95.80	100.00	-0.96	1	36.86	928
acid.Null 1.0	0	96.84	100.00	1.83	1	36.70	932
acid.Syzygy 1.0.4	0	97.18	100.00	-1.01	1	32.53	1007
acogdev.alpha 0.2	0	99.26	100.00	0.02	1	26.65	1068
ad.last.Bottom 1.0	0	99.97	100.00	0.23	1	2.58	1202
adt.Ar1 2.1	0	99.15	100.00	0.18	2	30.13	1039
adt.Ar2 1.0	0	96.00	100.00	1.04	1	32.63	1005
aetos.AetosFirstBot 1.0	0	99.84	100.00	0.77	1	20.99	1115
ag.Gir 0.99	0	99.48	98.57	0.04	2	13.94	1159
agd.Mooserwirt2 2.7	0	88.58	94.29	-7.41	1	53.54	536
agrach.Dalek 1.0	0	98.70	100.00	0.76	1	44.04	774
agrach.MicroDalek 1.0	0	98.40	100.00	0.83	1	40.35	860
agrach.RobotSlayer 1.0	0	95.62	97.14	-2.82	1	44.41	763
ags.Glacier 0.3.2	0	62.86	74.29	0.44	1	78.92	83
ags.Midboss 1q.fast	0	69.76	82.86	8.55	1	83.76	33
ags.polished.PolishedRuby 1	0	74.13	90.48	9.07	3	69.66	180
ags.rougedc.RougeDC willow	0	66.58	71.43	9.13	1	82.37	53
ahf.Acero 1.0	0	97.07	100.00	-0.35	2	48.23	667
ahr.ice.Ice 1.0	0	82.31	94.29	-7.75	1	52.78	556
ajs.Guessit 1.3	0	93.72	98.57	0.82	2	51.47	587
ajs.Solveit 1.3	0	87.62	94.29	-2.25	1	53.29	543
alex.Diabolo5 1.1	0	91.67	97.14	-2.59	1	47.52	690
alk.lap.LoudAndProud 2.23	0	83.00	97.14	4.99	2	62.76	341
alpha.RainingFire 1.0	0	73.05	85.71	2.08	1	69.01	192
am.Miedzix 3.0	0	87.68	97.14	-1.46	1	44.57	756
amarok.Rookie 1.1	0	90.67	95.71	-3.33	2	50.07	618
amc.ROBv202 1.01	0	99.18	100.00	-0.20	1	28.77	1051
amc.ROBv203 1.0	0	93.96	97.14	-4.22	2	40.35	861
amc.ROBv300 1.1	0	97.10	100.00	-1.69	1	32.85	998
amc.ROBv301 1.1	0	96.56	100.00	-1.74	1	33.82	982
amc.ROBv400 1.0	0	94.95	100.00	-3.36	1	33.86	980
amk.jointstrike.JointStrike 0.2	0	91.79	97.14	-3.39	1	31.69	1017
amk.Punbot.Punbot 0.01	0	98.63	100.00	-0.28	2	9.99	1182
amk.ShizzleStiX.ShizzleStiX 0.6	0	96.43	100.00	2.62	1	34.16	973
amk.superstrike.SuperStrike 0.3	0	94.12	97.14	-2.50	1	30.13	1040
And.BasicSurfer FF1.6	0	98.56	100.00	0.51	1	56.92	466
ao.T100 0.9	0	99.69	100.00	0.61	1	29.81	1042
ap.Frederick 1.1	0	98.06	94.29	-1.71	1	14.98	1154
apc.Caan 1.0	0	96.08	100.00	0.78	1	19.48	1125
apc.Colossus2 0.12	0	89.86	94.29	-4.10	1	37.11	923
apc.LeeroyJenkins2 1.0	0	82.24	94.29	1.79	1	54.78	512
apollokidd.ApolloKidd 0.9	0	94.46	97.14	-2.42	1	39.67	872
apv.Aspid 1.7	0	79.14	95.71	4.33	2	65.82	250
apv.ScruchiPu 1.0	0	72.77	91.43	-2.85	1	65.14	267
apv.TheBrainPi 0.5fix	0	74.80	88.57	-0.32	2	58.58	426
ar.QuantumChromodynamics 1.2.1	0	90.69	100.00	-3.20	1	44.00	776
ar.TheoryOfEverything 1.2.1	0	86.63	100.00	-0.40	2	51.88	570
ara.Shera 0.88	0	87.32	100.00	11.66	1	64.57	289
areb.Union 1.06	0	80.52	91.43	3.54	1	64.26	299
arthord.MannyPacquiao Delta2	0	81.37	97.14	0.26	1	46.31	722
arthord.micro.Apoptygma 0.4	0	82.83	97.14	2.06	1	56.51	476
arthord.micro.Muffin 0.6.1	0	81.16	94.29	3.37	1	64.27	300
arthord.NanoSatan Mu	0	82.51	98.57	0.26	2	57.76	446
arthord.NanoSatanMelee Beta	0	88.13	97.14	-2.34	2	38.73	891
ary.Crisis 1.0	0	87.08	97.14	0.85	1	61.18	376
ary.FourWD 1.3d	0	75.96	88.57	-1.27	1	73.86	133
ary.nano.AceSurf 1.2	0	86.43	95.24	-2.71	3	51.70	575
as.xbots 1.0	0	68.28	91.43	-9.07	1	53.77	532
asd.Cthulhu 1.2	0	95.62	100.00	1.78	1	39.11	881
av.RobAtHome 1.2	0	92.09	98.57	-2.64	2	35.79	947
aw.Gilgalad 1.99.5c	0	42.17	48.57	-3.74	2	87.64	12
awesomeness.Elite 1.0	0	95.99	97.14	-1.03	1	47.55	688
awl.Locutus 1.5	0	91.11	97.14	-0.54	1	48.85	643
axeBots.HataMoto 3.09	0	87.93	98.57	5.00	2	56.49	478
axeBots.Musashi 2.18	0	78.27	88.57	8.67	1	71.29	156
axeBots.Okami 1.04	0	70.61	80.00	3.59	1	76.54	104
axeBots.SilverSurfer 2.53.33fix	0	64.29	77.14	4.82	1	83.29	37
ayk.WallHugger 1.0	0	98.89	100.00	0.99	1	21.05	1113
az.Ololobot 0.2.4	0	88.40	95.24	-0.91	3	52.84	554
banshee.micro.Nexus6 0.3.0	0	94.84	100.00	-0.75	1	48.09	671
banshee.mini.Nexus6 0.2.0	0	99.39	100.00	0.18	2	43.23	796
barontrozo.BaronTrozo 1.7.6	0	67.73	81.43	1.91	2	70.05	169
bayen.nano.Squirrel 0.2	0	87.67	100.00	0.15	1	50.12	617
bayen.UbaRamLT 1.0	0	67.72	97.14	-10.56	2	49.76	623
bbo.RamboT 0.3	0	79.78	97.14	-18.36	1	28.91	1048
bbo.TheRoof 1.4.3	0	93.93	98.57	-0.34	2	36.91	926
benhorner.PureAggression 0.2.6	0	64.30	91.43	-10.70	1	52.17	566
bh.PencilRain 0.01	0	99.97	100.00	1.19	1	11.57	1173
bing2.Melody 1.3.1	0	83.16	94.29	-3.16	1	68.68	201
bjl.LoneDragon 0.5	0	85.68	91.43	-4.55	1	60.22	394
bk.Shooter 1.0	0	98.39	100.00	-0.43	1	18.02	1136
blir.micro.blixi.Blixi 1.2	0	97.14	98.57	-1.32	2	43.81	783
blir.mini.oops.Splooshlu 2.0	0	97.54	98.57	-0.69	2	47.93	677
blir.nano.Bruce R1.0.0	0	75.11	95.71	-6.78	4	44.14	771
blir.nano.Cabbage R1.0.1	0	97.41	100.00	0.05	1	42.65	810
blir.nano.inch.Inchworm 1.0	0	96.17	97.14	-2.01	1	20.75	1116
blr.Chicken001 0.1	0	93.34	98.10	-5.36	3	18.29	1132
boe.Minerva 0.80	0	86.64	96.19	-1.11	3	57.61	451
bons.NanoStalker 1.2	0	97.59	100.00	-0.40	1	39.15	879
bots.UberBot 1.2c	0	96.73	100.00	0.86	1	40.52	854
bots.UnterBot 1.0	0	96.89	100.00	1.96	2	43.86	780
bots.UnterExBot 1.0	0	95.67	97.14	-1.45	1	44.02	775
bp.Kuma 1.0	0	99.74	100.00	0.52	1	30.61	1036
braaropolis.Abot 1.0	0	96.41	99.05	-1.18	3	26.32	1071
bts.mega.Gnarly 1.4	0	84.60	96.19	1.39	3	58.54	428
bts.wiki.RipCurl 0.9b	0	73.19	85.71	-4.51	1	66.63	237
buba.Buba 0.3	0	95.97	99.05	-2.51	3	43.55	787
bumblebee.Bumblebee 1.0	0	90.80	100.00	2.36	2	42.82	804
bvh.fnr.Fenrir 0.36l	0	72.93	84.29	-0.15	2	62.81	336
bvh.fry.Freya 0.82	0	77.57	94.29	-2.35	1	66.66	234
bvh.hdr.Hodur 0.4	0	94.57	97.14	-0.63	1	21.47	1111
bvh.loki.Loki 0.5	0	96.59	100.00	0.00	1	36.78	929
bvh.micro.Freya 0.3	0	96.45	100.00	1.94	1	44.39	764
bvh.micro.Svadilfari 0.2	0	96.79	100.00	-1.78	1	36.27	936
bvh.mini.Mjolnir 0.3	0	72.08	98.57	-6.94	2	56.36	482
bvh.mini.Wodan 0.50	0	70.71	85.71	-3.85	1	63.87	313
bvh.tyr.Tyr 1.74	0	94.14	98.57	0.27	2	41.43	833
bwbaugh.nano.Tirunculus 0.0.0a	0	67.11	97.14	-13.06	1	45.71	735
bzdp.BoxCar 2.0	0	89.89	97.14	-2.56	2	40.27	865
bzdp.Pansy 2.1	0	99.20	100.00	0.40	1	20.62	1117
caimano.Furia_Ceca 0.22	0	93.91	97.14	-3.83	1	44.11	772
casey.Flump 1.0	0	84.64	97.14	-2.10	2	47.52	689
catcat20.atom.Atom 0.51	0	78.90	88.57	4.18	1	75.54	117
catcat20.helios.Helios 1.5	0	75.40	81.43	-1.05	2	71.76	150
catcat20.Lambda 0.017	0	62.43	77.14	2.63	1	82.46	49
catcat20.Rabbit 0.001	0	75.29	82.86	-4.80	1	68.66	202
catcat20.shape.Theta 0.018	0	62.94	74.29	1.66	1	79.19	80
cb.Domogled 1.2	0	66.04	62.86	4.89	1	85.12	23
cb.fire.Firestarter 2.0f	0	34.80	14.29	-9.04	1	88.13	7
cb.mega.RandomBot 1.0	0	77.06	94.29	7.87	1	54.92	509
cb.nano.Insomnia 1.0	0	93.10	97.14	0.55	1	25.00	1086
cbot.cbot.CBot 0.8	0	75.79	88.57	-2.41	1	55.93	496
cf.OldMan.OldManXP 0.1	0	73.81	88.57	-2.44	1	57.69	449
cf.star.Star2 1.23	0	72.09	88.57	-2.82	1	71.58	154
ch.rhj.rbc.RHJ1 1.0	0	98.39	97.14	-0.91	2	16.28	1144
chickenfuego.UrChicken2 1.0	0	99.98	100.00	0.21	1	9.12	1189
cjk.Merkava 0.1.1	0	99.27	100.00	1.23	1	32.64	1003
cli.Dancer 1.1	0	99.93	100.00	0.68	1	36.62	933
codemojo.nano.Woot 1.0	0	93.05	97.14	-1.41	1	37.44	917
com.arsenic.NewTest 1.0	0	89.60	94.29	-4.36	1	44.18	769
com.blogspot.malinkody.DestrobotMalin 1.0	0	98.44	97.14	-1.20	1	17.32	1140
com.cohesiva.robocode.ManOwaR 1.0	0	95.32	100.00	2.18	1	48.33	662
com.syncleus.robocode.Dreadnaught 0.1	0	87.64	100.00	-4.10	1	35.47	952
conscience.Bulldozer 1.0a	0	76.11	100.00	-5.65	1	46.17	727
conscience.Electron 1.3g	0	91.10	97.14	-4.46	1	47.24	697
conscience.Idem 1.0a	0	96.22	97.14	-1.26	1	33.60	986
cre.Karolos 0.32	0	88.09	97.14	-2.36	1	57.07	464
cs.Nene 1.0.5	0	55.81	72.38	4.06	3	86.63	18
cs.PumpkinPie 1.0	0	76.81	88.57	5.11	1	61.22	375
cs.s2.Seraphim 2.3.1	0	67.54	85.71	7.23	1	83.13	39
csp.Eagle 3.30	0	93.61	100.00	-2.53	1	34.96	965
cw.megas.GhostShell GT	0	87.47	97.14	4.80	2	48.56	654
cw.megas.Gridd 0.4	0	81.25	94.29	5.51	1	55.29	504
cw.megas.Polar 3.2	0	74.77	85.71	-1.24	1	54.93	510
cx.BlestPain 1.41	0	75.40	90.00	7.86	2	73.99	129
cx.Lacrimas 1.36	0	77.97	94.29	11.23	1	75.05	118
cx.micro.Blur 0.2	0	74.50	82.86	-11.58	1	59.47	405
cx.micro.Spark 0.6	0	75.34	88.57	2.44	1	64.75	282
cx.mini.Cigaret 1.31	0	73.09	88.57	6.96	1	69.53	182
cx.mini.Nimrod 0.55	0	77.73	94.29	2.88	1	65.44	261
cx.nano.Smog 2.6	0	90.50	98.57	-2.60	2	53.22	546
cyragia.Bot 1.1	0	99.23	100.00	0.87	1	40.53	853
daemons.DizzyA 1.0	0	97.95	100.00	-1.84	1	11.11	1178
dam.MogBot 2.9	0	78.59	88.57	1.83	1	59.03	409
damij.mega.Boque aaah	0	64.08	74.29	1.54	1	81.88	60
dans.Cinnamon 1.2	0	90.12	97.14	-3.88	1	36.77	930
darkcanuck.Gaff 1.50	0	64.43	74.29	5.93	1	79.64	79
darkcanuck.Pris 0.92	0	71.01	85.71	22.52	1	84.72	25
davidalves.net.Duelist 0.1.6src	0	81.22	94.29	-0.63	1	63.97	309
davidalves.net.DuelistMicro 1.22	0	84.62	100.00	4.46	1	65.00	273
davidalves.net.DuelistNano 1.0	0	84.89	97.14	-6.49	1	44.73	753
davidalves.PhoenixOS 1.1	0	68.02	82.86	6.04	1	81.92	59
davv.DOne b002	0	99.00	97.14	-0.80	1	3.05	1201
dcs.Eater_of_Worlds 1.1.3-A	0	91.52	97.14	-6.26	1	28.37	1057
dcs.Eater_of_Worlds_Mini 1.0	0	99.29	100.00	0.57	2	32.33	1010
dcs.PM.Eater_of_Worlds_PM 1.2	0	69.93	86.67	-3.81	3	57.60	453
de.erdega.robocode.Polyphemos 0.4	0	77.57	88.57	-9.92	1	51.88	571
de.simpleworks.robocode.bots.swiBot 1.1	0	99.07	100.00	0.29	1	18.10	1134
deith.Czolgzilla 0.11	0	91.59	95.71	-2.63	4	51.37	588
demetrix.ForceMajeure 0.75	0	74.69	85.71	4.66	1	69.31	185
demetrix.nano.SledgeHammer 0.22	0	61.01	82.86	-11.65	1	54.25	523
deo.CloudBot 1.3	0	73.89	85.71	-10.10	1	70.37	163
dft.Calliope 5.6	0	90.30	97.14	-2.54	1	48.38	656
dft.Cardigan 1.09	0	70.86	85.71	10.09	1	82.43	51
dft.Cyprus 3.0	0	75.34	88.57	-4.68	2	62.80	335
dft.Freddie 1.32	0	96.94	100.00	3.56	1	56.22	490
dft.Guppy 1.0	0	93.80	100.00	2.29	1	52.88	551
dft.Immortal 1.40	0	79.05	94.29	13.01	1	80.02	76
dft.Krazy 1.5	0	90.27	95.71	0.28	2	42.74	805
dggp.haiku.gpBot_0 1.1	0	96.41	98.57	1.21	2	36.56	934
dhn.Immortal 1.0	0	97.34	100.00	-0.90	1	17.92	1137
disan.Chair 2.2.0	0	96.99	100.00	-0.94	3	39.79	869
discan.mini.Exode 0.25	0	94.91	97.14	-3.43	2	31.10	1030
dittman.BlindSquirl Retired	0	97.62	100.00	0.28	1	27.74	1062
divineomega.DivineBot 1.9.5	0	92.74	97.14	5.72	1	61.42	370
divineomega.PatrollerBot 1.0	0	90.92	100.00	-0.17	2	35.95	944
divineomega.TrialBot 0.003	0	80.66	97.14	2.13	1	57.78	445
djc.Aardvark 0.3.6	0	91.13	100.00	3.46	1	47.87	678
djdjdj.NanoSkunk10 1.0	0	99.62	100.00	2.02	1	39.71	871
dk.stable.Gorgatron 1.1	0	87.51	100.00	-0.35	1	53.43	538
dks.MicroDanMK2 1.0	0	99.20	100.00	0.66	1	31.10	1029
DM.Capriite 3.7.2	0	95.88	98.57	-2.94	2	33.98	978
DM.Chicken 4.0	0	97.83	98.57	-0.74	2	35.39	959
DM.mega.Regicide 2.0rrr	0	70.17	85.71	11.46	1	80.53	70
DM.Mijit .3	0	86.50	95.71	-2.49	2	56.79	470
dmh.robocode.robot.BlueBerry 0.5	0	91.17	98.10	-3.67	3	40.77	851
dmh.robocode.robot.GreenDragon 1.0	0	90.51	100.00	-2.42	1	48.16	668
dmh.robocode.robot.PinkPanther 1.1	0	73.79	91.43	3.25	1	60.87	385
dmp.micro.Aurora 1.41	0	80.83	94.29	-2.82	3	49.48	629
doka.KillerRabbit 1.0	0	82.67	97.14	-0.11	1	52.39	563
doka.Shinigami 2.2	0	87.30	97.14	-0.52	2	64.02	307
doka.ShinigamiKNN 1.0	0	95.67	100.00	-2.30	1	53.27	544
doka.Test 1.0	0	84.87	97.14	-4.37	1	34.44	971
donjezza.Jezza 1.0	0	99.93	100.00	0.27	1	13.47	1165
donjezza.Muncho 1.0	0	99.73	100.00	0.34	2	15.55	1149
dragonbyte.Neutrino 4	0	87.36	68.57	1.93	1	60.95	383
drd.Dreadknoght 0.9	0	98.87	97.14	-0.76	1	6.55	1196
drm.CobraBora 1.12	0	74.19	88.57	2.29	1	63.30	324
drm.Magazine 0.39	0	72.47	88.57	-1.04	3	61.49	365
ds.Versatile RB1.0.1	0	82.40	91.43	1.69	1	69.33	184
dsekercioglu.mega.Raven 3.56j8	0	59.55	74.29	11.38	1	87.74	8
dsekercioglu.mega.WhiteFang 2.8.1	0	73.50	88.57	22.13	1	86.63	17
dsekercioglu.mini.Partial 0.1.3	0	79.72	91.43	0.46	2	70.23	165
dsekercioglu.shield.ColdBreath 1.0	0	100.00	100.00	3.25	3	32.93	997
dsw.StaticD 1.0	0	99.03	100.00	0.42	1	41.20	836
dsx724.VSAB_EP3_ATR 1.1	0	94.06	98.57	-2.82	2	53.85	531
DTF.Kludgy 1.2b	0	65.80	65.71	-6.91	1	61.44	371
dukie.Ambassador 1.0	0	91.14	97.14	-5.71	1	38.18	906
dummy.micro.HummingBird 2.14	0	86.46	98.10	2.69	3	50.36	611
dummy.mini.Parakeet 2.40	0	73.01	85.71	-2.88	1	59.36	407
dvogon.GangBang 1.0	0	93.49	100.00	-4.47	2	24.39	1091
dz.GalbaMicro 0.11	0	85.37	94.29	2.45	1	61.37	373
dz.GalbaMini 0.121	0	76.49	91.43	7.66	1	67.38	222
dz.OthoMicro 0.12	0	71.05	82.86	-5.96	1	55.42	503
dz.OthoMini 0.15	0	76.36	94.29	1.49	1	61.05	379
e32.Omni 0.06	0	95.12	98.57	-0.04	2	37.79	914
eat.HumblePieLite 1.0	0	78.04	94.29	-4.78	3	56.21	489
EBBU.Sim2 1.02	0	94.25	100.00	-2.77	1	31.65	1019
ebo.Sparse 0.02	0	72.07	80.00	-6.71	1	61.46	368
ebo.Tahoe 1.1.79	0	63.97	74.29	-4.61	1	73.00	140
EE.LittleBig 1.0	0	79.40	91.43	-8.30	1	47.86	681
eem.EvBot v4.6.4	0	79.85	88.57	-2.72	1	67.50	221
eem.EvBotNG v12.8	0	58.91	68.57	-2.96	1	80.15	75
eem.IWillFireNoBullet v2.4	0	99.03	97.14	1.46	1	42.13	821
eem.zapper v6.03	0	73.31	88.57	13.28	1	81.26	66
EFD.AdvancedEFD 0.4.5a	0	65.29	74.29	0.52	1	77.63	94
EH.Fusion 0.32	0	76.14	97.14	-5.39	1	46.84	705
EH.mini.Panther 0.2	0	95.89	97.14	-2.51	1	52.54	560
EH.nano.NightBird M	0	92.32	97.14	-5.30	1	38.02	909
EH.Pegasus 0.113	0	91.01	98.57	-4.48	2	39.07	883
ejbots.AngryGrandpappy 1.2	0	97.47	100.00	0.86	1	37.60	916
el.Attackr 0.1	0	99.72	100.00	0.93	1	9.33	1188
el.JumpShoot 0.2	0	100.00	100.00	0.28	2	14.62	1157
el33t.EL33tGangstarr2 2.0	0	92.05	97.14	-2.15	1	32.81	1000
eld.Hmm 1.0	0	93.60	94.29	-0.92	1	37.25	921
elloco.Flower 0.1r1	0	91.69	100.00	-3.07	1	48.02	672
elloco.Kabuto 0.2r	0	88.65	97.14	-1.09	1	35.86	946
elvbot.ElverionBot 0.3	0	100.00	100.00	0.25	2	22.77	1099
emp.Yngwie 1.11	0	77.61	81.43	-1.13	2	61.10	378
ender.EnderRobot 1.1	0	87.57	98.57	-6.84	2	33.35	988
ep.MyFirstRobot 1.0	0	94.29	100.00	-5.33	1	14.75	1155
erdnis.Rover 0.3	0	86.44	95.71	-3.37	2	48.66	651
ers.nano.sunderer.Sunderer 1.23a	0	62.96	88.57	-14.13	1	64.94	279
eskimo.micro.Echo 0.1	0	99.80	100.00	0.53	1	33.69	983
ethdsy.Malacka 2.4	0	95.73	100.00	3.54	1	48.75	650
etienne72230.Wall_street 1.0	0	98.95	100.00	-0.65	1	20.17	1122
evd.X1 0.01	0	94.32	97.14	-3.69	2	35.44	955
Ex.Survival 3.7	0	92.38	97.14	-4.60	1	43.77	784
exauge.Leopard 1.1.019	0	68.38	94.29	-12.42	1	47.87	680
extra.LightSauce 0.01	0	95.98	97.14	-3.30	1	40.43	858
extra.Sauce .01	0	94.98	94.29	-4.26	1	40.34	859
fala.robocode.FalaRobot 1.0	0	93.82	97.14	-2.25	1	35.36	960
FatalFlaw.FatalFlaw 1.0.5	0	93.87	100.00	-0.99	1	25.45	1080
Fenix.FenixTrack 1.0	0	96.18	100.00	-1.48	1	32.83	999
fire219.CatBot 1.0	0	98.42	100.00	-0.08	2	22.46	1103
fire219.cymba.Cymba 1.8	0	88.97	95.71	-3.44	2	46.06	730
florent.FloatingTadpole 1.2.6	0	75.74	87.14	0.90	2	74.33	127
florent.test.Toad 0.14t	0	65.71	82.86	6.89	1	82.88	44
florent.XSeries.X2 0.17	0	69.78	88.57	9.21	1	82.44	50
fm.claire 1.7	0	92.34	100.00	-2.69	1	48.80	647
fm.mammillarias 1.3	0	99.84	100.00	0.47	2	41.11	841
fnc.bandit.Bandit 5.2.0	0	90.75	97.14	-4.18	1	43.34	792
fowl3628800.LightningBolt 2.6.0	0	99.34	100.00	0.17	3	44.75	751
fowl3628800.SitAndGo 1.0.0	0	99.37	100.00	1.03	1	32.51	1009
fowl3628800.StopAndGo 1.0.0	0	98.80	100.00	0.58	1	30.94	1032
fowl3628800.ThunderStruck 3.0.0	0	97.46	97.14	-1.81	1	31.12	1028
franzor.Lizt 1.3.1	0	98.21	97.14	-0.79	1	31.56	1021
froh.micro.Aversari 0.31	0	98.51	100.00	1.19	1	46.81	707
fromHell.BlackBox 0.0.2	0	62.32	71.43	3.59	1	84.65	27
fromHell.C4H10O 1.5.1	0	68.04	82.86	-4.07	1	69.05	189
fromHell.CHCl3 1.4.2	0	71.79	82.86	8.13	1	83.06	40
fruits.NanoStrawbery 1.3	0	98.85	100.00	-0.02	1	13.45	1166
fullsail.LaxativeTeaTwo 1.0	0	94.13	100.00	-0.11	1	46.28	724
fullsail.SweetTea 1.1	0	100.00	100.00	0.39	1	33.98	977
fullsail.TimbotNoPrediction 1.0	0	92.39	100.00	2.73	1	32.02	1014
fushi.PvP1.PvP1 2004-02-16	0	88.22	94.29	7.30	1	55.12	507
fw.Number1 1.0b	0	91.76	97.14	-6.06	1	27.85	1061
gadsky.Gadsky 1.01	0	80.30	88.57	1.96	1	63.08	332
GarmBox.Anger 1.0	0	87.65	100.00	-4.83	1	27.18	1066
GarmBox.Oranges 1.0.1	0	92.03	100.00	0.03	1	44.31	765
Gecko.ultimateGeckoBot 1.0	0	98.55	100.00	0.68	1	45.27	742
geep.mini.GPBotA 1.0	0	95.81	100.00	-1.85	2	43.46	790
geep.mini.GPBotB 1.1	0	94.63	100.00	2.82	1	25.40	1081
genprog.Gajeel 1.0	0	96.62	100.00	-0.40	1	26.22	1072
genprog.Rinmorikazu 1.0	0	93.81	97.14	-2.98	1	25.60	1077
genprog.Zafaran 1.0	0	96.64	100.00	-0.09	1	24.99	1087
germ.TheMind .2	0	100.00	100.00	1.08	1	37.27	920
gf.Centaur.Centaur 0.6.7	0	85.26	93.33	7.56	3	69.20	188
gg.Squaraus 0.6	0	92.32	97.14	-5.23	1	29.05	1047
gg.Wolverine 2.0	0	90.69	100.00	-0.61	1	40.63	852
gh.GresSuffurd 0.4.13	0	65.41	77.14	16.15	1	86.68	14
gh.GrypRepetyf 0.13	0	92.99	97.14	2.08	1	64.44	295
gh.micro.GrubbmThree 1.01	0	60.80	82.86	-9.88	1	56.78	471
gh.mini.Grimmig 0.3.6	0	87.65	98.57	0.33	2	69.75	179
ghent.ArthurPanzergon 1.0.0	0	88.93	100.00	0.58	1	46.82	706
gimp.GimpBot 0.1	0	98.12	100.00	1.51	1	25.55	1078
gio.RealGioBot 1.0	0	94.86	100.00	-3.46	1	31.12	1027
gjr.Cephalosporin 0.2	0	91.46	97.14	-3.13	2	29.41	1045
goblin.Bender 2.4	0	95.51	97.14	-3.59	1	22.91	1098
gre.svman4.Leonidas 1.3.2	0	97.16	97.14	-0.95	2	33.17	994
gre.svman4.Morfeas 1.4.3	0	78.72	85.71	6.70	2	69.78	177
grybgoofy.GoofyBot 0.10	0	90.89	100.00	-0.12	1	43.26	795
Grystrion.RandomTrackerNOREV 1.0	0	88.79	97.14	-4.64	1	31.69	1018
Grystrion.TrackerWO 1.0	0	93.33	98.57	-0.95	2	30.49	1037
gtf.robocode.Strafer 2.1.1	0	92.92	100.00	-0.70	1	33.72	984
gwah.GBotMarkIV 1.0	0	98.93	98.57	-0.06	2	20.37	1121
gwah.GerryBotMkII 1.5.1	0	98.66	100.00	0.14	1	12.67	1169
ha2.T2b 0.2b	0	92.33	97.14	-4.84	1	48.38	660
hapiel.Spiral 0.1	0	96.03	100.00	0.61	1	39.12	880
Heal.TekitokaBot 1.0	0	96.46	97.14	-1.61	1	26.42	1070
hfgrobots.HFG 1.0	0	99.77	100.00	1.25	2	8.85	1191
hirataatsushi.Neo 1.6	0	97.38	98.57	-0.45	2	34.95	966
hirataatsushi.Trinity 0.003	0	91.96	100.00	-3.47	1	33.85	981
hlavko.micro.Flex 1.5	0	80.46	91.43	1.28	1	64.21	302
hlavko.nano.Phoenix 1.0	0	90.53	94.29	-7.71	1	38.65	893
hlavko.nano.Ringo 2.0	0	96.14	98.57	-2.06	2	42.25	819
hp.Athena 0.1	0	76.13	88.57	-10.19	1	55.46	501
hs.SimpleHBot 1.3	0	97.70	100.00	0.06	1	22.66	1100
hvilela.HVilela 0.9	0	96.36	100.00	-0.12	1	41.17	838
infovk.s_schwarzm16.silverbird 1.0	0	81.46	94.29	4.54	3	66.95	225
is.fon.rs.FonDestroyer3084 1.0	0	99.86	100.00	0.03	1	9.75	1185
is.fon.rs.Kamikaza 1.0	0	95.30	97.14	-4.36	1	13.38	1168
jaara.LambdaBot 1.1	0	81.25	92.86	-0.65	2	55.25	505
jab.avk.ManuelGallegus 0.6	0	72.97	87.14	-4.11	2	69.26	187
jab.micro.Sanguijuela 0.8	0	61.87	90.00	-10.51	2	55.47	500
jaemcrb.nano.M1Abrams 1.0	0	93.81	97.14	-1.11	1	42.65	809
jam.RaikoMX 0.32	0	70.04	85.71	3.72	2	82.24	57
janm.Jammy 1.0	0	80.78	97.14	-11.65	1	43.92	777
japs.Serenity 1.0	0	95.58	97.14	-4.21	1	10.34	1180
japs.Sjonniebot 0.9.1	0	95.77	100.00	3.30	1	35.35	961
jasolo.Sonda 0.55	0	88.48	100.00	0.75	1	56.89	467
jaw.KarenCain 0.11	0	99.07	100.00	0.04	2	31.31	1024
jaw.Mouse 0.11	0	93.40	97.14	-3.18	1	44.65	754
jaybot.bots.Oddball 4.0	0	95.55	94.29	-3.31	1	25.13	1083
jcs.AutoBot 4.2.1	0	82.96	97.14	10.30	1	64.81	281
jcs.Seth 1.8	0	98.14	100.00	1.59	1	36.87	927
jcw.ArcherOne 1.0	0	98.41	98.57	-1.13	2	11.35	1175
jcz.linio.Linio 2.0.H	0	89.45	97.14	-0.86	1	58.94	415
jd.Nullstride 2.3.0	0	17.06	0.00	-2.42	2	94.25	
jdw.Hornet 1.0	0	96.69	98.57	-1.49	2	35.11	963
jep.nano.Hawkwing 0.4.1	0	90.85	97.14	-7.79	1	37.96	910
jep.nano.Hotspur 0.1	0	99.11	100.00	0.06	1	39.19	878
jep.Terrible 0.4.1	0	95.84	100.00	-1.62	2	44.60	755
jeremyreeder.Bully 1	0	87.49	97.14	-7.57	2	36.22	940
jeremyreeder.collective.Prophet 5	0	95.92	97.14	-2.33	1	32.19	1012
jeremyreeder.Vincent 2011.12.09	0	96.22	98.10	-0.84	3	35.63	950
jf.Dodger 1.3	0	99.11	100.00	0.02	1	33.99	975
jgap.JGAP12584 1.0	0	98.13	97.14	-0.62	1	6.63	1195
jgap.JGAP130166 1.0	0	86.76	100.00	-11.25	1	24.71	1090
jgap.JGAP23423 1.0	0	97.31	100.00	0.61	1	27.60	1063
jgap.JGAP6139 1.0	0	90.54	100.00	0.91	1	32.18	1013
jgap.JGAP7247_2 1.0	0	95.56	100.00	0.32	3	16.78	1142
jgap.JGAP7958 1.0	0	85.17	97.14	-6.02	1	34.91	967
jje.BagPuss 1.2	0	92.90	97.14	-2.39	1	45.58	738
jk.mega.DrussGT 3.1.16	0	38.31	25.71	5.02	1	92.60	3
jk.melee.Neuromancer 7.12	0	51.57	42.86	0.10	1	86.59	19
jk.nano.Machete 2.0	0	63.60	92.86	-11.59	2	62.72	342
jk.precise.EnergyDome 1.8	0	100.00	100.00	14.50	1	56.27	487
jk.precise.Wintermute 0.8	0	71.44	88.57	12.65	1	84.59	29
jmcd.BeoWulf 2.8	0	84.83	97.14	1.25	2	57.89	442
joe.ADinosaur 1.0	0	94.07	98.57	-2.29	2	46.15	729
josago.Jorgito 0.16	0	91.33	98.10	3.68	3	49.08	640
jp.SineWall 1.0	0	94.51	97.14	-2.81	1	28.74	1052
jrm.Test0 1.0	0	93.60	98.57	-2.09	2	42.96	801
js.PinBall 1.6	0	95.30	98.57	-1.50	2	47.27	696
jsal.Jsalbot 1.0	0	97.10	100.00	0.18	1	25.83	1075
justin.DemonicRage 3.20	0	82.82	100.00	18.73	1	81.05	67
jw.Booring 1.11	0	80.86	92.86	7.30	2	58.95	414
jwirde.Gort 2.0	0	98.66	100.00	0.34	1	38.38	899
jwst.DAD.DarkAndDarker 1.1	0	84.79	94.29	-1.34	1	63.60	317
kanishk.Fr0z3n 1.1	0	98.81	97.14	-0.89	1	22.49	1102
kano.gamma.KanoGamma 1.8	0	81.34	88.57	-8.29	1	49.78	621
kawam.kmBot9 1.0	0	93.88	97.14	-3.28	1	43.11	797
kawigi.f.FhqwhgadsMicro 1.0	0	80.73	94.29	-2.30	2	64.51	293
kawigi.micro.Shiz 1.1	0	96.30	97.14	-2.64	1	40.75	849
kawigi.nano.ThnikkaBot 0.9	0	96.15	100.00	-0.35	1	47.14	700
kawigi.robot.Girl 1.2	0	94.14	100.00	0.99	1	42.07	823
kawigi.sbf.FloodMicro 1.5	0	100.00	100.00	1.43	1	47.13	701
kawigi.sbf.FloodNano 1.2	0	94.39	97.14	2.68	1	45.19	746
kawigi.sbf.Teancum 1.3	0	76.86	88.57	2.87	1	59.63	403
kawigi.spare.SpareParts 0.7.6nosnd	0	96.78	100.00	3.31	2	45.14	747
kb.PingPong 1.0	0	99.65	100.00	-0.09	2	13.59	1164
kc.mega.BeepBoop 2.0	0	16.53	0.00	-3.78	1	95.02	1
kc.micro.Needle 0.101	0	75.11	91.43	-1.25	2	69.36	183
kc.micro.rammer.MaxRisk 0.6	0	63.33	94.29	-7.20	1	56.44	480
kc.nano.Splinter 1.2	0	82.30	94.29	-2.18	1	58.11	438
kc.serpent.WaveSerpent 2.11	0	55.54	71.43	7.59	1	86.68	15
kcn.percept.PerceptBot 2.3	0	97.47	100.00	-1.34	1	36.00	942
kenran.mega.Pantheist 1.1	0	68.32	81.43	-2.40	2	72.73	142
kinsen.melee.Angsaichmophobia 1.8c	0	85.40	91.43	-3.11	1	56.74	473
kinsen.nano.Charp 1.0	0	73.16	91.43	-1.70	2	58.69	422
kinsen.nano.Hoplomachy 1.6	0	97.44	100.00	1.58	1	49.69	624
kinsen.nano.Senticous 1.0	0	83.98	94.29	1.71	1	47.61	686
KiraNL.Chupacabra 0.5	0	76.92	88.57	-0.06	1	64.36	297
KiraNL.SpaceKees 0.1	0	90.47	100.00	3.93	1	48.01	673
kjc.etc.Dharok 1.0	0	84.37	91.43	-11.75	1	43.37	791
kjc.Karaykan 1.0	0	96.96	100.00	2.20	1	22.05	1108
kjc.MailManX 2.0	0	93.99	97.14	-0.05	1	22.36	1106
klein.GottesKrieger 1.1	0	93.98	100.00	0.04	1	49.76	622
kms.Royal 0.15M	0	94.60	100.00	3.01	1	44.40	761
knackibot.KnackOnOne 0.8.1	0	90.27	94.29	-7.23	2	39.08	882
kneels.ToNoone 0.2	0	95.60	97.14	-1.60	1	33.31	989
Krabb.fe4r.Fe4r 0.4	0	92.42	100.00	-0.61	1	54.68	515
Krabb.sliNk.Garm 0.9u	0	64.73	77.14	7.23	1	83.60	36
krillr.mega.Psyche 0.0.3	0	93.55	97.14	-4.38	1	46.18	728
krillr.mini.JointStrike 2.0.0	0	85.44	97.14	-1.40	1	50.42	610
kronenthaler.Basilisk 1.0	0	97.88	100.00	0.27	1	60.97	382
kurios.DOSexe .9a	0	78.75	97.14	-8.52	1	44.51	759
kvk.HebusLeTroll 0.41	0	82.66	94.29	-2.20	1	61.46	367
labg.Cataclysm 2.05	0	88.26	95.71	2.45	2	58.17	435
lancel.Lynx 1.09	0	63.33	80.00	1.78	2	77.70	93
lazarecki.mega.PinkerStinker 0.7	0	81.30	94.29	16.66	1	69.26	186
learn.ISmart 2.0s	0	79.98	94.29	9.26	1	62.35	351
leb.ShootAnArrow 0.1	0	92.04	97.14	-3.26	1	31.24	1025
lechu.Lechu 1.1	0	92.54	94.29	-4.36	1	44.49	760
Legend.Biogon 1.5	0	99.04	100.00	1.69	1	49.21	635
Legend.BoulderZY 1.4.9	0	94.51	97.14	-1.87	1	44.73	752
Legend.X_FireFly 1.3	0	92.53	100.00	-1.74	1	51.08	592
lion.Kresnanano 1.0	0	93.71	97.14	0.19	1	42.41	815
lj.Dapps 0.2	0	82.25	97.14	0.32	1	62.79	338
lk.nano.Avesnar 1.1	0	96.70	100.00	0.99	1	49.50	628
lmk.ACPFinal 0.2	0	98.40	100.00	-0.31	1	35.73	949
Lo_Ian.Gandalf_V4 4.0	0	99.15	100.00	0.66	1	38.89	888
logiblocs.Fire 1.0	0	98.84	100.00	0.31	2	4.27	1198
lorneswork.Predator 1.0	0	89.44	94.29	-7.28	1	42.96	800
lrem.micro.MoggFanatic 0.2	0	89.94	97.14	-1.20	2	50.98	594
lrem.Spectre 0.4.4	0	87.94	100.00	0.73	1	56.60	474
lunchie.Lunchbox 0.93	0	93.32	98.57	-0.53	2	36.26	938
lundal.Mark8 2012.09.15	0	99.08	100.00	0.30	1	38.98	885
lw.LuthersTest 0.1	0	100.00	100.00	0.87	1	8.09	1194
lxx.ConceptA 0.8	0	79.80	94.29	-5.94	1	70.17	166
lxx.Emerald 0.6.5	0	92.58	97.14	-1.13	1	69.03	191
lxx.Tomcat 3.68	0	59.33	71.43	13.97	2	87.70	10
m3thos.Eva00 1.1	0	99.98	100.00	1.30	2	41.01	844
m3thos.Eva02 0.7.1	0	90.96	95.71	-1.32	2	51.48	583
m3thos.mini.Eva01 0.5.5	0	95.23	100.00	0.35	1	38.90	887
ma.is.fon.rs.RobotA 0.01	0	99.70	100.00	1.03	1	17.85	1138
madmath.Cow 0.1.1	0	95.07	97.14	-1.99	1	22.45	1104
mae.Mae1 1.1	0	100.00	100.00	0.36	1	15.93	1148
mahrgell.mahrram 1.3	0	65.00	91.43	-14.24	1	50.48	608
marcinek.TopGun 1.3	0	94.89	100.00	-0.31	1	43.56	786
maribo.FollowFire 1.11	0	64.76	91.43	-10.95	1	48.63	653
maribo.IotaCT 1.0	0	95.69	100.00	0.98	1	42.15	820
maribo.melee.BMV 0.1	0	97.58	100.00	0.03	1	42.52	814
maribo.Omicron 1.0	0	93.96	100.00	-2.17	1	52.51	561
marksteam.Phoenix 1.0	0	88.11	94.29	-4.92	1	46.44	719
matt.advanced.Katana 1.0	0	94.71	100.00	0.66	1	35.98	943
matt.BlueMind 0.8.00	0	97.97	100.00	0.46	1	33.20	993
matt.UnderDark3 2.4.34	0	95.48	97.14	-2.13	2	31.65	1020
maye.SlashBot 1.0	0	99.61	100.00	-0.14	1	9.71	1186
mb.Beast 0.4.1	0	99.04	100.00	1.17	1	47.98	674
mbh.Mbh 0.1	0	89.44	100.00	-8.84	2	24.86	1089
mbro.BelajarBot 0.0.3	0	97.27	100.00	-1.44	1	25.35	1082
mbro.Detektor3 0.1.1	0	92.97	97.14	-5.71	1	25.68	1076
mc.Messapia 0.1.8	0	99.12	98.57	-0.31	2	11.30	1177
mc2.enemy.Original 0.9	0	89.50	90.00	-5.54	2	49.25	634
mcb.Audace 1.3	0	90.03	97.14	-3.90	1	51.75	572
McS.Spanky_test 0.1a	0	98.60	97.14	-1.10	1	12.05	1171
md.November 1.0	0	82.57	91.43	-4.60	1	43.49	788
md.Pasta 1.1	0	85.54	98.10	-0.15	3	48.43	655
md.VelociRaptor 1.3	0	90.11	98.10	-5.35	3	25.50	1079
mdouet.BotKicker 2.0	0	95.97	100.00	1.77	1	40.84	848
microtestbotpack.MicroTestBot 1.0	0	98.12	97.14	-0.86	1	38.33	902
mjhjd.MattHussey1 1.1	0	99.81	100.00	0.03	1	9.87	1184
mladjo.GnuKlub 0.1	0	87.06	97.14	1.23	1	65.12	269
mladjo.iRobot 0.3	0	75.76	88.57	-7.89	1	70.79	160
mld.DustBunny 3.8	0	97.34	100.00	-0.24	2	41.68	831
mld.Infinity 2.2	0	97.82	100.00	1.95	2	41.09	843
mld.Moebius 2.9.3	0	80.10	94.29	-0.56	1	63.97	310
mmb.Roskilde 0.5	0	94.49	97.14	-4.20	1	42.36	818
mme.NikeEnhanced 2.0	0	97.62	98.57	-1.03	2	30.86	1033
mn.Combat 3.25.0	0	64.96	82.86	16.07	1	83.24	38
mn.micro.perceptual.Mimic 1.0.0	0	71.67	85.71	-8.48	1	35.59	951
mn.nano.perceptual.Impact 1.3.0	0	63.23	88.57	-8.23	1	55.44	502
morbid.MorbidPriest 1.0	0	90.09	97.14	-1.67	1	53.40	540
ms.Ares 0.19	0	87.22	91.43	-4.98	2	58.98	412
muf.CrazyKitten 0.9	0	82.29	94.29	0.04	1	59.92	400
mwj.A1176183 1.0	0	98.38	97.14	-1.35	1	18.93	1129
myl.micro.Avipes 1.00	0	83.72	97.14	2.90	2	64.48	291
myl.micro.Troodon 1.10	0	98.78	100.00	0.07	1	45.28	741
myl.nano.Graviton 1.10	0	97.74	97.14	-1.48	1	35.47	954
myl.nano.Kakuru 1.20	0	79.81	97.14	2.97	1	52.80	555
myl.nano.KomoriNinja 1.1	0	93.47	97.14	-2.61	1	44.56	757
mym.EdgeStalker 1.0	0	99.69	100.00	-0.04	2	11.35	1176
mz.Movement 1.8	0	90.57	97.14	-5.10	2	46.72	709
mz.NanoDeath 2.56	0	62.69	88.57	-10.98	1	54.75	514
mz.NanoGod 2.02	0	91.77	94.29	-5.70	1	49.91	620
nammyung.ModelT 0.23	0	97.89	97.14	-1.45	2	38.36	900
nan.Ihivatar_Mk_1 1.0	0	88.42	94.29	-6.58	1	56.28	486
nanoskank.NanoSkank 1.0	0	86.73	100.00	-7.34	1	38.93	886
nat.BlackHole 2.0gamma	0	72.88	91.43	9.91	1	74.38	125
nat.micro.Reepicheep 0.1a	0	87.23	100.00	-0.37	1	54.74	513
nat.Samekh 0.4	0	74.67	88.57	11.55	1	76.16	108
ncj.MoxieBot 1.0	0	98.81	97.14	1.72	1	9.92	1183
NDH.GuessFactor 1.0	0	79.02	88.57	-4.74	1	41.98	825
ndn.DyslexicMonkey 1.1	0	94.46	100.00	-1.45	1	46.30	723
ne.Chimera 1.2	0	76.12	85.71	-10.08	1	52.43	562
nexus.Experimental 0.2	0	95.64	97.14	-2.47	1	41.18	837
nexus.One 1.0	0	97.62	100.00	0.22	1	39.42	875
nexus.Prototype 1.0	0	84.51	97.14	-9.68	1	33.96	979
nexus.Two 0.2	0	97.22	100.00	0.70	1	37.89	913
NG.LegatusLegionis 1.2	0	96.33	100.00	0.46	1	35.24	962
ngf.nano.Sparky 0.1.5	0	81.48	94.29	-3.00	1	56.98	465
nic.Nicator 2.4	0	90.71	97.14	-3.16	1	50.97	595
nic.SnippetBot 1.0	0	98.79	100.00	0.41	1	32.19	1011
non.mega.NaN 0.1	0	70.11	85.71	-8.82	1	60.08	399
non.mega.NoName 0.0	0	84.83	97.14	2.13	1	52.95	550
nosteel.Welby 0.0.3	0	94.51	100.00	0.46	1	46.59	714
ntc.Cannon 1.12test	0	72.72	87.14	-0.20	2	64.65	286
ntc.Evader 1.2	0	94.45	97.14	-3.36	1	42.58	813
ntc.Knowledge 1.1	0	87.96	94.29	-3.04	1	49.13	639
ntc.Lasers.Lasers 0.9	0	89.54	97.14	1.37	1	47.16	699
ntc.Plains 0.9	0	95.16	100.00	-2.94	1	41.93	826
ntc.Swim 0.9	0	89.07	97.14	1.41	1	42.37	816
ntw.Sighup 1.5	0	84.42	94.29	-8.33	1	31.38	1023
ntw.Sigsys 1.6	0	95.73	100.00	-0.74	1	32.48	1008
nz.A7Ibwenape A7Ibwen1.0	0	99.48	100.00	0.21	3	5.43	1197
nz.jdc.micro.HedgehogP 1.2	0	81.49	91.43	4.72	1	65.92	249
nz.jdc.nano.AralR 1.1	0	92.10	100.00	3.16	1	57.48	455
nz.jdc.nano.AralT 1.1	0	89.90	97.14	-0.19	1	57.07	463
nz.jdc.nano.NeophytePRAL 1.4	0	90.27	98.57	3.85	2	63.11	329
nz.jdc.nano.NeophyteSRAL 1.3	0	94.26	95.71	-2.84	2	59.18	408
nz.jdc.nano.PralDeGuerre 1.2	0	79.83	94.29	1.06	2	64.97	275
nzeemin.Izh 0.5	0	95.44	97.14	-2.87	1	30.98	1031
oa.weak.BotherBot 0.1	0	96.87	100.00	-0.20	1	27.55	1064
oa.weak.FlyMk1 0.1	0	96.96	97.14	-1.13	1	24.87	1088
ola.Puffin 1.0	0	97.01	97.14	-1.67	1	25.88	1074
omens.CannonfodderMicro 1.4	0	94.75	97.14	-1.61	1	43.10	798
omens.CannonfodderNano 1.4	0	97.15	100.00	0.32	1	26.84	1067
oog.mega.saguaro.Saguaro 1.0	0	70.56	82.86	23.26	1	91.87	4
oog.melee.Capulet 1.2	0	86.42	95.24	-5.17	3	51.48	586
oog.melee.Mercutio 1.0	0	94.95	100.00	-1.49	1	47.95	675
oog.nano.Caligula 1.15	0	65.47	88.57	-11.11	1	65.00	274
oog.nano.Fuatisha 1.1	0	77.70	91.43	1.45	1	63.86	314
oog.nano.MagicD2 2.4	0	90.73	97.14	-1.39	1	47.28	694
oog.nano.SavantVS 1.1	0	95.70	100.00	-1.42	1	49.63	626
oog.nano.SavantWS 0.1	0	94.79	98.57	-2.72	2	35.43	957
oog.PricklyPear 1.0.6	0	73.44	82.86	4.19	3	77.76	92
pa.Improved 1.1	0	99.21	100.00	-0.09	1	27.96	1060
pa3k.Manta 1.20	0	96.11	100.00	7.22	1	45.76	734
pa3k.Quark 1.02	0	86.82	94.29	0.38	2	53.19	547
pa3k.Viper 5.03	0	86.85	94.29	4.80	1	60.58	388
pac.ABC 2.1	0	97.83	97.14	-1.41	1	19.06	1127
pak.Dargon 1.0b	0	99.29	100.00	0.28	3	32.67	1002
pak.JakeTheTestingRobot .1b	0	96.49	100.00	-0.15	1	36.30	937
paket.MojRobot 1.0	0	100.00	100.00	1.45	1	9.03	1190
panzer.Panzer 0.2	0	93.62	100.00	0.48	1	41.16	840
paolord.TheHulk 1.0	0	98.26	100.00	-1.35	2	35.46	956
patson.PatsonTestBot 1.0	0	94.76	100.00	0.93	2	37.37	918
paulk.PaulV3 1.7	0	74.31	88.57	1.22	1	70.03	170
pb.Oscillator 1.0	0	95.51	100.00	-2.56	3	18.65	1130
pbg.NinjaX 1.2	0	97.25	97.14	-2.28	1	21.30	1112
pc.Wavelet 1.5	0	30.65	11.43	-16.00	1	87.07	13
pe.minimelee.SandboxMiniMelee 1.1	0	91.01	94.29	-5.18	1	47.43	691
pe.SandboxDT 3.02	0	66.92	80.00	6.90	2	78.09	90
pe.SandboxLump 1.52	0	77.08	88.57	-1.68	1	66.82	231
pedersen.Ugluk 1.0	0	77.64	88.57	6.92	1	71.06	157
penguin.Ivy 1.1r	0	87.35	95.71	8.83	2	64.95	277
penguin.Joker .611wr	0	80.44	94.29	9.61	1	69.64	181
penguin.MrFreeze 1.0a	0	85.94	100.00	7.58	1	69.93	174
pez.mini.ChironexFleckeri 0.5	0	83.60	97.14	4.70	1	65.50	259
pez.mini.Tityus 0.9.1	0	63.61	80.00	-7.90	2	72.46	144
pez.mini.VertiLeach 0.4.0	0	72.94	82.86	-2.68	1	67.76	219
pez.mini2.Pugilist 2.5.15	0	64.27	65.71	-1.61	1	80.35	73
pez.nano.Icarus 0.3	0	90.85	97.14	-5.93	1	46.01	732
pez.nano.LittleEvilBrother 0.1	0	95.95	98.57	-2.27	2	41.81	828
pez.rumble.CassiusClay 2rho.02no	0	56.45	58.57	-1.36	2	83.60	35
pfvicm.Sobieski 7.2.3b	0	92.01	97.14	-4.39	1	50.49	606
ph.Thinker 0.2.5	0	85.82	91.43	-9.73	1	44.42	762
pi.Dark 10	0	80.85	94.29	2.88	1	55.13	506
PK.Twardy 0.4.2	0	96.74	98.57	-0.97	2	38.05	908
pkdeken.Paladin 1.0	0	94.05	100.00	2.03	1	51.95	567
pl.Drum 0.1	0	79.74	90.00	-4.29	2	60.51	390
pl.Patton.GeneralPatton 1.54	0	80.96	92.86	1.02	2	62.32	350
pl.robocode.Pacyfista 1.0	0	98.38	98.57	-0.88	2	38.51	895
pla.Memnoch 0.5	0	96.60	100.00	0.27	2	44.28	767
pmc.SniperBot 1.0	0	80.86	98.57	-11.44	2	41.46	832
populations.TrainStoopidbot 0.01	0	93.75	97.14	-2.86	1	45.69	736
positive.Portia 1.26e	0	70.35	84.29	10.48	2	81.53	63
povik.nano.Smilee 0.2.1	0	90.20	100.00	3.45	1	29.80	1043
projectx.TestNano 1.0	0	88.87	98.57	-2.55	2	30.32	1038
PSW.Relentless 0.1	0	83.31	97.14	-14.62	1	25.96	1073
pulsar.Nanis 0.3	0	93.98	98.57	-0.68	2	50.26	612
pulsar.PulsarMax 0.8.9	0	51.20	62.86	-7.83	1	84.16	31
pulsar.PulsarNano 0.2.4	0	97.08	100.00	-0.05	1	50.49	607
qohnil.blot.BlotBot 3.61	0	86.16	97.14	8.52	1	62.36	349
qualidafial.MajorDick 1.0.1	0	96.10	98.57	-2.64	2	28.45	1055
Queens_teamrobot.UltraRazor 1.0	0	97.49	97.14	-1.69	1	28.07	1059
qwaker00.Gandhi 1.2	0	95.37	100.00	-0.89	2	48.92	642
radnor.DoctorBob 1.42	0	97.79	98.57	-1.25	2	50.71	600
radnor.RamRod 1.0	0	65.65	91.43	-10.20	2	51.69	576
rampancy.Durandal 2.2d	0	76.92	85.71	5.34	1	67.94	216
rampancy.micro.Epiphron 1.0	0	98.92	100.00	0.62	2	33.15	995
rapture.Rapture 2.13	0	96.01	98.57	-1.26	2	47.36	693
ratosh.nano.Debo 1.36	0	88.37	100.00	-1.46	1	47.17	698
ratosh.Wesco 1.4	0	94.94	97.14	-2.25	1	46.62	711
rc.RCBot 2.0	0	92.36	100.00	-3.47	2	48.32	663
rcp.Kuramatron 1.0	0	74.05	97.14	-8.96	3	48.80	645
rdm.Dueler 0.4x	0	89.78	97.14	3.35	1	62.44	344
rdm.Grasshopper 0.5e	0	93.04	97.14	-1.48	1	54.05	527
rdm.WallRider 0.5c	0	87.82	97.14	-5.69	1	40.77	850
rdt.AgentSmith.AgentSmithRedux 0.02	0	93.87	100.00	-1.43	1	65.17	266
rdt.Wraith.Wraith 0.3	0	85.79	97.14	6.65	1	72.28	145
reeder.caden.Elmo 1	0	99.14	100.00	-0.31	1	16.08	1145
reeder.caden.Grover 1.0	0	98.65	97.14	-0.79	1	16.07	1146
reeder.colin.WallGuy3 1.0	0	92.72	97.14	-3.34	1	32.64	1004
repositorio.NanoStep 1.0	0	97.80	100.00	-0.99	1	36.97	924
rfj.Sunburn 1.1	0	85.38	91.43	-4.99	1	44.53	758
rh.abs.Xwing 2.1	0	69.69	82.86	0.73	1	73.04	137
rh.Intra 2.1DomoKN	0	66.34	80.00	4.61	1	80.58	71
rijteam.SmartDodge 1.1	0	97.81	100.00	-0.50	2	19.42	1126
rnatest.MendelBot 1.0	0	96.57	97.14	-0.57	1	16.60	1143
robar.haiku.Spike 1.0	0	93.56	100.00	-1.65	1	38.39	898
robar.micro.Gladius 1.15	0	75.97	91.43	-8.12	1	65.64	254
robar.nano.Assertive 0.3	0	84.39	97.14	3.08	2	56.52	475
robar.nano.Breeze 0.3	0	80.26	91.43	-8.44	1	47.88	679
robar.nano.Mosquito 1.1	0	97.81	100.00	0.58	1	51.93	568
robin.SCALPBot 1.0	0	94.69	100.00	-1.77	1	28.49	1054
robin.ScalpBotC 1.0	0	95.13	100.00	-1.27	1	28.43	1056
robo.PartsBot 1.1	0	98.95	100.00	0.35	1	41.70	829
RobotMarco.MarcoV 0.1	0	99.99	100.00	0.29	2	11.36	1174
robots.Lucky 1.2	0	96.73	100.00	0.13	2	33.30	990
romz.robot.circular.WildRabbit 0.9.6	0	92.03	100.00	-1.70	1	46.44	718
romz.robot.guessfactor.TeasingFox 0.2	0	87.42	98.10	0.20	3	46.57	715
romz.robot.Test 0.1.0	0	87.31	100.00	-0.36	1	44.96	749
rsalesc.mega.Knight 0.6.28	0	46.44	37.14	4.58	1	87.71	11
rsalesc.roborio.Roborio 1.2.4	0	56.08	47.14	7.86	2	85.34	22
rsim.micro.uCatcher 0.1	0	100.00	100.00	1.48	1	28.83	1049
ruc.nano.Zealot 0.2	0	89.99	97.14	-5.69	1	43.89	779
rus.vv.Dzhigit 1.1	0	92.04	98.57	-6.56	2	37.28	919
rus.vv.Snezhok 1.1	0	94.99	97.14	-2.59	1	30.65	1035
ry.VirtualGunExperiment 1.2.0	0	82.71	97.14	2.64	1	72.97	141
rz.Apollon 0.23	0	69.73	85.71	-9.78	1	76.60	103
rz.HawkOnFire 0.1	0	95.57	97.14	-3.86	1	47.79	684
sadoner.killer 0.2	0	86.55	100.00	-2.39	1	48.39	659
sam.ChipmunkDuelist 1.0	0	93.10	97.14	-0.61	1	48.36	661
sam.Samspin 1.0	0	97.23	100.00	-1.25	1	33.26	992
sample.Corners 1.0	0	99.00	97.14	-0.65	1	10.92	1179
sample.Crazy 1.0	0	98.42	100.00	-1.16	1	9.66	1187
sample.MyFirstJuniorRobot 1.0	0	96.73	97.14	-2.24	1	15.00	1153
sample.MyFirstRobot 1.0	0	98.47	97.14	0.29	1	13.39	1167
sample.RamFire 1.0	0	88.90	97.14	-10.76	1	14.01	1158
sample.SpinBot 1.0	0	99.93	100.00	0.24	3	17.64	1139
sample.VelociRobot 1.0	0	97.95	97.14	-0.93	1	15.13	1152
sample.Walls 1.0	0	99.48	100.00	-0.29	1	21.02	1114
sanja.First 0.1	0	97.03	100.00	-1.71	2	18.04	1135
sanyi.mikrobi.Roberto 1.0	0	94.31	97.14	-1.41	1	28.77	1050
satan.R0 0.2	0	88.01	100.00	1.17	1	44.15	770
sch.Simone 0.3d	0	97.61	100.00	-0.38	1	44.99	748
scheronimus.AntiRebel 1.1	0	88.20	94.29	-7.10	2	59.61	402
scheronimus.NanoScheroBot 1.0	0	92.85	97.14	-5.38	1	42.66	806
scheronimus.ScheroBot 2.3	0	97.10	100.00	-0.48	1	46.58	710
seed.Anastasia 1.0	0	82.82	82.86	-9.25	1	32.77	1001
seed.Weed 3.0.2	0	85.29	94.29	-4.34	2	60.07	398
serenity.moonlightBat 1.17	0	97.50	100.00	1.25	1	52.87	552
serenity.nonSense 1.39	0	81.06	94.29	-6.86	2	57.86	443
serenity.serenityFire 1.29	0	86.07	94.29	-6.54	2	57.67	450
SFS.SamsSecondRobot 1.0	0	99.90	100.00	0.52	2	13.63	1162
sgp.JollyNinja 3.53	0	80.46	87.62	-4.45	3	51.49	585
sgp.MadHatter 4.13	0	93.01	100.00	-1.72	1	49.26	633
sgp.nano.FurryLeech 1.0	0	99.97	100.00	0.87	1	41.00	845
sgp.ShiningBeetle 1.1	0	92.10	98.57	-0.92	2	40.51	855
sgp.SleepingGoat 1.1	0	89.61	97.14	-3.49	1	41.21	835
SHAM.WOW 1.4	0	80.01	94.29	1.03	1	65.53	257
sheldor.melee.nano.TestMelee 0.1	0	94.02	100.00	0.42	3	42.64	811
sheldor.micro.Continuation 1.1	0	72.32	91.43	10.71	1	77.57	95
sheldor.micro.Epeeist 3.7	0	73.56	90.00	4.73	2	76.99	100
sheldor.micro.EpeeistDC 3.0	0	70.47	82.86	4.46	1	76.49	105
sheldor.micro.PointInLineRRAL 1.0	0	81.76	94.29	-3.70	2	68.63	204
sheldor.mini.Foilist 1.3.1	0	65.98	80.00	6.03	1	82.96	41
sheldor.mini.FoilistMC 1.0	0	78.00	94.29	10.09	1	82.70	46
sheldor.nano.Sabreur 1.1.2	0	64.62	90.48	-9.80	3	66.03	246
sheldor.nano.SabreuseNano 1.1	0	65.20	91.43	-8.60	2	63.40	321
shrub.Silver v048	0	96.09	97.14	-1.64	1	39.66	873
shrub.Vapour v159	0	82.17	91.43	-3.13	1	57.26	459
shu.nitro.LENIN .T34	0	88.52	95.71	1.25	2	51.54	582
sigterm.Sigterm 1.0	0	91.70	100.00	0.25	1	43.62	785
simonton.micro.WeeklongObsession 3.4.1	0	75.05	88.57	10.32	1	73.34	136
SK.SimpleKiller 1.0	0	96.58	100.00	-0.63	1	18.15	1133
skm.butterfly 1.0	0	99.30	100.00	-0.22	2	20.49	1119
skm.PateranBotlock2 1.0	0	99.95	100.00	0.19	1	13.61	1163
skm.Ryubot 1.0	0	99.90	100.00	0.16	1	15.56	1150
sL300.Mozart life	0	76.96	88.57	-3.09	1	54.10	526
slugzilla.Basilisk 3.9	0	71.23	85.71	3.00	1	78.13	89
slugzilla.ButtHead 2.0	0	62.41	88.57	-13.70	2	65.85	251
slugzilla.Parallax 0.1	0	82.16	97.14	-2.15	1	55.71	499
slugzilla.SNGGF 1.0	0	96.03	100.00	0.59	1	52.66	559
sng.arco.Arco 0.0	0	98.76	100.00	-0.46	2	35.41	958
snowman.Snowman 1.0	0	99.84	100.00	0.11	1	10.00	1181
sos.SOS 1.0	0	88.28	94.29	-1.14	1	65.21	265
sp.AstherNano 1.0	0	96.52	97.14	-1.57	2	29.21	1046
spartancompany.Spartan2 1.0	0	99.99	100.00	0.44	2	12.45	1170
spin.Bugstard 0.012b	0	94.22	97.14	1.40	1	38.25	903
spinnercat.haiku.Refrigerator 1.1	0	86.08	100.00	-2.98	1	34.09	974
spinnercat.Limit .01	0	95.83	98.57	-2.89	2	23.67	1094
spinnercat.mega.Tardis 1.2	0	77.14	88.57	1.39	1	68.02	213
spinnercat.Robovirus 2.718	0	86.07	97.14	0.14	1	63.88	312
squidM.SquidmanNano 1.0	0	96.75	100.00	1.37	1	41.10	842
squidM.SurfinUSA 1.0	0	98.04	100.00	0.41	2	58.97	410
staticline.whiskey.Whiskey 0.6	0	82.50	97.14	3.34	1	63.10	330
steff.Rebel 2.1	0	93.27	100.00	-0.03	1	56.78	469
stelo.Chord 1.0	0	77.55	91.43	-3.57	2	73.93	130
stelo.FretNano 1.1	0	84.65	94.29	-3.92	1	45.43	739
stelo.Lifestealer 1.0	0	74.50	94.29	-12.24	1	33.29	991
stelo.MatchupAGF 1.1	0	64.53	72.86	-1.07	2	68.10	212
stelo.Mirror 1.1	0	62.15	77.14	-8.54	2	62.01	354
stelo.MirrorMicro 1.1	0	73.16	82.86	-11.19	1	50.51	605
stelo.MirrorNano 1.4	0	70.67	85.71	-17.78	1	42.88	802
stelo.MoojukNano 1.2	0	84.45	97.14	-2.52	1	43.26	793
stelo.PatternRobot 1.0	0	100.00	100.00	0.36	1	23.91	1093
stelo.RamTrackSurfer 1.2	0	81.54	91.43	-0.81	1	61.28	374
stelo.UntouchableNano 1.4	0	85.45	97.14	-3.84	1	51.60	579
step.NanoBidu 1.0	0	90.19	97.14	-3.68	1	48.30	664
step.nanoPri 1.0	0	74.04	100.00	-5.31	1	47.94	676
stf.PanzerGeneral 0.1	0	86.28	100.00	-0.13	1	52.28	564
stordy.StordyBot 1.0	0	96.58	100.00	-0.91	2	38.17	905
stranger.nano.TestBot 1.0	0	86.35	97.14	-7.25	1	42.13	822
strider.Mer 1.1.0	0	95.63	100.00	1.91	1	45.39	740
stuff.Vlad 0.1	0	90.02	100.00	1.95	1	40.88	847
suh.micro.WallPM 1.00	0	84.14	94.29	2.64	1	49.60	627
suh.nano.CornerRL 1.00	0	91.38	97.14	-2.79	1	40.33	862
suh.nano.CrossC 1.00	0	98.40	100.00	0.39	1	34.00	976
suh.nano.CrossH 1.00	0	100.00	100.00	0.44	1	27.22	1065
suh.nano.CrossL 1.00	0	99.02	100.00	0.17	1	31.95	1015
suh.nano.MirrorH 1.01	0	96.61	97.14	-2.54	1	37.14	922
suh.nano.MirrorL 1.00	0	99.30	100.00	1.30	1	41.66	830
suh.nano.MyFirstAdvancedRobot 1.00	0	99.23	100.00	-0.02	1	26.62	1069
suh.nano.RammingC 1.00	0	71.37	97.14	-6.76	1	49.20	637
suh.nano.StopAndGoL 1.01	0	97.69	98.57	-1.44	2	43.26	794
suh.nano.TargetC 1.00	0	98.14	100.00	0.14	2	21.75	1109
suh.nano.TargetH 1.00	0	96.94	98.57	-2.69	2	18.97	1128
suh.nano.TargetL 1.00	0	98.44	100.00	-0.18	2	19.84	1123
suh.nano.TargetR 1.00	0	96.76	100.00	1.16	2	14.66	1156
sul.Bicephal 1.2	0	64.76	92.38	-8.17	3	56.51	477
sul.BlueBot 1.0	0	100.00	100.00	0.49	1	39.93	867
sul.NanoR2 1.32	0	93.84	98.57	-2.66	2	45.20	743
supersample.SuperBoxBot 1.0	0	99.98	100.00	1.36	1	38.77	889
supersample.SuperCorners 1.0	0	91.37	100.00	-2.65	1	44.28	766
supersample.SuperRamFire 1.0	0	76.97	94.29	-9.72	1	50.95	596
supersample.SuperSpinBot 1.0	0	88.98	97.14	-4.73	1	42.67	808
supersample.SuperTracker 1.0	0	93.17	97.14	-3.10	1	38.77	890
supersample.SuperTrackFire 1.0	0	97.73	100.00	1.88	1	34.69	968
supersample.SuperWalls 1.0	0	94.86	100.00	-1.76	1	37.95	912
suzushin7.nano.Galaxy02 1.01	0	96.64	98.57	-1.58	2	38.48	896
suzushin7.nano.Galaxy03 1.01	0	69.77	95.71	-7.74	2	50.14	616
suzushin7.nano.TargetC 1.00	0	98.83	100.00	0.80	1	22.48	1101
synapse.Geomancy 15	0	70.63	82.86	4.88	1	76.08	110
synnalagma.NeuralPremier 0.51	0	82.95	91.43	2.34	2	60.53	389
synnalagma.test.MiniNeural 1.1	0	81.36	88.57	-10.82	1	50.17	614
t3.Ripper 1.0	0	98.03	100.00	-0.11	3	38.43	897
tad.Dalek98 0.98	0	87.91	100.00	5.43	1	63.68	316
takeBot.SpinSpiral 1.2	0	98.09	100.00	1.16	1	46.25	725
takeBot.SpiralCrash 1.0	0	94.93	100.00	0.43	1	36.91	925
takeBot.WeavingWiggle 1.1	0	94.49	97.14	-2.37	2	45.86	733
tango.Recrimpo 2.51	0	85.10	100.00	-5.66	1	48.15	669
taqho.taqbot 1.0	0	84.88	91.43	-5.42	1	38.66	892
TCMI.nano.Copper 0.2	0	91.94	97.14	-5.72	1	32.54	1006
techdude.Class2C.Class2C 0.1	0	93.88	100.00	4.73	2	46.55	716
techdude.kombat.FlamingKombat 1.5	0	95.33	97.14	-3.78	1	25.11	1085
test.Fuzzer 1.0.1	0	82.33	94.29	-7.08	1	56.25	488
test.Podgy 4.0	0	82.28	94.29	-3.84	1	31.44	1022
testantiswapgun.AntiSwap 1.0	0	99.00	100.00	1.55	1	34.60	970
tex.Longbot 0.4	0	96.85	100.00	1.71	1	31.78	1016
theo.Hydrogen 2.1r	0	73.57	88.57	5.51	1	69.06	190
timmit.micro.TimXJ 0.22	0	84.97	100.00	3.92	1	58.65	423
timmit.mini.TimVA 0.43	0	76.83	91.43	-2.45	1	61.71	361
timmit.nano.TimDog 0.33	0	90.04	94.29	-8.12	1	50.23	613
timmit.TimmiT 0.22	0	88.33	97.14	-4.84	1	53.25	545
TJ.Exupery 1.39	0	76.69	88.57	-3.84	1	64.60	287
tjk.AFlatNatural 1.0	0	88.72	97.14	1.18	1	53.43	539
tjk.deBroglie rev0108	0	57.42	72.86	4.62	2	82.41	52
tk.BotOX 0.3	0	92.44	97.14	-4.34	1	20.56	1118
tkt.RedShift 1.1.CS.0	0	96.75	97.14	0.34	1	52.24	565
tlp.ThreeLeggedPig 1	0	87.99	91.43	-7.70	1	38.36	901
tobe.Fusion 1.0	0	81.95	94.29	2.26	1	53.71	534
tobe.mini.Charon 0.9	0	98.05	100.00	-0.45	1	39.31	876
tobe.Relativity 3.9	0	86.62	94.29	-4.64	1	51.63	577
tornyil.Lajcsi2.Lajcsi2sm 1.0	0	90.28	100.00	-0.07	3	46.35	720
toz.Gnome 1.1	0	88.04	94.29	-7.05	2	48.40	658
traker.Eraser 1	0	97.06	97.14	-1.48	1	53.60	535
tvv.micro.Antares 1.1.1	0	98.40	100.00	0.62	1	48.99	641
tvv.nano.Polaris 1.2	0	95.50	100.00	-1.36	1	46.77	708
ua.kiiv.kosyak.robocode.tn1.Tn1 2.0	0	90.95	97.14	-3.26	1	35.76	948
uccc.Dorito 1.12	0	95.13	100.00	-2.04	2	35.47	953
uccc.MilkyWay 1.01	0	96.31	99.05	-1.65	3	30.78	1034
uccc.RingDing 1.12	0	98.71	97.14	-0.61	1	34.33	972
uccc.Scrapple 1.0	0	100.00	100.00	0.07	1	2.21	1208
ultra.Defender 1.2	0	88.39	100.00	-0.60	1	56.77	472
unarmedlad.nano.VirginSteele 2.2	0	81.21	92.38	-7.90	3	53.36	541
ur4n0.UR4NO 1.0	0	75.20	88.57	3.87	1	75.59	115
urdos.URDOS 1.3	0	86.25	95.24	-3.17	3	58.97	411
usa.nano.Nemo 2.0	0	91.38	100.00	-1.05	1	48.83	644
velas.Alpha 1.0	0	97.99	100.00	-0.41	1	23.54	1097
velas.Beta_2_0 2.0	0	94.80	97.14	1.23	1	38.24	904
vft.Hrist 1.0	0	91.04	97.14	-0.60	1	34.65	969
vft.Valkyrie 1.0	0	85.72	94.29	-3.57	2	38.10	907
vjik.UnViolation 1.1	0	93.75	100.00	-0.64	1	41.89	827
voidious.Diamond 1.8.22	0	33.25	28.57	-3.17	1	90.17	6
voidious.Dookious 1.573c	0	65.09	82.86	16.62	1	86.41	20
voidious.perceptual.RetroGirl 1.0.0	0	94.47	100.00	1.20	1	49.66	625
vort.Chaser 0.0.3	0	74.67	98.10	-22.41	3	29.72	1044
vStar.RAFzilla 2.15	0	98.69	100.00	0.75	2	40.92	846
wcsv.Stampede 1.3.3	0	88.06	100.00	4.54	1	53.73	533
wcsv.Stampede2.Stampede2 1.1.0	0	77.30	94.29	3.95	1	74.70	120
whind.StrengthBee 0.6.4	0	75.97	94.29	10.64	1	73.39	135
whind.Wisdom 0.5.1	0	74.57	88.57	-1.24	1	51.76	574
whitesquare.robots.SkynetAdvanced 1.1	0	96.97	100.00	-0.02	1	36.40	935
WidowMakersAtWar.EpicCow 1.0	0	98.58	100.00	-0.51	1	37.95	911
wiki.BasicBulletShielder 1.0	0	99.50	98.57	-0.02	2	18.59	1131
wiki.mini.GouldingiHT 1.0	0	95.60	100.00	-2.47	1	50.57	602
wiki.nano.DevilFISH 1.0	0	96.17	100.00	-0.26	2	47.39	692
wiki.nano.Flick 1.0	0	91.52	80.00	-0.76	1	53.95	529
wiki.SuperSampleBot.SuperSittingDuck 1.0	0	99.72	100.00	-0.14	2	2.35	1206
wiki.WaveRammer 1.0	0	72.99	85.71	-5.46	1	60.60	387
winamp32.micro.MicroMacro 1.0	0	97.51	100.00	1.13	1	39.61	874
wit.Chuliath 1.0	0	97.17	98.57	-0.50	2	39.82	868
wit.Deep7 2.0	0	99.47	100.00	0.16	2	22.15	1107
wompi.Kowari 1.6	0	67.36	97.14	-5.85	2	63.44	320
xander.cat.Fiona 1.4	0	81.20	91.43	-4.35	2	66.95	226
xander.cat.Mikey 1.2	0	77.74	85.71	-8.07	1	66.93	227
xander.cat.SamAxe 1.1	0	84.07	94.29	-3.56	2	66.96	228
xander.cat.Spitfire 1.4	0	99.02	97.14	6.11	1	46.62	712
xander.cat.XanderCat 12.9	0	59.18	65.71	10.98	1	87.74	9
xiongan.Xiongan 1.1	0	96.58	100.00	-0.59	2	29.87	1041
yabot.YaBot 0.1	0	99.80	100.00	-0.03	1	8.67	1192
yagami.Tidus 0.11	0	100.00	100.00	0.60	1	45.19	745
yarghard.Y101 1.0	0	98.23	100.00	-0.97	1	40.27	864
yarhoslav.YaroBot 1.2	0	92.97	98.57	-2.21	2	35.90	945
yk.JahMicro 1.0	0	91.94	97.14	-2.86	1	31.20	1026
yk.JahRoslav 1.1	0	89.57	94.29	-4.19	2	33.44	987
zch.David 0.21	0	87.79	97.14	-10.74	1	21.66	1110
zch.Hirkan 0.11	0	95.85	97.14	-2.35	1	28.10	1058
zen.Mirage 0.9.5	0	54.79	54.29	-1.81	1	83.73	34
zen.Ronin 1.0.0	0	73.74	88.57	13.31	1	81.83	61
zezinho.QuerMePegarKKKK 1.0	0	78.36	94.29	-1.00	1	60.47	391
zh.UnderDog 0.0.2	0	98.68	98.57	-0.98	2	16.95	1141
zignd.ZigIndexOutOfRange 1.1	0	99.47	100.00	-0.21	1	15.95	1147
zyx.mega.YersiniaPestis 3.0	0	55.35	71.43	1.87	1	84.04	32
zyx.micro.Ant 1.1	0	92.84	100.00	1.48	1	58.16	436
zyx.nano.Ant 1.1	0	97.42	98.57	-1.00	2	36.21	939
zyx.nano.EscherichiaColi 1.0	0	89.74	100.00	-1.31	1	33.65	985
zyx.nano.RedBull 1.0	0	77.09	100.00	-16.44	1	40.44	857
zzx.Gron 1.14	0	98.19	100.00	0.18	1	42.06	824
zzx.Ignohis 8.0	0	91.92	97.14	-5.37	1	44.25	768
zzx.Serunyr 2.0.2	0	98.39	100.00	0.87	1	24.21	1092
